Copyright 1986-2022 Xilinx, Inc. All Rights Reserved. Copyright 2022-2024 Advanced Micro Devices, Inc. All Rights Reserved.
---------------------------------------------------------------------------------------------------------------------------------------------
| Tool Version : Vivado v.2024.2 (win64) Build 5239630 Fri Nov 08 22:35:27 MST 2024
| Date         : Sat Mar 14 21:16:37 2026
| Host         : laptop123 running 64-bit major release  (build 9200)
| Command      : report_drc -file design_1_wrapper_drc_opted.rpt -pb design_1_wrapper_drc_opted.pb -rpx design_1_wrapper_drc_opted.rpx
| Design       : design_1_wrapper
| Device       : xck26-sfvc784-2LV-c
| Speed File   : -2LV
| Design State : Synthesized
---------------------------------------------------------------------------------------------------------------------------------------------

Report DRC

Table of Contents
-----------------
1. REPORT SUMMARY
2. REPORT DETAILS

1. REPORT SUMMARY
-----------------
            Netlist: netlist
          Floorplan: design_1
      Design limits: <entire design considered>
           Ruledeck: default
             Max checks: <unlimited>
             Checks found: 674
+---------+----------+-----------------------------+--------+
| Rule    | Severity | Description                 | Checks |
+---------+----------+-----------------------------+--------+
| DPIP-2  | Warning  | Input pipelining            | 429    |
| DPOP-3  | Warning  | PREG Output pipelining      | 110    |
| DPOP-4  | Warning  | MREG Output pipelining      | 119    |
| DPREG-7 | Warning  | DSP48E2_PregDynOpmodeZmuxP: | 16     |
+---------+----------+-----------------------------+--------+

2. REPORT DETAILS
-----------------
DPIP-2#1 Warning
Input pipelining  
DSP design_1_i/cnn_accel_top_0/inst/grp_dataflow_parent_loop_proc2_fu_316/dataflow_parent_loop_proc_U0/dataflow_in_loop_Row_Loop_1_U0/compute_and_write_row4_U0/grp_compute_and_write_row4_Pipeline_Acc_TileN_Conv_KY_Conv_KX_Conv_C_fu_306/add_33s_33s_33_1_1_U164/dout input design_1_i/cnn_accel_top_0/inst/grp_dataflow_parent_loop_proc2_fu_316/dataflow_parent_loop_proc_U0/dataflow_in_loop_Row_Loop_1_U0/compute_and_write_row4_U0/grp_compute_and_write_row4_Pipeline_Acc_TileN_Conv_KY_Conv_KX_Conv_C_fu_306/add_33s_33s_33_1_1_U164/dout/A[29:0] is not pipelined. Pipelining DSP48 input will improve performance.
Related violations: <none>

DPIP-2#2 Warning
Input pipelining  
DSP design_1_i/cnn_accel_top_0/inst/grp_dataflow_parent_loop_proc2_fu_316/dataflow_parent_loop_proc_U0/dataflow_in_loop_Row_Loop_1_U0/compute_and_write_row4_U0/grp_compute_and_write_row4_Pipeline_Acc_TileN_Conv_KY_Conv_KX_Conv_C_fu_306/add_33s_33s_33_1_1_U164/dout input design_1_i/cnn_accel_top_0/inst/grp_dataflow_parent_loop_proc2_fu_316/dataflow_parent_loop_proc_U0/dataflow_in_loop_Row_Loop_1_U0/compute_and_write_row4_U0/grp_compute_and_write_row4_Pipeline_Acc_TileN_Conv_KY_Conv_KX_Conv_C_fu_306/add_33s_33s_33_1_1_U164/dout/B[17:0] is not pipelined. Pipelining DSP48 input will improve performance.
Related violations: <none>

DPIP-2#3 Warning
Input pipelining  
DSP design_1_i/cnn_accel_top_0/inst/grp_dataflow_parent_loop_proc2_fu_316/dataflow_parent_loop_proc_U0/dataflow_in_loop_Row_Loop_1_U0/compute_and_write_row4_U0/grp_compute_and_write_row4_Pipeline_Acc_TileN_Conv_KY_Conv_KX_Conv_C_fu_306/add_33s_33s_33_1_1_U164/dout input design_1_i/cnn_accel_top_0/inst/grp_dataflow_parent_loop_proc2_fu_316/dataflow_parent_loop_proc_U0/dataflow_in_loop_Row_Loop_1_U0/compute_and_write_row4_U0/grp_compute_and_write_row4_Pipeline_Acc_TileN_Conv_KY_Conv_KX_Conv_C_fu_306/add_33s_33s_33_1_1_U164/dout/C[47:0] is not pipelined. Pipelining DSP48 input will improve performance.
Related violations: <none>

DPIP-2#4 Warning
Input pipelining  
DSP design_1_i/cnn_accel_top_0/inst/grp_dataflow_parent_loop_proc2_fu_316/dataflow_parent_loop_proc_U0/dataflow_in_loop_Row_Loop_1_U0/compute_and_write_row4_U0/grp_compute_and_write_row4_Pipeline_Acc_TileN_Conv_KY_Conv_KX_Conv_C_fu_306/add_33s_33s_33_1_1_U165/dout input design_1_i/cnn_accel_top_0/inst/grp_dataflow_parent_loop_proc2_fu_316/dataflow_parent_loop_proc_U0/dataflow_in_loop_Row_Loop_1_U0/compute_and_write_row4_U0/grp_compute_and_write_row4_Pipeline_Acc_TileN_Conv_KY_Conv_KX_Conv_C_fu_306/add_33s_33s_33_1_1_U165/dout/A[29:0] is not pipelined. Pipelining DSP48 input will improve performance.
Related violations: <none>

DPIP-2#5 Warning
Input pipelining  
DSP design_1_i/cnn_accel_top_0/inst/grp_dataflow_parent_loop_proc2_fu_316/dataflow_parent_loop_proc_U0/dataflow_in_loop_Row_Loop_1_U0/compute_and_write_row4_U0/grp_compute_and_write_row4_Pipeline_Acc_TileN_Conv_KY_Conv_KX_Conv_C_fu_306/add_33s_33s_33_1_1_U165/dout input design_1_i/cnn_accel_top_0/inst/grp_dataflow_parent_loop_proc2_fu_316/dataflow_parent_loop_proc_U0/dataflow_in_loop_Row_Loop_1_U0/compute_and_write_row4_U0/grp_compute_and_write_row4_Pipeline_Acc_TileN_Conv_KY_Conv_KX_Conv_C_fu_306/add_33s_33s_33_1_1_U165/dout/B[17:0] is not pipelined. Pipelining DSP48 input will improve performance.
Related violations: <none>

DPIP-2#6 Warning
Input pipelining  
DSP design_1_i/cnn_accel_top_0/inst/grp_dataflow_parent_loop_proc2_fu_316/dataflow_parent_loop_proc_U0/dataflow_in_loop_Row_Loop_1_U0/compute_and_write_row4_U0/grp_compute_and_write_row4_Pipeline_Acc_TileN_Conv_KY_Conv_KX_Conv_C_fu_306/add_33s_33s_33_1_1_U165/dout input design_1_i/cnn_accel_top_0/inst/grp_dataflow_parent_loop_proc2_fu_316/dataflow_parent_loop_proc_U0/dataflow_in_loop_Row_Loop_1_U0/compute_and_write_row4_U0/grp_compute_and_write_row4_Pipeline_Acc_TileN_Conv_KY_Conv_KX_Conv_C_fu_306/add_33s_33s_33_1_1_U165/dout/C[47:0] is not pipelined. Pipelining DSP48 input will improve performance.
Related violations: <none>

DPIP-2#7 Warning
Input pipelining  
DSP design_1_i/cnn_accel_top_0/inst/grp_dataflow_parent_loop_proc2_fu_316/dataflow_parent_loop_proc_U0/dataflow_in_loop_Row_Loop_1_U0/compute_and_write_row4_U0/grp_compute_and_write_row4_Pipeline_Acc_TileN_Conv_KY_Conv_KX_Conv_C_fu_306/add_33s_33s_33_1_1_U166/dout input design_1_i/cnn_accel_top_0/inst/grp_dataflow_parent_loop_proc2_fu_316/dataflow_parent_loop_proc_U0/dataflow_in_loop_Row_Loop_1_U0/compute_and_write_row4_U0/grp_compute_and_write_row4_Pipeline_Acc_TileN_Conv_KY_Conv_KX_Conv_C_fu_306/add_33s_33s_33_1_1_U166/dout/A[29:0] is not pipelined. Pipelining DSP48 input will improve performance.
Related violations: <none>

DPIP-2#8 Warning
Input pipelining  
DSP design_1_i/cnn_accel_top_0/inst/grp_dataflow_parent_loop_proc2_fu_316/dataflow_parent_loop_proc_U0/dataflow_in_loop_Row_Loop_1_U0/compute_and_write_row4_U0/grp_compute_and_write_row4_Pipeline_Acc_TileN_Conv_KY_Conv_KX_Conv_C_fu_306/add_33s_33s_33_1_1_U166/dout input design_1_i/cnn_accel_top_0/inst/grp_dataflow_parent_loop_proc2_fu_316/dataflow_parent_loop_proc_U0/dataflow_in_loop_Row_Loop_1_U0/compute_and_write_row4_U0/grp_compute_and_write_row4_Pipeline_Acc_TileN_Conv_KY_Conv_KX_Conv_C_fu_306/add_33s_33s_33_1_1_U166/dout/B[17:0] is not pipelined. Pipelining DSP48 input will improve performance.
Related violations: <none>

DPIP-2#9 Warning
Input pipelining  
DSP design_1_i/cnn_accel_top_0/inst/grp_dataflow_parent_loop_proc2_fu_316/dataflow_parent_loop_proc_U0/dataflow_in_loop_Row_Loop_1_U0/compute_and_write_row4_U0/grp_compute_and_write_row4_Pipeline_Acc_TileN_Conv_KY_Conv_KX_Conv_C_fu_306/add_33s_33s_33_1_1_U166/dout input design_1_i/cnn_accel_top_0/inst/grp_dataflow_parent_loop_proc2_fu_316/dataflow_parent_loop_proc_U0/dataflow_in_loop_Row_Loop_1_U0/compute_and_write_row4_U0/grp_compute_and_write_row4_Pipeline_Acc_TileN_Conv_KY_Conv_KX_Conv_C_fu_306/add_33s_33s_33_1_1_U166/dout/C[47:0] is not pipelined. Pipelining DSP48 input will improve performance.
Related violations: <none>

DPIP-2#10 Warning
Input pipelining  
DSP design_1_i/cnn_accel_top_0/inst/grp_dataflow_parent_loop_proc2_fu_316/dataflow_parent_loop_proc_U0/dataflow_in_loop_Row_Loop_1_U0/compute_and_write_row4_U0/grp_compute_and_write_row4_Pipeline_Acc_TileN_Conv_KY_Conv_KX_Conv_C_fu_306/add_33s_33s_33_1_1_U167/dout input design_1_i/cnn_accel_top_0/inst/grp_dataflow_parent_loop_proc2_fu_316/dataflow_parent_loop_proc_U0/dataflow_in_loop_Row_Loop_1_U0/compute_and_write_row4_U0/grp_compute_and_write_row4_Pipeline_Acc_TileN_Conv_KY_Conv_KX_Conv_C_fu_306/add_33s_33s_33_1_1_U167/dout/A[29:0] is not pipelined. Pipelining DSP48 input will improve performance.
Related violations: <none>

DPIP-2#11 Warning
Input pipelining  
DSP design_1_i/cnn_accel_top_0/inst/grp_dataflow_parent_loop_proc2_fu_316/dataflow_parent_loop_proc_U0/dataflow_in_loop_Row_Loop_1_U0/compute_and_write_row4_U0/grp_compute_and_write_row4_Pipeline_Acc_TileN_Conv_KY_Conv_KX_Conv_C_fu_306/add_33s_33s_33_1_1_U167/dout input design_1_i/cnn_accel_top_0/inst/grp_dataflow_parent_loop_proc2_fu_316/dataflow_parent_loop_proc_U0/dataflow_in_loop_Row_Loop_1_U0/compute_and_write_row4_U0/grp_compute_and_write_row4_Pipeline_Acc_TileN_Conv_KY_Conv_KX_Conv_C_fu_306/add_33s_33s_33_1_1_U167/dout/B[17:0] is not pipelined. Pipelining DSP48 input will improve performance.
Related violations: <none>

DPIP-2#12 Warning
Input pipelining  
DSP design_1_i/cnn_accel_top_0/inst/grp_dataflow_parent_loop_proc2_fu_316/dataflow_parent_loop_proc_U0/dataflow_in_loop_Row_Loop_1_U0/compute_and_write_row4_U0/grp_compute_and_write_row4_Pipeline_Acc_TileN_Conv_KY_Conv_KX_Conv_C_fu_306/add_33s_33s_33_1_1_U167/dout input design_1_i/cnn_accel_top_0/inst/grp_dataflow_parent_loop_proc2_fu_316/dataflow_parent_loop_proc_U0/dataflow_in_loop_Row_Loop_1_U0/compute_and_write_row4_U0/grp_compute_and_write_row4_Pipeline_Acc_TileN_Conv_KY_Conv_KX_Conv_C_fu_306/add_33s_33s_33_1_1_U167/dout/C[47:0] is not pipelined. Pipelining DSP48 input will improve performance.
Related violations: <none>

DPIP-2#13 Warning
Input pipelining  
DSP design_1_i/cnn_accel_top_0/inst/grp_dataflow_parent_loop_proc2_fu_316/dataflow_parent_loop_proc_U0/dataflow_in_loop_Row_Loop_1_U0/compute_and_write_row4_U0/grp_compute_and_write_row4_Pipeline_Acc_TileN_Conv_KY_Conv_KX_Conv_C_fu_306/add_33s_33s_33_1_1_U178/dout input design_1_i/cnn_accel_top_0/inst/grp_dataflow_parent_loop_proc2_fu_316/dataflow_parent_loop_proc_U0/dataflow_in_loop_Row_Loop_1_U0/compute_and_write_row4_U0/grp_compute_and_write_row4_Pipeline_Acc_TileN_Conv_KY_Conv_KX_Conv_C_fu_306/add_33s_33s_33_1_1_U178/dout/A[29:0] is not pipelined. Pipelining DSP48 input will improve performance.
Related violations: <none>

DPIP-2#14 Warning
Input pipelining  
DSP design_1_i/cnn_accel_top_0/inst/grp_dataflow_parent_loop_proc2_fu_316/dataflow_parent_loop_proc_U0/dataflow_in_loop_Row_Loop_1_U0/compute_and_write_row4_U0/grp_compute_and_write_row4_Pipeline_Acc_TileN_Conv_KY_Conv_KX_Conv_C_fu_306/add_33s_33s_33_1_1_U178/dout input design_1_i/cnn_accel_top_0/inst/grp_dataflow_parent_loop_proc2_fu_316/dataflow_parent_loop_proc_U0/dataflow_in_loop_Row_Loop_1_U0/compute_and_write_row4_U0/grp_compute_and_write_row4_Pipeline_Acc_TileN_Conv_KY_Conv_KX_Conv_C_fu_306/add_33s_33s_33_1_1_U178/dout/B[17:0] is not pipelined. Pipelining DSP48 input will improve performance.
Related violations: <none>

DPIP-2#15 Warning
Input pipelining  
DSP design_1_i/cnn_accel_top_0/inst/grp_dataflow_parent_loop_proc2_fu_316/dataflow_parent_loop_proc_U0/dataflow_in_loop_Row_Loop_1_U0/compute_and_write_row4_U0/grp_compute_and_write_row4_Pipeline_Acc_TileN_Conv_KY_Conv_KX_Conv_C_fu_306/add_33s_33s_33_1_1_U178/dout input design_1_i/cnn_accel_top_0/inst/grp_dataflow_parent_loop_proc2_fu_316/dataflow_parent_loop_proc_U0/dataflow_in_loop_Row_Loop_1_U0/compute_and_write_row4_U0/grp_compute_and_write_row4_Pipeline_Acc_TileN_Conv_KY_Conv_KX_Conv_C_fu_306/add_33s_33s_33_1_1_U178/dout/C[47:0] is not pipelined. Pipelining DSP48 input will improve performance.
Related violations: <none>

DPIP-2#16 Warning
Input pipelining  
DSP design_1_i/cnn_accel_top_0/inst/grp_dataflow_parent_loop_proc2_fu_316/dataflow_parent_loop_proc_U0/dataflow_in_loop_Row_Loop_1_U0/compute_and_write_row4_U0/grp_compute_and_write_row4_Pipeline_Acc_TileN_Conv_KY_Conv_KX_Conv_C_fu_306/add_33s_33s_33_1_1_U179/dout input design_1_i/cnn_accel_top_0/inst/grp_dataflow_parent_loop_proc2_fu_316/dataflow_parent_loop_proc_U0/dataflow_in_loop_Row_Loop_1_U0/compute_and_write_row4_U0/grp_compute_and_write_row4_Pipeline_Acc_TileN_Conv_KY_Conv_KX_Conv_C_fu_306/add_33s_33s_33_1_1_U179/dout/A[29:0] is not pipelined. Pipelining DSP48 input will improve performance.
Related violations: <none>

DPIP-2#17 Warning
Input pipelining  
DSP design_1_i/cnn_accel_top_0/inst/grp_dataflow_parent_loop_proc2_fu_316/dataflow_parent_loop_proc_U0/dataflow_in_loop_Row_Loop_1_U0/compute_and_write_row4_U0/grp_compute_and_write_row4_Pipeline_Acc_TileN_Conv_KY_Conv_KX_Conv_C_fu_306/add_33s_33s_33_1_1_U179/dout input design_1_i/cnn_accel_top_0/inst/grp_dataflow_parent_loop_proc2_fu_316/dataflow_parent_loop_proc_U0/dataflow_in_loop_Row_Loop_1_U0/compute_and_write_row4_U0/grp_compute_and_write_row4_Pipeline_Acc_TileN_Conv_KY_Conv_KX_Conv_C_fu_306/add_33s_33s_33_1_1_U179/dout/B[17:0] is not pipelined. Pipelining DSP48 input will improve performance.
Related violations: <none>

DPIP-2#18 Warning
Input pipelining  
DSP design_1_i/cnn_accel_top_0/inst/grp_dataflow_parent_loop_proc2_fu_316/dataflow_parent_loop_proc_U0/dataflow_in_loop_Row_Loop_1_U0/compute_and_write_row4_U0/grp_compute_and_write_row4_Pipeline_Acc_TileN_Conv_KY_Conv_KX_Conv_C_fu_306/add_33s_33s_33_1_1_U179/dout input design_1_i/cnn_accel_top_0/inst/grp_dataflow_parent_loop_proc2_fu_316/dataflow_parent_loop_proc_U0/dataflow_in_loop_Row_Loop_1_U0/compute_and_write_row4_U0/grp_compute_and_write_row4_Pipeline_Acc_TileN_Conv_KY_Conv_KX_Conv_C_fu_306/add_33s_33s_33_1_1_U179/dout/C[47:0] is not pipelined. Pipelining DSP48 input will improve performance.
Related violations: <none>

DPIP-2#19 Warning
Input pipelining  
DSP design_1_i/cnn_accel_top_0/inst/grp_dataflow_parent_loop_proc2_fu_316/dataflow_parent_loop_proc_U0/dataflow_in_loop_Row_Loop_1_U0/compute_and_write_row4_U0/grp_compute_and_write_row4_Pipeline_Acc_TileN_Conv_KY_Conv_KX_Conv_C_fu_306/add_33s_33s_33_1_1_U180/dout input design_1_i/cnn_accel_top_0/inst/grp_dataflow_parent_loop_proc2_fu_316/dataflow_parent_loop_proc_U0/dataflow_in_loop_Row_Loop_1_U0/compute_and_write_row4_U0/grp_compute_and_write_row4_Pipeline_Acc_TileN_Conv_KY_Conv_KX_Conv_C_fu_306/add_33s_33s_33_1_1_U180/dout/A[29:0] is not pipelined. Pipelining DSP48 input will improve performance.
Related violations: <none>

DPIP-2#20 Warning
Input pipelining  
DSP design_1_i/cnn_accel_top_0/inst/grp_dataflow_parent_loop_proc2_fu_316/dataflow_parent_loop_proc_U0/dataflow_in_loop_Row_Loop_1_U0/compute_and_write_row4_U0/grp_compute_and_write_row4_Pipeline_Acc_TileN_Conv_KY_Conv_KX_Conv_C_fu_306/add_33s_33s_33_1_1_U180/dout input design_1_i/cnn_accel_top_0/inst/grp_dataflow_parent_loop_proc2_fu_316/dataflow_parent_loop_proc_U0/dataflow_in_loop_Row_Loop_1_U0/compute_and_write_row4_U0/grp_compute_and_write_row4_Pipeline_Acc_TileN_Conv_KY_Conv_KX_Conv_C_fu_306/add_33s_33s_33_1_1_U180/dout/B[17:0] is not pipelined. Pipelining DSP48 input will improve performance.
Related violations: <none>

DPIP-2#21 Warning
Input pipelining  
DSP design_1_i/cnn_accel_top_0/inst/grp_dataflow_parent_loop_proc2_fu_316/dataflow_parent_loop_proc_U0/dataflow_in_loop_Row_Loop_1_U0/compute_and_write_row4_U0/grp_compute_and_write_row4_Pipeline_Acc_TileN_Conv_KY_Conv_KX_Conv_C_fu_306/add_33s_33s_33_1_1_U180/dout input design_1_i/cnn_accel_top_0/inst/grp_dataflow_parent_loop_proc2_fu_316/dataflow_parent_loop_proc_U0/dataflow_in_loop_Row_Loop_1_U0/compute_and_write_row4_U0/grp_compute_and_write_row4_Pipeline_Acc_TileN_Conv_KY_Conv_KX_Conv_C_fu_306/add_33s_33s_33_1_1_U180/dout/C[47:0] is not pipelined. Pipelining DSP48 input will improve performance.
Related violations: <none>

DPIP-2#22 Warning
Input pipelining  
DSP design_1_i/cnn_accel_top_0/inst/grp_dataflow_parent_loop_proc2_fu_316/dataflow_parent_loop_proc_U0/dataflow_in_loop_Row_Loop_1_U0/compute_and_write_row4_U0/grp_compute_and_write_row4_Pipeline_Acc_TileN_Conv_KY_Conv_KX_Conv_C_fu_306/add_33s_33s_33_1_1_U181/dout input design_1_i/cnn_accel_top_0/inst/grp_dataflow_parent_loop_proc2_fu_316/dataflow_parent_loop_proc_U0/dataflow_in_loop_Row_Loop_1_U0/compute_and_write_row4_U0/grp_compute_and_write_row4_Pipeline_Acc_TileN_Conv_KY_Conv_KX_Conv_C_fu_306/add_33s_33s_33_1_1_U181/dout/A[29:0] is not pipelined. Pipelining DSP48 input will improve performance.
Related violations: <none>

DPIP-2#23 Warning
Input pipelining  
DSP design_1_i/cnn_accel_top_0/inst/grp_dataflow_parent_loop_proc2_fu_316/dataflow_parent_loop_proc_U0/dataflow_in_loop_Row_Loop_1_U0/compute_and_write_row4_U0/grp_compute_and_write_row4_Pipeline_Acc_TileN_Conv_KY_Conv_KX_Conv_C_fu_306/add_33s_33s_33_1_1_U181/dout input design_1_i/cnn_accel_top_0/inst/grp_dataflow_parent_loop_proc2_fu_316/dataflow_parent_loop_proc_U0/dataflow_in_loop_Row_Loop_1_U0/compute_and_write_row4_U0/grp_compute_and_write_row4_Pipeline_Acc_TileN_Conv_KY_Conv_KX_Conv_C_fu_306/add_33s_33s_33_1_1_U181/dout/B[17:0] is not pipelined. Pipelining DSP48 input will improve performance.
Related violations: <none>

DPIP-2#24 Warning
Input pipelining  
DSP design_1_i/cnn_accel_top_0/inst/grp_dataflow_parent_loop_proc2_fu_316/dataflow_parent_loop_proc_U0/dataflow_in_loop_Row_Loop_1_U0/compute_and_write_row4_U0/grp_compute_and_write_row4_Pipeline_Acc_TileN_Conv_KY_Conv_KX_Conv_C_fu_306/add_33s_33s_33_1_1_U181/dout input design_1_i/cnn_accel_top_0/inst/grp_dataflow_parent_loop_proc2_fu_316/dataflow_parent_loop_proc_U0/dataflow_in_loop_Row_Loop_1_U0/compute_and_write_row4_U0/grp_compute_and_write_row4_Pipeline_Acc_TileN_Conv_KY_Conv_KX_Conv_C_fu_306/add_33s_33s_33_1_1_U181/dout/C[47:0] is not pipelined. Pipelining DSP48 input will improve performance.
Related violations: <none>

DPIP-2#25 Warning
Input pipelining  
DSP design_1_i/cnn_accel_top_0/inst/grp_dataflow_parent_loop_proc2_fu_316/dataflow_parent_loop_proc_U0/dataflow_in_loop_Row_Loop_1_U0/compute_and_write_row4_U0/grp_compute_and_write_row4_Pipeline_Acc_TileN_Conv_KY_Conv_KX_Conv_C_fu_306/add_33s_33s_33_1_1_U192/dout input design_1_i/cnn_accel_top_0/inst/grp_dataflow_parent_loop_proc2_fu_316/dataflow_parent_loop_proc_U0/dataflow_in_loop_Row_Loop_1_U0/compute_and_write_row4_U0/grp_compute_and_write_row4_Pipeline_Acc_TileN_Conv_KY_Conv_KX_Conv_C_fu_306/add_33s_33s_33_1_1_U192/dout/A[29:0] is not pipelined. Pipelining DSP48 input will improve performance.
Related violations: <none>

DPIP-2#26 Warning
Input pipelining  
DSP design_1_i/cnn_accel_top_0/inst/grp_dataflow_parent_loop_proc2_fu_316/dataflow_parent_loop_proc_U0/dataflow_in_loop_Row_Loop_1_U0/compute_and_write_row4_U0/grp_compute_and_write_row4_Pipeline_Acc_TileN_Conv_KY_Conv_KX_Conv_C_fu_306/add_33s_33s_33_1_1_U192/dout input design_1_i/cnn_accel_top_0/inst/grp_dataflow_parent_loop_proc2_fu_316/dataflow_parent_loop_proc_U0/dataflow_in_loop_Row_Loop_1_U0/compute_and_write_row4_U0/grp_compute_and_write_row4_Pipeline_Acc_TileN_Conv_KY_Conv_KX_Conv_C_fu_306/add_33s_33s_33_1_1_U192/dout/B[17:0] is not pipelined. Pipelining DSP48 input will improve performance.
Related violations: <none>

DPIP-2#27 Warning
Input pipelining  
DSP design_1_i/cnn_accel_top_0/inst/grp_dataflow_parent_loop_proc2_fu_316/dataflow_parent_loop_proc_U0/dataflow_in_loop_Row_Loop_1_U0/compute_and_write_row4_U0/grp_compute_and_write_row4_Pipeline_Acc_TileN_Conv_KY_Conv_KX_Conv_C_fu_306/add_33s_33s_33_1_1_U192/dout input design_1_i/cnn_accel_top_0/inst/grp_dataflow_parent_loop_proc2_fu_316/dataflow_parent_loop_proc_U0/dataflow_in_loop_Row_Loop_1_U0/compute_and_write_row4_U0/grp_compute_and_write_row4_Pipeline_Acc_TileN_Conv_KY_Conv_KX_Conv_C_fu_306/add_33s_33s_33_1_1_U192/dout/C[47:0] is not pipelined. Pipelining DSP48 input will improve performance.
Related violations: <none>

DPIP-2#28 Warning
Input pipelining  
DSP design_1_i/cnn_accel_top_0/inst/grp_dataflow_parent_loop_proc2_fu_316/dataflow_parent_loop_proc_U0/dataflow_in_loop_Row_Loop_1_U0/compute_and_write_row4_U0/grp_compute_and_write_row4_Pipeline_Acc_TileN_Conv_KY_Conv_KX_Conv_C_fu_306/add_33s_33s_33_1_1_U193/dout input design_1_i/cnn_accel_top_0/inst/grp_dataflow_parent_loop_proc2_fu_316/dataflow_parent_loop_proc_U0/dataflow_in_loop_Row_Loop_1_U0/compute_and_write_row4_U0/grp_compute_and_write_row4_Pipeline_Acc_TileN_Conv_KY_Conv_KX_Conv_C_fu_306/add_33s_33s_33_1_1_U193/dout/A[29:0] is not pipelined. Pipelining DSP48 input will improve performance.
Related violations: <none>

DPIP-2#29 Warning
Input pipelining  
DSP design_1_i/cnn_accel_top_0/inst/grp_dataflow_parent_loop_proc2_fu_316/dataflow_parent_loop_proc_U0/dataflow_in_loop_Row_Loop_1_U0/compute_and_write_row4_U0/grp_compute_and_write_row4_Pipeline_Acc_TileN_Conv_KY_Conv_KX_Conv_C_fu_306/add_33s_33s_33_1_1_U193/dout input design_1_i/cnn_accel_top_0/inst/grp_dataflow_parent_loop_proc2_fu_316/dataflow_parent_loop_proc_U0/dataflow_in_loop_Row_Loop_1_U0/compute_and_write_row4_U0/grp_compute_and_write_row4_Pipeline_Acc_TileN_Conv_KY_Conv_KX_Conv_C_fu_306/add_33s_33s_33_1_1_U193/dout/B[17:0] is not pipelined. Pipelining DSP48 input will improve performance.
Related violations: <none>

DPIP-2#30 Warning
Input pipelining  
DSP design_1_i/cnn_accel_top_0/inst/grp_dataflow_parent_loop_proc2_fu_316/dataflow_parent_loop_proc_U0/dataflow_in_loop_Row_Loop_1_U0/compute_and_write_row4_U0/grp_compute_and_write_row4_Pipeline_Acc_TileN_Conv_KY_Conv_KX_Conv_C_fu_306/add_33s_33s_33_1_1_U193/dout input design_1_i/cnn_accel_top_0/inst/grp_dataflow_parent_loop_proc2_fu_316/dataflow_parent_loop_proc_U0/dataflow_in_loop_Row_Loop_1_U0/compute_and_write_row4_U0/grp_compute_and_write_row4_Pipeline_Acc_TileN_Conv_KY_Conv_KX_Conv_C_fu_306/add_33s_33s_33_1_1_U193/dout/C[47:0] is not pipelined. Pipelining DSP48 input will improve performance.
Related violations: <none>

DPIP-2#31 Warning
Input pipelining  
DSP design_1_i/cnn_accel_top_0/inst/grp_dataflow_parent_loop_proc2_fu_316/dataflow_parent_loop_proc_U0/dataflow_in_loop_Row_Loop_1_U0/compute_and_write_row4_U0/grp_compute_and_write_row4_Pipeline_Acc_TileN_Conv_KY_Conv_KX_Conv_C_fu_306/add_33s_33s_33_1_1_U194/dout input design_1_i/cnn_accel_top_0/inst/grp_dataflow_parent_loop_proc2_fu_316/dataflow_parent_loop_proc_U0/dataflow_in_loop_Row_Loop_1_U0/compute_and_write_row4_U0/grp_compute_and_write_row4_Pipeline_Acc_TileN_Conv_KY_Conv_KX_Conv_C_fu_306/add_33s_33s_33_1_1_U194/dout/A[29:0] is not pipelined. Pipelining DSP48 input will improve performance.
Related violations: <none>

DPIP-2#32 Warning
Input pipelining  
DSP design_1_i/cnn_accel_top_0/inst/grp_dataflow_parent_loop_proc2_fu_316/dataflow_parent_loop_proc_U0/dataflow_in_loop_Row_Loop_1_U0/compute_and_write_row4_U0/grp_compute_and_write_row4_Pipeline_Acc_TileN_Conv_KY_Conv_KX_Conv_C_fu_306/add_33s_33s_33_1_1_U194/dout input design_1_i/cnn_accel_top_0/inst/grp_dataflow_parent_loop_proc2_fu_316/dataflow_parent_loop_proc_U0/dataflow_in_loop_Row_Loop_1_U0/compute_and_write_row4_U0/grp_compute_and_write_row4_Pipeline_Acc_TileN_Conv_KY_Conv_KX_Conv_C_fu_306/add_33s_33s_33_1_1_U194/dout/B[17:0] is not pipelined. Pipelining DSP48 input will improve performance.
Related violations: <none>

DPIP-2#33 Warning
Input pipelining  
DSP design_1_i/cnn_accel_top_0/inst/grp_dataflow_parent_loop_proc2_fu_316/dataflow_parent_loop_proc_U0/dataflow_in_loop_Row_Loop_1_U0/compute_and_write_row4_U0/grp_compute_and_write_row4_Pipeline_Acc_TileN_Conv_KY_Conv_KX_Conv_C_fu_306/add_33s_33s_33_1_1_U194/dout input design_1_i/cnn_accel_top_0/inst/grp_dataflow_parent_loop_proc2_fu_316/dataflow_parent_loop_proc_U0/dataflow_in_loop_Row_Loop_1_U0/compute_and_write_row4_U0/grp_compute_and_write_row4_Pipeline_Acc_TileN_Conv_KY_Conv_KX_Conv_C_fu_306/add_33s_33s_33_1_1_U194/dout/C[47:0] is not pipelined. Pipelining DSP48 input will improve performance.
Related violations: <none>

DPIP-2#34 Warning
Input pipelining  
DSP design_1_i/cnn_accel_top_0/inst/grp_dataflow_parent_loop_proc2_fu_316/dataflow_parent_loop_proc_U0/dataflow_in_loop_Row_Loop_1_U0/compute_and_write_row4_U0/grp_compute_and_write_row4_Pipeline_Acc_TileN_Conv_KY_Conv_KX_Conv_C_fu_306/add_33s_33s_33_1_1_U195/dout input design_1_i/cnn_accel_top_0/inst/grp_dataflow_parent_loop_proc2_fu_316/dataflow_parent_loop_proc_U0/dataflow_in_loop_Row_Loop_1_U0/compute_and_write_row4_U0/grp_compute_and_write_row4_Pipeline_Acc_TileN_Conv_KY_Conv_KX_Conv_C_fu_306/add_33s_33s_33_1_1_U195/dout/A[29:0] is not pipelined. Pipelining DSP48 input will improve performance.
Related violations: <none>

DPIP-2#35 Warning
Input pipelining  
DSP design_1_i/cnn_accel_top_0/inst/grp_dataflow_parent_loop_proc2_fu_316/dataflow_parent_loop_proc_U0/dataflow_in_loop_Row_Loop_1_U0/compute_and_write_row4_U0/grp_compute_and_write_row4_Pipeline_Acc_TileN_Conv_KY_Conv_KX_Conv_C_fu_306/add_33s_33s_33_1_1_U195/dout input design_1_i/cnn_accel_top_0/inst/grp_dataflow_parent_loop_proc2_fu_316/dataflow_parent_loop_proc_U0/dataflow_in_loop_Row_Loop_1_U0/compute_and_write_row4_U0/grp_compute_and_write_row4_Pipeline_Acc_TileN_Conv_KY_Conv_KX_Conv_C_fu_306/add_33s_33s_33_1_1_U195/dout/B[17:0] is not pipelined. Pipelining DSP48 input will improve performance.
Related violations: <none>

DPIP-2#36 Warning
Input pipelining  
DSP design_1_i/cnn_accel_top_0/inst/grp_dataflow_parent_loop_proc2_fu_316/dataflow_parent_loop_proc_U0/dataflow_in_loop_Row_Loop_1_U0/compute_and_write_row4_U0/grp_compute_and_write_row4_Pipeline_Acc_TileN_Conv_KY_Conv_KX_Conv_C_fu_306/add_33s_33s_33_1_1_U195/dout input design_1_i/cnn_accel_top_0/inst/grp_dataflow_parent_loop_proc2_fu_316/dataflow_parent_loop_proc_U0/dataflow_in_loop_Row_Loop_1_U0/compute_and_write_row4_U0/grp_compute_and_write_row4_Pipeline_Acc_TileN_Conv_KY_Conv_KX_Conv_C_fu_306/add_33s_33s_33_1_1_U195/dout/C[47:0] is not pipelined. Pipelining DSP48 input will improve performance.
Related violations: <none>

DPIP-2#37 Warning
Input pipelining  
DSP design_1_i/cnn_accel_top_0/inst/grp_dataflow_parent_loop_proc2_fu_316/dataflow_parent_loop_proc_U0/dataflow_in_loop_Row_Loop_1_U0/compute_and_write_row4_U0/grp_compute_and_write_row4_Pipeline_Acc_TileN_Conv_KY_Conv_KX_Conv_C_fu_306/add_33s_33s_33_1_1_U206/dout input design_1_i/cnn_accel_top_0/inst/grp_dataflow_parent_loop_proc2_fu_316/dataflow_parent_loop_proc_U0/dataflow_in_loop_Row_Loop_1_U0/compute_and_write_row4_U0/grp_compute_and_write_row4_Pipeline_Acc_TileN_Conv_KY_Conv_KX_Conv_C_fu_306/add_33s_33s_33_1_1_U206/dout/A[29:0] is not pipelined. Pipelining DSP48 input will improve performance.
Related violations: <none>

DPIP-2#38 Warning
Input pipelining  
DSP design_1_i/cnn_accel_top_0/inst/grp_dataflow_parent_loop_proc2_fu_316/dataflow_parent_loop_proc_U0/dataflow_in_loop_Row_Loop_1_U0/compute_and_write_row4_U0/grp_compute_and_write_row4_Pipeline_Acc_TileN_Conv_KY_Conv_KX_Conv_C_fu_306/add_33s_33s_33_1_1_U206/dout input design_1_i/cnn_accel_top_0/inst/grp_dataflow_parent_loop_proc2_fu_316/dataflow_parent_loop_proc_U0/dataflow_in_loop_Row_Loop_1_U0/compute_and_write_row4_U0/grp_compute_and_write_row4_Pipeline_Acc_TileN_Conv_KY_Conv_KX_Conv_C_fu_306/add_33s_33s_33_1_1_U206/dout/B[17:0] is not pipelined. Pipelining DSP48 input will improve performance.
Related violations: <none>

DPIP-2#39 Warning
Input pipelining  
DSP design_1_i/cnn_accel_top_0/inst/grp_dataflow_parent_loop_proc2_fu_316/dataflow_parent_loop_proc_U0/dataflow_in_loop_Row_Loop_1_U0/compute_and_write_row4_U0/grp_compute_and_write_row4_Pipeline_Acc_TileN_Conv_KY_Conv_KX_Conv_C_fu_306/add_33s_33s_33_1_1_U206/dout input design_1_i/cnn_accel_top_0/inst/grp_dataflow_parent_loop_proc2_fu_316/dataflow_parent_loop_proc_U0/dataflow_in_loop_Row_Loop_1_U0/compute_and_write_row4_U0/grp_compute_and_write_row4_Pipeline_Acc_TileN_Conv_KY_Conv_KX_Conv_C_fu_306/add_33s_33s_33_1_1_U206/dout/C[47:0] is not pipelined. Pipelining DSP48 input will improve performance.
Related violations: <none>

DPIP-2#40 Warning
Input pipelining  
DSP design_1_i/cnn_accel_top_0/inst/grp_dataflow_parent_loop_proc2_fu_316/dataflow_parent_loop_proc_U0/dataflow_in_loop_Row_Loop_1_U0/compute_and_write_row4_U0/grp_compute_and_write_row4_Pipeline_Acc_TileN_Conv_KY_Conv_KX_Conv_C_fu_306/add_33s_33s_33_1_1_U207/dout input design_1_i/cnn_accel_top_0/inst/grp_dataflow_parent_loop_proc2_fu_316/dataflow_parent_loop_proc_U0/dataflow_in_loop_Row_Loop_1_U0/compute_and_write_row4_U0/grp_compute_and_write_row4_Pipeline_Acc_TileN_Conv_KY_Conv_KX_Conv_C_fu_306/add_33s_33s_33_1_1_U207/dout/A[29:0] is not pipelined. Pipelining DSP48 input will improve performance.
Related violations: <none>

DPIP-2#41 Warning
Input pipelining  
DSP design_1_i/cnn_accel_top_0/inst/grp_dataflow_parent_loop_proc2_fu_316/dataflow_parent_loop_proc_U0/dataflow_in_loop_Row_Loop_1_U0/compute_and_write_row4_U0/grp_compute_and_write_row4_Pipeline_Acc_TileN_Conv_KY_Conv_KX_Conv_C_fu_306/add_33s_33s_33_1_1_U207/dout input design_1_i/cnn_accel_top_0/inst/grp_dataflow_parent_loop_proc2_fu_316/dataflow_parent_loop_proc_U0/dataflow_in_loop_Row_Loop_1_U0/compute_and_write_row4_U0/grp_compute_and_write_row4_Pipeline_Acc_TileN_Conv_KY_Conv_KX_Conv_C_fu_306/add_33s_33s_33_1_1_U207/dout/B[17:0] is not pipelined. Pipelining DSP48 input will improve performance.
Related violations: <none>

DPIP-2#42 Warning
Input pipelining  
DSP design_1_i/cnn_accel_top_0/inst/grp_dataflow_parent_loop_proc2_fu_316/dataflow_parent_loop_proc_U0/dataflow_in_loop_Row_Loop_1_U0/compute_and_write_row4_U0/grp_compute_and_write_row4_Pipeline_Acc_TileN_Conv_KY_Conv_KX_Conv_C_fu_306/add_33s_33s_33_1_1_U207/dout input design_1_i/cnn_accel_top_0/inst/grp_dataflow_parent_loop_proc2_fu_316/dataflow_parent_loop_proc_U0/dataflow_in_loop_Row_Loop_1_U0/compute_and_write_row4_U0/grp_compute_and_write_row4_Pipeline_Acc_TileN_Conv_KY_Conv_KX_Conv_C_fu_306/add_33s_33s_33_1_1_U207/dout/C[47:0] is not pipelined. Pipelining DSP48 input will improve performance.
Related violations: <none>

DPIP-2#43 Warning
Input pipelining  
DSP design_1_i/cnn_accel_top_0/inst/grp_dataflow_parent_loop_proc2_fu_316/dataflow_parent_loop_proc_U0/dataflow_in_loop_Row_Loop_1_U0/compute_and_write_row4_U0/grp_compute_and_write_row4_Pipeline_Acc_TileN_Conv_KY_Conv_KX_Conv_C_fu_306/add_33s_33s_33_1_1_U208/dout input design_1_i/cnn_accel_top_0/inst/grp_dataflow_parent_loop_proc2_fu_316/dataflow_parent_loop_proc_U0/dataflow_in_loop_Row_Loop_1_U0/compute_and_write_row4_U0/grp_compute_and_write_row4_Pipeline_Acc_TileN_Conv_KY_Conv_KX_Conv_C_fu_306/add_33s_33s_33_1_1_U208/dout/A[29:0] is not pipelined. Pipelining DSP48 input will improve performance.
Related violations: <none>

DPIP-2#44 Warning
Input pipelining  
DSP design_1_i/cnn_accel_top_0/inst/grp_dataflow_parent_loop_proc2_fu_316/dataflow_parent_loop_proc_U0/dataflow_in_loop_Row_Loop_1_U0/compute_and_write_row4_U0/grp_compute_and_write_row4_Pipeline_Acc_TileN_Conv_KY_Conv_KX_Conv_C_fu_306/add_33s_33s_33_1_1_U208/dout input design_1_i/cnn_accel_top_0/inst/grp_dataflow_parent_loop_proc2_fu_316/dataflow_parent_loop_proc_U0/dataflow_in_loop_Row_Loop_1_U0/compute_and_write_row4_U0/grp_compute_and_write_row4_Pipeline_Acc_TileN_Conv_KY_Conv_KX_Conv_C_fu_306/add_33s_33s_33_1_1_U208/dout/B[17:0] is not pipelined. Pipelining DSP48 input will improve performance.
Related violations: <none>

DPIP-2#45 Warning
Input pipelining  
DSP design_1_i/cnn_accel_top_0/inst/grp_dataflow_parent_loop_proc2_fu_316/dataflow_parent_loop_proc_U0/dataflow_in_loop_Row_Loop_1_U0/compute_and_write_row4_U0/grp_compute_and_write_row4_Pipeline_Acc_TileN_Conv_KY_Conv_KX_Conv_C_fu_306/add_33s_33s_33_1_1_U208/dout input design_1_i/cnn_accel_top_0/inst/grp_dataflow_parent_loop_proc2_fu_316/dataflow_parent_loop_proc_U0/dataflow_in_loop_Row_Loop_1_U0/compute_and_write_row4_U0/grp_compute_and_write_row4_Pipeline_Acc_TileN_Conv_KY_Conv_KX_Conv_C_fu_306/add_33s_33s_33_1_1_U208/dout/C[47:0] is not pipelined. Pipelining DSP48 input will improve performance.
Related violations: <none>

DPIP-2#46 Warning
Input pipelining  
DSP design_1_i/cnn_accel_top_0/inst/grp_dataflow_parent_loop_proc2_fu_316/dataflow_parent_loop_proc_U0/dataflow_in_loop_Row_Loop_1_U0/compute_and_write_row4_U0/grp_compute_and_write_row4_Pipeline_Acc_TileN_Conv_KY_Conv_KX_Conv_C_fu_306/add_33s_33s_33_1_1_U209/dout input design_1_i/cnn_accel_top_0/inst/grp_dataflow_parent_loop_proc2_fu_316/dataflow_parent_loop_proc_U0/dataflow_in_loop_Row_Loop_1_U0/compute_and_write_row4_U0/grp_compute_and_write_row4_Pipeline_Acc_TileN_Conv_KY_Conv_KX_Conv_C_fu_306/add_33s_33s_33_1_1_U209/dout/A[29:0] is not pipelined. Pipelining DSP48 input will improve performance.
Related violations: <none>

DPIP-2#47 Warning
Input pipelining  
DSP design_1_i/cnn_accel_top_0/inst/grp_dataflow_parent_loop_proc2_fu_316/dataflow_parent_loop_proc_U0/dataflow_in_loop_Row_Loop_1_U0/compute_and_write_row4_U0/grp_compute_and_write_row4_Pipeline_Acc_TileN_Conv_KY_Conv_KX_Conv_C_fu_306/add_33s_33s_33_1_1_U209/dout input design_1_i/cnn_accel_top_0/inst/grp_dataflow_parent_loop_proc2_fu_316/dataflow_parent_loop_proc_U0/dataflow_in_loop_Row_Loop_1_U0/compute_and_write_row4_U0/grp_compute_and_write_row4_Pipeline_Acc_TileN_Conv_KY_Conv_KX_Conv_C_fu_306/add_33s_33s_33_1_1_U209/dout/B[17:0] is not pipelined. Pipelining DSP48 input will improve performance.
Related violations: <none>

DPIP-2#48 Warning
Input pipelining  
DSP design_1_i/cnn_accel_top_0/inst/grp_dataflow_parent_loop_proc2_fu_316/dataflow_parent_loop_proc_U0/dataflow_in_loop_Row_Loop_1_U0/compute_and_write_row4_U0/grp_compute_and_write_row4_Pipeline_Acc_TileN_Conv_KY_Conv_KX_Conv_C_fu_306/add_33s_33s_33_1_1_U209/dout input design_1_i/cnn_accel_top_0/inst/grp_dataflow_parent_loop_proc2_fu_316/dataflow_parent_loop_proc_U0/dataflow_in_loop_Row_Loop_1_U0/compute_and_write_row4_U0/grp_compute_and_write_row4_Pipeline_Acc_TileN_Conv_KY_Conv_KX_Conv_C_fu_306/add_33s_33s_33_1_1_U209/dout/C[47:0] is not pipelined. Pipelining DSP48 input will improve performance.
Related violations: <none>

DPIP-2#49 Warning
Input pipelining  
DSP design_1_i/cnn_accel_top_0/inst/grp_dataflow_parent_loop_proc2_fu_316/dataflow_parent_loop_proc_U0/dataflow_in_loop_Row_Loop_1_U0/compute_and_write_row4_U0/grp_compute_and_write_row4_Pipeline_Acc_TileN_Conv_KY_Conv_KX_Conv_C_fu_306/add_33s_33s_33_1_1_U220/dout input design_1_i/cnn_accel_top_0/inst/grp_dataflow_parent_loop_proc2_fu_316/dataflow_parent_loop_proc_U0/dataflow_in_loop_Row_Loop_1_U0/compute_and_write_row4_U0/grp_compute_and_write_row4_Pipeline_Acc_TileN_Conv_KY_Conv_KX_Conv_C_fu_306/add_33s_33s_33_1_1_U220/dout/A[29:0] is not pipelined. Pipelining DSP48 input will improve performance.
Related violations: <none>

DPIP-2#50 Warning
Input pipelining  
DSP design_1_i/cnn_accel_top_0/inst/grp_dataflow_parent_loop_proc2_fu_316/dataflow_parent_loop_proc_U0/dataflow_in_loop_Row_Loop_1_U0/compute_and_write_row4_U0/grp_compute_and_write_row4_Pipeline_Acc_TileN_Conv_KY_Conv_KX_Conv_C_fu_306/add_33s_33s_33_1_1_U220/dout input design_1_i/cnn_accel_top_0/inst/grp_dataflow_parent_loop_proc2_fu_316/dataflow_parent_loop_proc_U0/dataflow_in_loop_Row_Loop_1_U0/compute_and_write_row4_U0/grp_compute_and_write_row4_Pipeline_Acc_TileN_Conv_KY_Conv_KX_Conv_C_fu_306/add_33s_33s_33_1_1_U220/dout/B[17:0] is not pipelined. Pipelining DSP48 input will improve performance.
Related violations: <none>

DPIP-2#51 Warning
Input pipelining  
DSP design_1_i/cnn_accel_top_0/inst/grp_dataflow_parent_loop_proc2_fu_316/dataflow_parent_loop_proc_U0/dataflow_in_loop_Row_Loop_1_U0/compute_and_write_row4_U0/grp_compute_and_write_row4_Pipeline_Acc_TileN_Conv_KY_Conv_KX_Conv_C_fu_306/add_33s_33s_33_1_1_U220/dout input design_1_i/cnn_accel_top_0/inst/grp_dataflow_parent_loop_proc2_fu_316/dataflow_parent_loop_proc_U0/dataflow_in_loop_Row_Loop_1_U0/compute_and_write_row4_U0/grp_compute_and_write_row4_Pipeline_Acc_TileN_Conv_KY_Conv_KX_Conv_C_fu_306/add_33s_33s_33_1_1_U220/dout/C[47:0] is not pipelined. Pipelining DSP48 input will improve performance.
Related violations: <none>

DPIP-2#52 Warning
Input pipelining  
DSP design_1_i/cnn_accel_top_0/inst/grp_dataflow_parent_loop_proc2_fu_316/dataflow_parent_loop_proc_U0/dataflow_in_loop_Row_Loop_1_U0/compute_and_write_row4_U0/grp_compute_and_write_row4_Pipeline_Acc_TileN_Conv_KY_Conv_KX_Conv_C_fu_306/add_33s_33s_33_1_1_U221/dout input design_1_i/cnn_accel_top_0/inst/grp_dataflow_parent_loop_proc2_fu_316/dataflow_parent_loop_proc_U0/dataflow_in_loop_Row_Loop_1_U0/compute_and_write_row4_U0/grp_compute_and_write_row4_Pipeline_Acc_TileN_Conv_KY_Conv_KX_Conv_C_fu_306/add_33s_33s_33_1_1_U221/dout/A[29:0] is not pipelined. Pipelining DSP48 input will improve performance.
Related violations: <none>

DPIP-2#53 Warning
Input pipelining  
DSP design_1_i/cnn_accel_top_0/inst/grp_dataflow_parent_loop_proc2_fu_316/dataflow_parent_loop_proc_U0/dataflow_in_loop_Row_Loop_1_U0/compute_and_write_row4_U0/grp_compute_and_write_row4_Pipeline_Acc_TileN_Conv_KY_Conv_KX_Conv_C_fu_306/add_33s_33s_33_1_1_U221/dout input design_1_i/cnn_accel_top_0/inst/grp_dataflow_parent_loop_proc2_fu_316/dataflow_parent_loop_proc_U0/dataflow_in_loop_Row_Loop_1_U0/compute_and_write_row4_U0/grp_compute_and_write_row4_Pipeline_Acc_TileN_Conv_KY_Conv_KX_Conv_C_fu_306/add_33s_33s_33_1_1_U221/dout/B[17:0] is not pipelined. Pipelining DSP48 input will improve performance.
Related violations: <none>

DPIP-2#54 Warning
Input pipelining  
DSP design_1_i/cnn_accel_top_0/inst/grp_dataflow_parent_loop_proc2_fu_316/dataflow_parent_loop_proc_U0/dataflow_in_loop_Row_Loop_1_U0/compute_and_write_row4_U0/grp_compute_and_write_row4_Pipeline_Acc_TileN_Conv_KY_Conv_KX_Conv_C_fu_306/add_33s_33s_33_1_1_U221/dout input design_1_i/cnn_accel_top_0/inst/grp_dataflow_parent_loop_proc2_fu_316/dataflow_parent_loop_proc_U0/dataflow_in_loop_Row_Loop_1_U0/compute_and_write_row4_U0/grp_compute_and_write_row4_Pipeline_Acc_TileN_Conv_KY_Conv_KX_Conv_C_fu_306/add_33s_33s_33_1_1_U221/dout/C[47:0] is not pipelined. Pipelining DSP48 input will improve performance.
Related violations: <none>

DPIP-2#55 Warning
Input pipelining  
DSP design_1_i/cnn_accel_top_0/inst/grp_dataflow_parent_loop_proc2_fu_316/dataflow_parent_loop_proc_U0/dataflow_in_loop_Row_Loop_1_U0/compute_and_write_row4_U0/grp_compute_and_write_row4_Pipeline_Acc_TileN_Conv_KY_Conv_KX_Conv_C_fu_306/add_33s_33s_33_1_1_U222/dout input design_1_i/cnn_accel_top_0/inst/grp_dataflow_parent_loop_proc2_fu_316/dataflow_parent_loop_proc_U0/dataflow_in_loop_Row_Loop_1_U0/compute_and_write_row4_U0/grp_compute_and_write_row4_Pipeline_Acc_TileN_Conv_KY_Conv_KX_Conv_C_fu_306/add_33s_33s_33_1_1_U222/dout/A[29:0] is not pipelined. Pipelining DSP48 input will improve performance.
Related violations: <none>

DPIP-2#56 Warning
Input pipelining  
DSP design_1_i/cnn_accel_top_0/inst/grp_dataflow_parent_loop_proc2_fu_316/dataflow_parent_loop_proc_U0/dataflow_in_loop_Row_Loop_1_U0/compute_and_write_row4_U0/grp_compute_and_write_row4_Pipeline_Acc_TileN_Conv_KY_Conv_KX_Conv_C_fu_306/add_33s_33s_33_1_1_U222/dout input design_1_i/cnn_accel_top_0/inst/grp_dataflow_parent_loop_proc2_fu_316/dataflow_parent_loop_proc_U0/dataflow_in_loop_Row_Loop_1_U0/compute_and_write_row4_U0/grp_compute_and_write_row4_Pipeline_Acc_TileN_Conv_KY_Conv_KX_Conv_C_fu_306/add_33s_33s_33_1_1_U222/dout/B[17:0] is not pipelined. Pipelining DSP48 input will improve performance.
Related violations: <none>

DPIP-2#57 Warning
Input pipelining  
DSP design_1_i/cnn_accel_top_0/inst/grp_dataflow_parent_loop_proc2_fu_316/dataflow_parent_loop_proc_U0/dataflow_in_loop_Row_Loop_1_U0/compute_and_write_row4_U0/grp_compute_and_write_row4_Pipeline_Acc_TileN_Conv_KY_Conv_KX_Conv_C_fu_306/add_33s_33s_33_1_1_U222/dout input design_1_i/cnn_accel_top_0/inst/grp_dataflow_parent_loop_proc2_fu_316/dataflow_parent_loop_proc_U0/dataflow_in_loop_Row_Loop_1_U0/compute_and_write_row4_U0/grp_compute_and_write_row4_Pipeline_Acc_TileN_Conv_KY_Conv_KX_Conv_C_fu_306/add_33s_33s_33_1_1_U222/dout/C[47:0] is not pipelined. Pipelining DSP48 input will improve performance.
Related violations: <none>

DPIP-2#58 Warning
Input pipelining  
DSP design_1_i/cnn_accel_top_0/inst/grp_dataflow_parent_loop_proc2_fu_316/dataflow_parent_loop_proc_U0/dataflow_in_loop_Row_Loop_1_U0/compute_and_write_row4_U0/grp_compute_and_write_row4_Pipeline_Acc_TileN_Conv_KY_Conv_KX_Conv_C_fu_306/add_33s_33s_33_1_1_U223/dout input design_1_i/cnn_accel_top_0/inst/grp_dataflow_parent_loop_proc2_fu_316/dataflow_parent_loop_proc_U0/dataflow_in_loop_Row_Loop_1_U0/compute_and_write_row4_U0/grp_compute_and_write_row4_Pipeline_Acc_TileN_Conv_KY_Conv_KX_Conv_C_fu_306/add_33s_33s_33_1_1_U223/dout/A[29:0] is not pipelined. Pipelining DSP48 input will improve performance.
Related violations: <none>

DPIP-2#59 Warning
Input pipelining  
DSP design_1_i/cnn_accel_top_0/inst/grp_dataflow_parent_loop_proc2_fu_316/dataflow_parent_loop_proc_U0/dataflow_in_loop_Row_Loop_1_U0/compute_and_write_row4_U0/grp_compute_and_write_row4_Pipeline_Acc_TileN_Conv_KY_Conv_KX_Conv_C_fu_306/add_33s_33s_33_1_1_U223/dout input design_1_i/cnn_accel_top_0/inst/grp_dataflow_parent_loop_proc2_fu_316/dataflow_parent_loop_proc_U0/dataflow_in_loop_Row_Loop_1_U0/compute_and_write_row4_U0/grp_compute_and_write_row4_Pipeline_Acc_TileN_Conv_KY_Conv_KX_Conv_C_fu_306/add_33s_33s_33_1_1_U223/dout/B[17:0] is not pipelined. Pipelining DSP48 input will improve performance.
Related violations: <none>

DPIP-2#60 Warning
Input pipelining  
DSP design_1_i/cnn_accel_top_0/inst/grp_dataflow_parent_loop_proc2_fu_316/dataflow_parent_loop_proc_U0/dataflow_in_loop_Row_Loop_1_U0/compute_and_write_row4_U0/grp_compute_and_write_row4_Pipeline_Acc_TileN_Conv_KY_Conv_KX_Conv_C_fu_306/add_33s_33s_33_1_1_U223/dout input design_1_i/cnn_accel_top_0/inst/grp_dataflow_parent_loop_proc2_fu_316/dataflow_parent_loop_proc_U0/dataflow_in_loop_Row_Loop_1_U0/compute_and_write_row4_U0/grp_compute_and_write_row4_Pipeline_Acc_TileN_Conv_KY_Conv_KX_Conv_C_fu_306/add_33s_33s_33_1_1_U223/dout/C[47:0] is not pipelined. Pipelining DSP48 input will improve performance.
Related violations: <none>

DPIP-2#61 Warning
Input pipelining  
DSP design_1_i/cnn_accel_top_0/inst/grp_dataflow_parent_loop_proc2_fu_316/dataflow_parent_loop_proc_U0/dataflow_in_loop_Row_Loop_1_U0/compute_and_write_row4_U0/grp_compute_and_write_row4_Pipeline_Acc_TileN_Conv_KY_Conv_KX_Conv_C_fu_306/add_33s_33s_33_1_1_U234/dout input design_1_i/cnn_accel_top_0/inst/grp_dataflow_parent_loop_proc2_fu_316/dataflow_parent_loop_proc_U0/dataflow_in_loop_Row_Loop_1_U0/compute_and_write_row4_U0/grp_compute_and_write_row4_Pipeline_Acc_TileN_Conv_KY_Conv_KX_Conv_C_fu_306/add_33s_33s_33_1_1_U234/dout/A[29:0] is not pipelined. Pipelining DSP48 input will improve performance.
Related violations: <none>

DPIP-2#62 Warning
Input pipelining  
DSP design_1_i/cnn_accel_top_0/inst/grp_dataflow_parent_loop_proc2_fu_316/dataflow_parent_loop_proc_U0/dataflow_in_loop_Row_Loop_1_U0/compute_and_write_row4_U0/grp_compute_and_write_row4_Pipeline_Acc_TileN_Conv_KY_Conv_KX_Conv_C_fu_306/add_33s_33s_33_1_1_U234/dout input design_1_i/cnn_accel_top_0/inst/grp_dataflow_parent_loop_proc2_fu_316/dataflow_parent_loop_proc_U0/dataflow_in_loop_Row_Loop_1_U0/compute_and_write_row4_U0/grp_compute_and_write_row4_Pipeline_Acc_TileN_Conv_KY_Conv_KX_Conv_C_fu_306/add_33s_33s_33_1_1_U234/dout/B[17:0] is not pipelined. Pipelining DSP48 input will improve performance.
Related violations: <none>

DPIP-2#63 Warning
Input pipelining  
DSP design_1_i/cnn_accel_top_0/inst/grp_dataflow_parent_loop_proc2_fu_316/dataflow_parent_loop_proc_U0/dataflow_in_loop_Row_Loop_1_U0/compute_and_write_row4_U0/grp_compute_and_write_row4_Pipeline_Acc_TileN_Conv_KY_Conv_KX_Conv_C_fu_306/add_33s_33s_33_1_1_U234/dout input design_1_i/cnn_accel_top_0/inst/grp_dataflow_parent_loop_proc2_fu_316/dataflow_parent_loop_proc_U0/dataflow_in_loop_Row_Loop_1_U0/compute_and_write_row4_U0/grp_compute_and_write_row4_Pipeline_Acc_TileN_Conv_KY_Conv_KX_Conv_C_fu_306/add_33s_33s_33_1_1_U234/dout/C[47:0] is not pipelined. Pipelining DSP48 input will improve performance.
Related violations: <none>

DPIP-2#64 Warning
Input pipelining  
DSP design_1_i/cnn_accel_top_0/inst/grp_dataflow_parent_loop_proc2_fu_316/dataflow_parent_loop_proc_U0/dataflow_in_loop_Row_Loop_1_U0/compute_and_write_row4_U0/grp_compute_and_write_row4_Pipeline_Acc_TileN_Conv_KY_Conv_KX_Conv_C_fu_306/add_33s_33s_33_1_1_U235/dout input design_1_i/cnn_accel_top_0/inst/grp_dataflow_parent_loop_proc2_fu_316/dataflow_parent_loop_proc_U0/dataflow_in_loop_Row_Loop_1_U0/compute_and_write_row4_U0/grp_compute_and_write_row4_Pipeline_Acc_TileN_Conv_KY_Conv_KX_Conv_C_fu_306/add_33s_33s_33_1_1_U235/dout/A[29:0] is not pipelined. Pipelining DSP48 input will improve performance.
Related violations: <none>

DPIP-2#65 Warning
Input pipelining  
DSP design_1_i/cnn_accel_top_0/inst/grp_dataflow_parent_loop_proc2_fu_316/dataflow_parent_loop_proc_U0/dataflow_in_loop_Row_Loop_1_U0/compute_and_write_row4_U0/grp_compute_and_write_row4_Pipeline_Acc_TileN_Conv_KY_Conv_KX_Conv_C_fu_306/add_33s_33s_33_1_1_U235/dout input design_1_i/cnn_accel_top_0/inst/grp_dataflow_parent_loop_proc2_fu_316/dataflow_parent_loop_proc_U0/dataflow_in_loop_Row_Loop_1_U0/compute_and_write_row4_U0/grp_compute_and_write_row4_Pipeline_Acc_TileN_Conv_KY_Conv_KX_Conv_C_fu_306/add_33s_33s_33_1_1_U235/dout/B[17:0] is not pipelined. Pipelining DSP48 input will improve performance.
Related violations: <none>

DPIP-2#66 Warning
Input pipelining  
DSP design_1_i/cnn_accel_top_0/inst/grp_dataflow_parent_loop_proc2_fu_316/dataflow_parent_loop_proc_U0/dataflow_in_loop_Row_Loop_1_U0/compute_and_write_row4_U0/grp_compute_and_write_row4_Pipeline_Acc_TileN_Conv_KY_Conv_KX_Conv_C_fu_306/add_33s_33s_33_1_1_U235/dout input design_1_i/cnn_accel_top_0/inst/grp_dataflow_parent_loop_proc2_fu_316/dataflow_parent_loop_proc_U0/dataflow_in_loop_Row_Loop_1_U0/compute_and_write_row4_U0/grp_compute_and_write_row4_Pipeline_Acc_TileN_Conv_KY_Conv_KX_Conv_C_fu_306/add_33s_33s_33_1_1_U235/dout/C[47:0] is not pipelined. Pipelining DSP48 input will improve performance.
Related violations: <none>

DPIP-2#67 Warning
Input pipelining  
DSP design_1_i/cnn_accel_top_0/inst/grp_dataflow_parent_loop_proc2_fu_316/dataflow_parent_loop_proc_U0/dataflow_in_loop_Row_Loop_1_U0/compute_and_write_row4_U0/grp_compute_and_write_row4_Pipeline_Acc_TileN_Conv_KY_Conv_KX_Conv_C_fu_306/add_33s_33s_33_1_1_U236/dout input design_1_i/cnn_accel_top_0/inst/grp_dataflow_parent_loop_proc2_fu_316/dataflow_parent_loop_proc_U0/dataflow_in_loop_Row_Loop_1_U0/compute_and_write_row4_U0/grp_compute_and_write_row4_Pipeline_Acc_TileN_Conv_KY_Conv_KX_Conv_C_fu_306/add_33s_33s_33_1_1_U236/dout/A[29:0] is not pipelined. Pipelining DSP48 input will improve performance.
Related violations: <none>

DPIP-2#68 Warning
Input pipelining  
DSP design_1_i/cnn_accel_top_0/inst/grp_dataflow_parent_loop_proc2_fu_316/dataflow_parent_loop_proc_U0/dataflow_in_loop_Row_Loop_1_U0/compute_and_write_row4_U0/grp_compute_and_write_row4_Pipeline_Acc_TileN_Conv_KY_Conv_KX_Conv_C_fu_306/add_33s_33s_33_1_1_U236/dout input design_1_i/cnn_accel_top_0/inst/grp_dataflow_parent_loop_proc2_fu_316/dataflow_parent_loop_proc_U0/dataflow_in_loop_Row_Loop_1_U0/compute_and_write_row4_U0/grp_compute_and_write_row4_Pipeline_Acc_TileN_Conv_KY_Conv_KX_Conv_C_fu_306/add_33s_33s_33_1_1_U236/dout/B[17:0] is not pipelined. Pipelining DSP48 input will improve performance.
Related violations: <none>

DPIP-2#69 Warning
Input pipelining  
DSP design_1_i/cnn_accel_top_0/inst/grp_dataflow_parent_loop_proc2_fu_316/dataflow_parent_loop_proc_U0/dataflow_in_loop_Row_Loop_1_U0/compute_and_write_row4_U0/grp_compute_and_write_row4_Pipeline_Acc_TileN_Conv_KY_Conv_KX_Conv_C_fu_306/add_33s_33s_33_1_1_U236/dout input design_1_i/cnn_accel_top_0/inst/grp_dataflow_parent_loop_proc2_fu_316/dataflow_parent_loop_proc_U0/dataflow_in_loop_Row_Loop_1_U0/compute_and_write_row4_U0/grp_compute_and_write_row4_Pipeline_Acc_TileN_Conv_KY_Conv_KX_Conv_C_fu_306/add_33s_33s_33_1_1_U236/dout/C[47:0] is not pipelined. Pipelining DSP48 input will improve performance.
Related violations: <none>

DPIP-2#70 Warning
Input pipelining  
DSP design_1_i/cnn_accel_top_0/inst/grp_dataflow_parent_loop_proc2_fu_316/dataflow_parent_loop_proc_U0/dataflow_in_loop_Row_Loop_1_U0/compute_and_write_row4_U0/grp_compute_and_write_row4_Pipeline_Acc_TileN_Conv_KY_Conv_KX_Conv_C_fu_306/add_33s_33s_33_1_1_U237/dout input design_1_i/cnn_accel_top_0/inst/grp_dataflow_parent_loop_proc2_fu_316/dataflow_parent_loop_proc_U0/dataflow_in_loop_Row_Loop_1_U0/compute_and_write_row4_U0/grp_compute_and_write_row4_Pipeline_Acc_TileN_Conv_KY_Conv_KX_Conv_C_fu_306/add_33s_33s_33_1_1_U237/dout/A[29:0] is not pipelined. Pipelining DSP48 input will improve performance.
Related violations: <none>

DPIP-2#71 Warning
Input pipelining  
DSP design_1_i/cnn_accel_top_0/inst/grp_dataflow_parent_loop_proc2_fu_316/dataflow_parent_loop_proc_U0/dataflow_in_loop_Row_Loop_1_U0/compute_and_write_row4_U0/grp_compute_and_write_row4_Pipeline_Acc_TileN_Conv_KY_Conv_KX_Conv_C_fu_306/add_33s_33s_33_1_1_U237/dout input design_1_i/cnn_accel_top_0/inst/grp_dataflow_parent_loop_proc2_fu_316/dataflow_parent_loop_proc_U0/dataflow_in_loop_Row_Loop_1_U0/compute_and_write_row4_U0/grp_compute_and_write_row4_Pipeline_Acc_TileN_Conv_KY_Conv_KX_Conv_C_fu_306/add_33s_33s_33_1_1_U237/dout/B[17:0] is not pipelined. Pipelining DSP48 input will improve performance.
Related violations: <none>

DPIP-2#72 Warning
Input pipelining  
DSP design_1_i/cnn_accel_top_0/inst/grp_dataflow_parent_loop_proc2_fu_316/dataflow_parent_loop_proc_U0/dataflow_in_loop_Row_Loop_1_U0/compute_and_write_row4_U0/grp_compute_and_write_row4_Pipeline_Acc_TileN_Conv_KY_Conv_KX_Conv_C_fu_306/add_33s_33s_33_1_1_U237/dout input design_1_i/cnn_accel_top_0/inst/grp_dataflow_parent_loop_proc2_fu_316/dataflow_parent_loop_proc_U0/dataflow_in_loop_Row_Loop_1_U0/compute_and_write_row4_U0/grp_compute_and_write_row4_Pipeline_Acc_TileN_Conv_KY_Conv_KX_Conv_C_fu_306/add_33s_33s_33_1_1_U237/dout/C[47:0] is not pipelined. Pipelining DSP48 input will improve performance.
Related violations: <none>

DPIP-2#73 Warning
Input pipelining  
DSP design_1_i/cnn_accel_top_0/inst/grp_dataflow_parent_loop_proc2_fu_316/dataflow_parent_loop_proc_U0/dataflow_in_loop_Row_Loop_1_U0/compute_and_write_row4_U0/grp_compute_and_write_row4_Pipeline_Acc_TileN_Conv_KY_Conv_KX_Conv_C_fu_306/add_33s_33s_33_1_1_U248/dout input design_1_i/cnn_accel_top_0/inst/grp_dataflow_parent_loop_proc2_fu_316/dataflow_parent_loop_proc_U0/dataflow_in_loop_Row_Loop_1_U0/compute_and_write_row4_U0/grp_compute_and_write_row4_Pipeline_Acc_TileN_Conv_KY_Conv_KX_Conv_C_fu_306/add_33s_33s_33_1_1_U248/dout/A[29:0] is not pipelined. Pipelining DSP48 input will improve performance.
Related violations: <none>

DPIP-2#74 Warning
Input pipelining  
DSP design_1_i/cnn_accel_top_0/inst/grp_dataflow_parent_loop_proc2_fu_316/dataflow_parent_loop_proc_U0/dataflow_in_loop_Row_Loop_1_U0/compute_and_write_row4_U0/grp_compute_and_write_row4_Pipeline_Acc_TileN_Conv_KY_Conv_KX_Conv_C_fu_306/add_33s_33s_33_1_1_U248/dout input design_1_i/cnn_accel_top_0/inst/grp_dataflow_parent_loop_proc2_fu_316/dataflow_parent_loop_proc_U0/dataflow_in_loop_Row_Loop_1_U0/compute_and_write_row4_U0/grp_compute_and_write_row4_Pipeline_Acc_TileN_Conv_KY_Conv_KX_Conv_C_fu_306/add_33s_33s_33_1_1_U248/dout/B[17:0] is not pipelined. Pipelining DSP48 input will improve performance.
Related violations: <none>

DPIP-2#75 Warning
Input pipelining  
DSP design_1_i/cnn_accel_top_0/inst/grp_dataflow_parent_loop_proc2_fu_316/dataflow_parent_loop_proc_U0/dataflow_in_loop_Row_Loop_1_U0/compute_and_write_row4_U0/grp_compute_and_write_row4_Pipeline_Acc_TileN_Conv_KY_Conv_KX_Conv_C_fu_306/add_33s_33s_33_1_1_U248/dout input design_1_i/cnn_accel_top_0/inst/grp_dataflow_parent_loop_proc2_fu_316/dataflow_parent_loop_proc_U0/dataflow_in_loop_Row_Loop_1_U0/compute_and_write_row4_U0/grp_compute_and_write_row4_Pipeline_Acc_TileN_Conv_KY_Conv_KX_Conv_C_fu_306/add_33s_33s_33_1_1_U248/dout/C[47:0] is not pipelined. Pipelining DSP48 input will improve performance.
Related violations: <none>

DPIP-2#76 Warning
Input pipelining  
DSP design_1_i/cnn_accel_top_0/inst/grp_dataflow_parent_loop_proc2_fu_316/dataflow_parent_loop_proc_U0/dataflow_in_loop_Row_Loop_1_U0/compute_and_write_row4_U0/grp_compute_and_write_row4_Pipeline_Acc_TileN_Conv_KY_Conv_KX_Conv_C_fu_306/add_33s_33s_33_1_1_U249/dout input design_1_i/cnn_accel_top_0/inst/grp_dataflow_parent_loop_proc2_fu_316/dataflow_parent_loop_proc_U0/dataflow_in_loop_Row_Loop_1_U0/compute_and_write_row4_U0/grp_compute_and_write_row4_Pipeline_Acc_TileN_Conv_KY_Conv_KX_Conv_C_fu_306/add_33s_33s_33_1_1_U249/dout/A[29:0] is not pipelined. Pipelining DSP48 input will improve performance.
Related violations: <none>

DPIP-2#77 Warning
Input pipelining  
DSP design_1_i/cnn_accel_top_0/inst/grp_dataflow_parent_loop_proc2_fu_316/dataflow_parent_loop_proc_U0/dataflow_in_loop_Row_Loop_1_U0/compute_and_write_row4_U0/grp_compute_and_write_row4_Pipeline_Acc_TileN_Conv_KY_Conv_KX_Conv_C_fu_306/add_33s_33s_33_1_1_U249/dout input design_1_i/cnn_accel_top_0/inst/grp_dataflow_parent_loop_proc2_fu_316/dataflow_parent_loop_proc_U0/dataflow_in_loop_Row_Loop_1_U0/compute_and_write_row4_U0/grp_compute_and_write_row4_Pipeline_Acc_TileN_Conv_KY_Conv_KX_Conv_C_fu_306/add_33s_33s_33_1_1_U249/dout/B[17:0] is not pipelined. Pipelining DSP48 input will improve performance.
Related violations: <none>

DPIP-2#78 Warning
Input pipelining  
DSP design_1_i/cnn_accel_top_0/inst/grp_dataflow_parent_loop_proc2_fu_316/dataflow_parent_loop_proc_U0/dataflow_in_loop_Row_Loop_1_U0/compute_and_write_row4_U0/grp_compute_and_write_row4_Pipeline_Acc_TileN_Conv_KY_Conv_KX_Conv_C_fu_306/add_33s_33s_33_1_1_U249/dout input design_1_i/cnn_accel_top_0/inst/grp_dataflow_parent_loop_proc2_fu_316/dataflow_parent_loop_proc_U0/dataflow_in_loop_Row_Loop_1_U0/compute_and_write_row4_U0/grp_compute_and_write_row4_Pipeline_Acc_TileN_Conv_KY_Conv_KX_Conv_C_fu_306/add_33s_33s_33_1_1_U249/dout/C[47:0] is not pipelined. Pipelining DSP48 input will improve performance.
Related violations: <none>

DPIP-2#79 Warning
Input pipelining  
DSP design_1_i/cnn_accel_top_0/inst/grp_dataflow_parent_loop_proc2_fu_316/dataflow_parent_loop_proc_U0/dataflow_in_loop_Row_Loop_1_U0/compute_and_write_row4_U0/grp_compute_and_write_row4_Pipeline_Acc_TileN_Conv_KY_Conv_KX_Conv_C_fu_306/add_33s_33s_33_1_1_U250/dout input design_1_i/cnn_accel_top_0/inst/grp_dataflow_parent_loop_proc2_fu_316/dataflow_parent_loop_proc_U0/dataflow_in_loop_Row_Loop_1_U0/compute_and_write_row4_U0/grp_compute_and_write_row4_Pipeline_Acc_TileN_Conv_KY_Conv_KX_Conv_C_fu_306/add_33s_33s_33_1_1_U250/dout/A[29:0] is not pipelined. Pipelining DSP48 input will improve performance.
Related violations: <none>

DPIP-2#80 Warning
Input pipelining  
DSP design_1_i/cnn_accel_top_0/inst/grp_dataflow_parent_loop_proc2_fu_316/dataflow_parent_loop_proc_U0/dataflow_in_loop_Row_Loop_1_U0/compute_and_write_row4_U0/grp_compute_and_write_row4_Pipeline_Acc_TileN_Conv_KY_Conv_KX_Conv_C_fu_306/add_33s_33s_33_1_1_U250/dout input design_1_i/cnn_accel_top_0/inst/grp_dataflow_parent_loop_proc2_fu_316/dataflow_parent_loop_proc_U0/dataflow_in_loop_Row_Loop_1_U0/compute_and_write_row4_U0/grp_compute_and_write_row4_Pipeline_Acc_TileN_Conv_KY_Conv_KX_Conv_C_fu_306/add_33s_33s_33_1_1_U250/dout/B[17:0] is not pipelined. Pipelining DSP48 input will improve performance.
Related violations: <none>

DPIP-2#81 Warning
Input pipelining  
DSP design_1_i/cnn_accel_top_0/inst/grp_dataflow_parent_loop_proc2_fu_316/dataflow_parent_loop_proc_U0/dataflow_in_loop_Row_Loop_1_U0/compute_and_write_row4_U0/grp_compute_and_write_row4_Pipeline_Acc_TileN_Conv_KY_Conv_KX_Conv_C_fu_306/add_33s_33s_33_1_1_U250/dout input design_1_i/cnn_accel_top_0/inst/grp_dataflow_parent_loop_proc2_fu_316/dataflow_parent_loop_proc_U0/dataflow_in_loop_Row_Loop_1_U0/compute_and_write_row4_U0/grp_compute_and_write_row4_Pipeline_Acc_TileN_Conv_KY_Conv_KX_Conv_C_fu_306/add_33s_33s_33_1_1_U250/dout/C[47:0] is not pipelined. Pipelining DSP48 input will improve performance.
Related violations: <none>

DPIP-2#82 Warning
Input pipelining  
DSP design_1_i/cnn_accel_top_0/inst/grp_dataflow_parent_loop_proc2_fu_316/dataflow_parent_loop_proc_U0/dataflow_in_loop_Row_Loop_1_U0/compute_and_write_row4_U0/grp_compute_and_write_row4_Pipeline_Acc_TileN_Conv_KY_Conv_KX_Conv_C_fu_306/add_33s_33s_33_1_1_U251/dout input design_1_i/cnn_accel_top_0/inst/grp_dataflow_parent_loop_proc2_fu_316/dataflow_parent_loop_proc_U0/dataflow_in_loop_Row_Loop_1_U0/compute_and_write_row4_U0/grp_compute_and_write_row4_Pipeline_Acc_TileN_Conv_KY_Conv_KX_Conv_C_fu_306/add_33s_33s_33_1_1_U251/dout/A[29:0] is not pipelined. Pipelining DSP48 input will improve performance.
Related violations: <none>

DPIP-2#83 Warning
Input pipelining  
DSP design_1_i/cnn_accel_top_0/inst/grp_dataflow_parent_loop_proc2_fu_316/dataflow_parent_loop_proc_U0/dataflow_in_loop_Row_Loop_1_U0/compute_and_write_row4_U0/grp_compute_and_write_row4_Pipeline_Acc_TileN_Conv_KY_Conv_KX_Conv_C_fu_306/add_33s_33s_33_1_1_U251/dout input design_1_i/cnn_accel_top_0/inst/grp_dataflow_parent_loop_proc2_fu_316/dataflow_parent_loop_proc_U0/dataflow_in_loop_Row_Loop_1_U0/compute_and_write_row4_U0/grp_compute_and_write_row4_Pipeline_Acc_TileN_Conv_KY_Conv_KX_Conv_C_fu_306/add_33s_33s_33_1_1_U251/dout/B[17:0] is not pipelined. Pipelining DSP48 input will improve performance.
Related violations: <none>

DPIP-2#84 Warning
Input pipelining  
DSP design_1_i/cnn_accel_top_0/inst/grp_dataflow_parent_loop_proc2_fu_316/dataflow_parent_loop_proc_U0/dataflow_in_loop_Row_Loop_1_U0/compute_and_write_row4_U0/grp_compute_and_write_row4_Pipeline_Acc_TileN_Conv_KY_Conv_KX_Conv_C_fu_306/add_33s_33s_33_1_1_U251/dout input design_1_i/cnn_accel_top_0/inst/grp_dataflow_parent_loop_proc2_fu_316/dataflow_parent_loop_proc_U0/dataflow_in_loop_Row_Loop_1_U0/compute_and_write_row4_U0/grp_compute_and_write_row4_Pipeline_Acc_TileN_Conv_KY_Conv_KX_Conv_C_fu_306/add_33s_33s_33_1_1_U251/dout/C[47:0] is not pipelined. Pipelining DSP48 input will improve performance.
Related violations: <none>

DPIP-2#85 Warning
Input pipelining  
DSP design_1_i/cnn_accel_top_0/inst/grp_dataflow_parent_loop_proc2_fu_316/dataflow_parent_loop_proc_U0/dataflow_in_loop_Row_Loop_1_U0/compute_and_write_row4_U0/grp_compute_and_write_row4_Pipeline_Acc_TileN_Conv_KY_Conv_KX_Conv_C_fu_306/add_33s_33s_33_1_1_U262/dout input design_1_i/cnn_accel_top_0/inst/grp_dataflow_parent_loop_proc2_fu_316/dataflow_parent_loop_proc_U0/dataflow_in_loop_Row_Loop_1_U0/compute_and_write_row4_U0/grp_compute_and_write_row4_Pipeline_Acc_TileN_Conv_KY_Conv_KX_Conv_C_fu_306/add_33s_33s_33_1_1_U262/dout/A[29:0] is not pipelined. Pipelining DSP48 input will improve performance.
Related violations: <none>

DPIP-2#86 Warning
Input pipelining  
DSP design_1_i/cnn_accel_top_0/inst/grp_dataflow_parent_loop_proc2_fu_316/dataflow_parent_loop_proc_U0/dataflow_in_loop_Row_Loop_1_U0/compute_and_write_row4_U0/grp_compute_and_write_row4_Pipeline_Acc_TileN_Conv_KY_Conv_KX_Conv_C_fu_306/add_33s_33s_33_1_1_U262/dout input design_1_i/cnn_accel_top_0/inst/grp_dataflow_parent_loop_proc2_fu_316/dataflow_parent_loop_proc_U0/dataflow_in_loop_Row_Loop_1_U0/compute_and_write_row4_U0/grp_compute_and_write_row4_Pipeline_Acc_TileN_Conv_KY_Conv_KX_Conv_C_fu_306/add_33s_33s_33_1_1_U262/dout/B[17:0] is not pipelined. Pipelining DSP48 input will improve performance.
Related violations: <none>

DPIP-2#87 Warning
Input pipelining  
DSP design_1_i/cnn_accel_top_0/inst/grp_dataflow_parent_loop_proc2_fu_316/dataflow_parent_loop_proc_U0/dataflow_in_loop_Row_Loop_1_U0/compute_and_write_row4_U0/grp_compute_and_write_row4_Pipeline_Acc_TileN_Conv_KY_Conv_KX_Conv_C_fu_306/add_33s_33s_33_1_1_U262/dout input design_1_i/cnn_accel_top_0/inst/grp_dataflow_parent_loop_proc2_fu_316/dataflow_parent_loop_proc_U0/dataflow_in_loop_Row_Loop_1_U0/compute_and_write_row4_U0/grp_compute_and_write_row4_Pipeline_Acc_TileN_Conv_KY_Conv_KX_Conv_C_fu_306/add_33s_33s_33_1_1_U262/dout/C[47:0] is not pipelined. Pipelining DSP48 input will improve performance.
Related violations: <none>

DPIP-2#88 Warning
Input pipelining  
DSP design_1_i/cnn_accel_top_0/inst/grp_dataflow_parent_loop_proc2_fu_316/dataflow_parent_loop_proc_U0/dataflow_in_loop_Row_Loop_1_U0/compute_and_write_row4_U0/grp_compute_and_write_row4_Pipeline_Acc_TileN_Conv_KY_Conv_KX_Conv_C_fu_306/add_33s_33s_33_1_1_U263/dout input design_1_i/cnn_accel_top_0/inst/grp_dataflow_parent_loop_proc2_fu_316/dataflow_parent_loop_proc_U0/dataflow_in_loop_Row_Loop_1_U0/compute_and_write_row4_U0/grp_compute_and_write_row4_Pipeline_Acc_TileN_Conv_KY_Conv_KX_Conv_C_fu_306/add_33s_33s_33_1_1_U263/dout/A[29:0] is not pipelined. Pipelining DSP48 input will improve performance.
Related violations: <none>

DPIP-2#89 Warning
Input pipelining  
DSP design_1_i/cnn_accel_top_0/inst/grp_dataflow_parent_loop_proc2_fu_316/dataflow_parent_loop_proc_U0/dataflow_in_loop_Row_Loop_1_U0/compute_and_write_row4_U0/grp_compute_and_write_row4_Pipeline_Acc_TileN_Conv_KY_Conv_KX_Conv_C_fu_306/add_33s_33s_33_1_1_U263/dout input design_1_i/cnn_accel_top_0/inst/grp_dataflow_parent_loop_proc2_fu_316/dataflow_parent_loop_proc_U0/dataflow_in_loop_Row_Loop_1_U0/compute_and_write_row4_U0/grp_compute_and_write_row4_Pipeline_Acc_TileN_Conv_KY_Conv_KX_Conv_C_fu_306/add_33s_33s_33_1_1_U263/dout/B[17:0] is not pipelined. Pipelining DSP48 input will improve performance.
Related violations: <none>

DPIP-2#90 Warning
Input pipelining  
DSP design_1_i/cnn_accel_top_0/inst/grp_dataflow_parent_loop_proc2_fu_316/dataflow_parent_loop_proc_U0/dataflow_in_loop_Row_Loop_1_U0/compute_and_write_row4_U0/grp_compute_and_write_row4_Pipeline_Acc_TileN_Conv_KY_Conv_KX_Conv_C_fu_306/add_33s_33s_33_1_1_U263/dout input design_1_i/cnn_accel_top_0/inst/grp_dataflow_parent_loop_proc2_fu_316/dataflow_parent_loop_proc_U0/dataflow_in_loop_Row_Loop_1_U0/compute_and_write_row4_U0/grp_compute_and_write_row4_Pipeline_Acc_TileN_Conv_KY_Conv_KX_Conv_C_fu_306/add_33s_33s_33_1_1_U263/dout/C[47:0] is not pipelined. Pipelining DSP48 input will improve performance.
Related violations: <none>

DPIP-2#91 Warning
Input pipelining  
DSP design_1_i/cnn_accel_top_0/inst/grp_dataflow_parent_loop_proc2_fu_316/dataflow_parent_loop_proc_U0/dataflow_in_loop_Row_Loop_1_U0/compute_and_write_row4_U0/grp_compute_and_write_row4_Pipeline_Acc_TileN_Conv_KY_Conv_KX_Conv_C_fu_306/add_33s_33s_33_1_1_U264/dout input design_1_i/cnn_accel_top_0/inst/grp_dataflow_parent_loop_proc2_fu_316/dataflow_parent_loop_proc_U0/dataflow_in_loop_Row_Loop_1_U0/compute_and_write_row4_U0/grp_compute_and_write_row4_Pipeline_Acc_TileN_Conv_KY_Conv_KX_Conv_C_fu_306/add_33s_33s_33_1_1_U264/dout/A[29:0] is not pipelined. Pipelining DSP48 input will improve performance.
Related violations: <none>

DPIP-2#92 Warning
Input pipelining  
DSP design_1_i/cnn_accel_top_0/inst/grp_dataflow_parent_loop_proc2_fu_316/dataflow_parent_loop_proc_U0/dataflow_in_loop_Row_Loop_1_U0/compute_and_write_row4_U0/grp_compute_and_write_row4_Pipeline_Acc_TileN_Conv_KY_Conv_KX_Conv_C_fu_306/add_33s_33s_33_1_1_U264/dout input design_1_i/cnn_accel_top_0/inst/grp_dataflow_parent_loop_proc2_fu_316/dataflow_parent_loop_proc_U0/dataflow_in_loop_Row_Loop_1_U0/compute_and_write_row4_U0/grp_compute_and_write_row4_Pipeline_Acc_TileN_Conv_KY_Conv_KX_Conv_C_fu_306/add_33s_33s_33_1_1_U264/dout/B[17:0] is not pipelined. Pipelining DSP48 input will improve performance.
Related violations: <none>

DPIP-2#93 Warning
Input pipelining  
DSP design_1_i/cnn_accel_top_0/inst/grp_dataflow_parent_loop_proc2_fu_316/dataflow_parent_loop_proc_U0/dataflow_in_loop_Row_Loop_1_U0/compute_and_write_row4_U0/grp_compute_and_write_row4_Pipeline_Acc_TileN_Conv_KY_Conv_KX_Conv_C_fu_306/add_33s_33s_33_1_1_U264/dout input design_1_i/cnn_accel_top_0/inst/grp_dataflow_parent_loop_proc2_fu_316/dataflow_parent_loop_proc_U0/dataflow_in_loop_Row_Loop_1_U0/compute_and_write_row4_U0/grp_compute_and_write_row4_Pipeline_Acc_TileN_Conv_KY_Conv_KX_Conv_C_fu_306/add_33s_33s_33_1_1_U264/dout/C[47:0] is not pipelined. Pipelining DSP48 input will improve performance.
Related violations: <none>

DPIP-2#94 Warning
Input pipelining  
DSP design_1_i/cnn_accel_top_0/inst/grp_dataflow_parent_loop_proc2_fu_316/dataflow_parent_loop_proc_U0/dataflow_in_loop_Row_Loop_1_U0/compute_and_write_row4_U0/grp_compute_and_write_row4_Pipeline_Acc_TileN_Conv_KY_Conv_KX_Conv_C_fu_306/add_33s_33s_33_1_1_U265/dout input design_1_i/cnn_accel_top_0/inst/grp_dataflow_parent_loop_proc2_fu_316/dataflow_parent_loop_proc_U0/dataflow_in_loop_Row_Loop_1_U0/compute_and_write_row4_U0/grp_compute_and_write_row4_Pipeline_Acc_TileN_Conv_KY_Conv_KX_Conv_C_fu_306/add_33s_33s_33_1_1_U265/dout/A[29:0] is not pipelined. Pipelining DSP48 input will improve performance.
Related violations: <none>

DPIP-2#95 Warning
Input pipelining  
DSP design_1_i/cnn_accel_top_0/inst/grp_dataflow_parent_loop_proc2_fu_316/dataflow_parent_loop_proc_U0/dataflow_in_loop_Row_Loop_1_U0/compute_and_write_row4_U0/grp_compute_and_write_row4_Pipeline_Acc_TileN_Conv_KY_Conv_KX_Conv_C_fu_306/add_33s_33s_33_1_1_U265/dout input design_1_i/cnn_accel_top_0/inst/grp_dataflow_parent_loop_proc2_fu_316/dataflow_parent_loop_proc_U0/dataflow_in_loop_Row_Loop_1_U0/compute_and_write_row4_U0/grp_compute_and_write_row4_Pipeline_Acc_TileN_Conv_KY_Conv_KX_Conv_C_fu_306/add_33s_33s_33_1_1_U265/dout/B[17:0] is not pipelined. Pipelining DSP48 input will improve performance.
Related violations: <none>

DPIP-2#96 Warning
Input pipelining  
DSP design_1_i/cnn_accel_top_0/inst/grp_dataflow_parent_loop_proc2_fu_316/dataflow_parent_loop_proc_U0/dataflow_in_loop_Row_Loop_1_U0/compute_and_write_row4_U0/grp_compute_and_write_row4_Pipeline_Acc_TileN_Conv_KY_Conv_KX_Conv_C_fu_306/add_33s_33s_33_1_1_U265/dout input design_1_i/cnn_accel_top_0/inst/grp_dataflow_parent_loop_proc2_fu_316/dataflow_parent_loop_proc_U0/dataflow_in_loop_Row_Loop_1_U0/compute_and_write_row4_U0/grp_compute_and_write_row4_Pipeline_Acc_TileN_Conv_KY_Conv_KX_Conv_C_fu_306/add_33s_33s_33_1_1_U265/dout/C[47:0] is not pipelined. Pipelining DSP48 input will improve performance.
Related violations: <none>

DPIP-2#97 Warning
Input pipelining  
DSP design_1_i/cnn_accel_top_0/inst/grp_dataflow_parent_loop_proc2_fu_316/dataflow_parent_loop_proc_U0/dataflow_in_loop_Row_Loop_1_U0/compute_and_write_row4_U0/grp_compute_and_write_row4_Pipeline_Acc_TileN_Conv_KY_Conv_KX_Conv_C_fu_306/add_33s_33s_33_1_1_U276/dout input design_1_i/cnn_accel_top_0/inst/grp_dataflow_parent_loop_proc2_fu_316/dataflow_parent_loop_proc_U0/dataflow_in_loop_Row_Loop_1_U0/compute_and_write_row4_U0/grp_compute_and_write_row4_Pipeline_Acc_TileN_Conv_KY_Conv_KX_Conv_C_fu_306/add_33s_33s_33_1_1_U276/dout/A[29:0] is not pipelined. Pipelining DSP48 input will improve performance.
Related violations: <none>

DPIP-2#98 Warning
Input pipelining  
DSP design_1_i/cnn_accel_top_0/inst/grp_dataflow_parent_loop_proc2_fu_316/dataflow_parent_loop_proc_U0/dataflow_in_loop_Row_Loop_1_U0/compute_and_write_row4_U0/grp_compute_and_write_row4_Pipeline_Acc_TileN_Conv_KY_Conv_KX_Conv_C_fu_306/add_33s_33s_33_1_1_U276/dout input design_1_i/cnn_accel_top_0/inst/grp_dataflow_parent_loop_proc2_fu_316/dataflow_parent_loop_proc_U0/dataflow_in_loop_Row_Loop_1_U0/compute_and_write_row4_U0/grp_compute_and_write_row4_Pipeline_Acc_TileN_Conv_KY_Conv_KX_Conv_C_fu_306/add_33s_33s_33_1_1_U276/dout/B[17:0] is not pipelined. Pipelining DSP48 input will improve performance.
Related violations: <none>

DPIP-2#99 Warning
Input pipelining  
DSP design_1_i/cnn_accel_top_0/inst/grp_dataflow_parent_loop_proc2_fu_316/dataflow_parent_loop_proc_U0/dataflow_in_loop_Row_Loop_1_U0/compute_and_write_row4_U0/grp_compute_and_write_row4_Pipeline_Acc_TileN_Conv_KY_Conv_KX_Conv_C_fu_306/add_33s_33s_33_1_1_U276/dout input design_1_i/cnn_accel_top_0/inst/grp_dataflow_parent_loop_proc2_fu_316/dataflow_parent_loop_proc_U0/dataflow_in_loop_Row_Loop_1_U0/compute_and_write_row4_U0/grp_compute_and_write_row4_Pipeline_Acc_TileN_Conv_KY_Conv_KX_Conv_C_fu_306/add_33s_33s_33_1_1_U276/dout/C[47:0] is not pipelined. Pipelining DSP48 input will improve performance.
Related violations: <none>

DPIP-2#100 Warning
Input pipelining  
DSP design_1_i/cnn_accel_top_0/inst/grp_dataflow_parent_loop_proc2_fu_316/dataflow_parent_loop_proc_U0/dataflow_in_loop_Row_Loop_1_U0/compute_and_write_row4_U0/grp_compute_and_write_row4_Pipeline_Acc_TileN_Conv_KY_Conv_KX_Conv_C_fu_306/add_33s_33s_33_1_1_U277/dout input design_1_i/cnn_accel_top_0/inst/grp_dataflow_parent_loop_proc2_fu_316/dataflow_parent_loop_proc_U0/dataflow_in_loop_Row_Loop_1_U0/compute_and_write_row4_U0/grp_compute_and_write_row4_Pipeline_Acc_TileN_Conv_KY_Conv_KX_Conv_C_fu_306/add_33s_33s_33_1_1_U277/dout/A[29:0] is not pipelined. Pipelining DSP48 input will improve performance.
Related violations: <none>

DPIP-2#101 Warning
Input pipelining  
DSP design_1_i/cnn_accel_top_0/inst/grp_dataflow_parent_loop_proc2_fu_316/dataflow_parent_loop_proc_U0/dataflow_in_loop_Row_Loop_1_U0/compute_and_write_row4_U0/grp_compute_and_write_row4_Pipeline_Acc_TileN_Conv_KY_Conv_KX_Conv_C_fu_306/add_33s_33s_33_1_1_U277/dout input design_1_i/cnn_accel_top_0/inst/grp_dataflow_parent_loop_proc2_fu_316/dataflow_parent_loop_proc_U0/dataflow_in_loop_Row_Loop_1_U0/compute_and_write_row4_U0/grp_compute_and_write_row4_Pipeline_Acc_TileN_Conv_KY_Conv_KX_Conv_C_fu_306/add_33s_33s_33_1_1_U277/dout/B[17:0] is not pipelined. Pipelining DSP48 input will improve performance.
Related violations: <none>

DPIP-2#102 Warning
Input pipelining  
DSP design_1_i/cnn_accel_top_0/inst/grp_dataflow_parent_loop_proc2_fu_316/dataflow_parent_loop_proc_U0/dataflow_in_loop_Row_Loop_1_U0/compute_and_write_row4_U0/grp_compute_and_write_row4_Pipeline_Acc_TileN_Conv_KY_Conv_KX_Conv_C_fu_306/add_33s_33s_33_1_1_U277/dout input design_1_i/cnn_accel_top_0/inst/grp_dataflow_parent_loop_proc2_fu_316/dataflow_parent_loop_proc_U0/dataflow_in_loop_Row_Loop_1_U0/compute_and_write_row4_U0/grp_compute_and_write_row4_Pipeline_Acc_TileN_Conv_KY_Conv_KX_Conv_C_fu_306/add_33s_33s_33_1_1_U277/dout/C[47:0] is not pipelined. Pipelining DSP48 input will improve performance.
Related violations: <none>

DPIP-2#103 Warning
Input pipelining  
DSP design_1_i/cnn_accel_top_0/inst/grp_dataflow_parent_loop_proc2_fu_316/dataflow_parent_loop_proc_U0/dataflow_in_loop_Row_Loop_1_U0/compute_and_write_row4_U0/grp_compute_and_write_row4_Pipeline_Acc_TileN_Conv_KY_Conv_KX_Conv_C_fu_306/add_33s_33s_33_1_1_U278/dout input design_1_i/cnn_accel_top_0/inst/grp_dataflow_parent_loop_proc2_fu_316/dataflow_parent_loop_proc_U0/dataflow_in_loop_Row_Loop_1_U0/compute_and_write_row4_U0/grp_compute_and_write_row4_Pipeline_Acc_TileN_Conv_KY_Conv_KX_Conv_C_fu_306/add_33s_33s_33_1_1_U278/dout/A[29:0] is not pipelined. Pipelining DSP48 input will improve performance.
Related violations: <none>

DPIP-2#104 Warning
Input pipelining  
DSP design_1_i/cnn_accel_top_0/inst/grp_dataflow_parent_loop_proc2_fu_316/dataflow_parent_loop_proc_U0/dataflow_in_loop_Row_Loop_1_U0/compute_and_write_row4_U0/grp_compute_and_write_row4_Pipeline_Acc_TileN_Conv_KY_Conv_KX_Conv_C_fu_306/add_33s_33s_33_1_1_U278/dout input design_1_i/cnn_accel_top_0/inst/grp_dataflow_parent_loop_proc2_fu_316/dataflow_parent_loop_proc_U0/dataflow_in_loop_Row_Loop_1_U0/compute_and_write_row4_U0/grp_compute_and_write_row4_Pipeline_Acc_TileN_Conv_KY_Conv_KX_Conv_C_fu_306/add_33s_33s_33_1_1_U278/dout/B[17:0] is not pipelined. Pipelining DSP48 input will improve performance.
Related violations: <none>

DPIP-2#105 Warning
Input pipelining  
DSP design_1_i/cnn_accel_top_0/inst/grp_dataflow_parent_loop_proc2_fu_316/dataflow_parent_loop_proc_U0/dataflow_in_loop_Row_Loop_1_U0/compute_and_write_row4_U0/grp_compute_and_write_row4_Pipeline_Acc_TileN_Conv_KY_Conv_KX_Conv_C_fu_306/add_33s_33s_33_1_1_U278/dout input design_1_i/cnn_accel_top_0/inst/grp_dataflow_parent_loop_proc2_fu_316/dataflow_parent_loop_proc_U0/dataflow_in_loop_Row_Loop_1_U0/compute_and_write_row4_U0/grp_compute_and_write_row4_Pipeline_Acc_TileN_Conv_KY_Conv_KX_Conv_C_fu_306/add_33s_33s_33_1_1_U278/dout/C[47:0] is not pipelined. Pipelining DSP48 input will improve performance.
Related violations: <none>

DPIP-2#106 Warning
Input pipelining  
DSP design_1_i/cnn_accel_top_0/inst/grp_dataflow_parent_loop_proc2_fu_316/dataflow_parent_loop_proc_U0/dataflow_in_loop_Row_Loop_1_U0/compute_and_write_row4_U0/grp_compute_and_write_row4_Pipeline_Acc_TileN_Conv_KY_Conv_KX_Conv_C_fu_306/add_33s_33s_33_1_1_U279/dout input design_1_i/cnn_accel_top_0/inst/grp_dataflow_parent_loop_proc2_fu_316/dataflow_parent_loop_proc_U0/dataflow_in_loop_Row_Loop_1_U0/compute_and_write_row4_U0/grp_compute_and_write_row4_Pipeline_Acc_TileN_Conv_KY_Conv_KX_Conv_C_fu_306/add_33s_33s_33_1_1_U279/dout/A[29:0] is not pipelined. Pipelining DSP48 input will improve performance.
Related violations: <none>

DPIP-2#107 Warning
Input pipelining  
DSP design_1_i/cnn_accel_top_0/inst/grp_dataflow_parent_loop_proc2_fu_316/dataflow_parent_loop_proc_U0/dataflow_in_loop_Row_Loop_1_U0/compute_and_write_row4_U0/grp_compute_and_write_row4_Pipeline_Acc_TileN_Conv_KY_Conv_KX_Conv_C_fu_306/add_33s_33s_33_1_1_U279/dout input design_1_i/cnn_accel_top_0/inst/grp_dataflow_parent_loop_proc2_fu_316/dataflow_parent_loop_proc_U0/dataflow_in_loop_Row_Loop_1_U0/compute_and_write_row4_U0/grp_compute_and_write_row4_Pipeline_Acc_TileN_Conv_KY_Conv_KX_Conv_C_fu_306/add_33s_33s_33_1_1_U279/dout/B[17:0] is not pipelined. Pipelining DSP48 input will improve performance.
Related violations: <none>

DPIP-2#108 Warning
Input pipelining  
DSP design_1_i/cnn_accel_top_0/inst/grp_dataflow_parent_loop_proc2_fu_316/dataflow_parent_loop_proc_U0/dataflow_in_loop_Row_Loop_1_U0/compute_and_write_row4_U0/grp_compute_and_write_row4_Pipeline_Acc_TileN_Conv_KY_Conv_KX_Conv_C_fu_306/add_33s_33s_33_1_1_U279/dout input design_1_i/cnn_accel_top_0/inst/grp_dataflow_parent_loop_proc2_fu_316/dataflow_parent_loop_proc_U0/dataflow_in_loop_Row_Loop_1_U0/compute_and_write_row4_U0/grp_compute_and_write_row4_Pipeline_Acc_TileN_Conv_KY_Conv_KX_Conv_C_fu_306/add_33s_33s_33_1_1_U279/dout/C[47:0] is not pipelined. Pipelining DSP48 input will improve performance.
Related violations: <none>

DPIP-2#109 Warning
Input pipelining  
DSP design_1_i/cnn_accel_top_0/inst/grp_dataflow_parent_loop_proc2_fu_316/dataflow_parent_loop_proc_U0/dataflow_in_loop_Row_Loop_1_U0/compute_and_write_row4_U0/grp_compute_and_write_row4_Pipeline_Acc_TileN_Conv_KY_Conv_KX_Conv_C_fu_306/add_33s_33s_33_1_1_U290/dout input design_1_i/cnn_accel_top_0/inst/grp_dataflow_parent_loop_proc2_fu_316/dataflow_parent_loop_proc_U0/dataflow_in_loop_Row_Loop_1_U0/compute_and_write_row4_U0/grp_compute_and_write_row4_Pipeline_Acc_TileN_Conv_KY_Conv_KX_Conv_C_fu_306/add_33s_33s_33_1_1_U290/dout/A[29:0] is not pipelined. Pipelining DSP48 input will improve performance.
Related violations: <none>

DPIP-2#110 Warning
Input pipelining  
DSP design_1_i/cnn_accel_top_0/inst/grp_dataflow_parent_loop_proc2_fu_316/dataflow_parent_loop_proc_U0/dataflow_in_loop_Row_Loop_1_U0/compute_and_write_row4_U0/grp_compute_and_write_row4_Pipeline_Acc_TileN_Conv_KY_Conv_KX_Conv_C_fu_306/add_33s_33s_33_1_1_U290/dout input design_1_i/cnn_accel_top_0/inst/grp_dataflow_parent_loop_proc2_fu_316/dataflow_parent_loop_proc_U0/dataflow_in_loop_Row_Loop_1_U0/compute_and_write_row4_U0/grp_compute_and_write_row4_Pipeline_Acc_TileN_Conv_KY_Conv_KX_Conv_C_fu_306/add_33s_33s_33_1_1_U290/dout/B[17:0] is not pipelined. Pipelining DSP48 input will improve performance.
Related violations: <none>

DPIP-2#111 Warning
Input pipelining  
DSP design_1_i/cnn_accel_top_0/inst/grp_dataflow_parent_loop_proc2_fu_316/dataflow_parent_loop_proc_U0/dataflow_in_loop_Row_Loop_1_U0/compute_and_write_row4_U0/grp_compute_and_write_row4_Pipeline_Acc_TileN_Conv_KY_Conv_KX_Conv_C_fu_306/add_33s_33s_33_1_1_U290/dout input design_1_i/cnn_accel_top_0/inst/grp_dataflow_parent_loop_proc2_fu_316/dataflow_parent_loop_proc_U0/dataflow_in_loop_Row_Loop_1_U0/compute_and_write_row4_U0/grp_compute_and_write_row4_Pipeline_Acc_TileN_Conv_KY_Conv_KX_Conv_C_fu_306/add_33s_33s_33_1_1_U290/dout/C[47:0] is not pipelined. Pipelining DSP48 input will improve performance.
Related violations: <none>

DPIP-2#112 Warning
Input pipelining  
DSP design_1_i/cnn_accel_top_0/inst/grp_dataflow_parent_loop_proc2_fu_316/dataflow_parent_loop_proc_U0/dataflow_in_loop_Row_Loop_1_U0/compute_and_write_row4_U0/grp_compute_and_write_row4_Pipeline_Acc_TileN_Conv_KY_Conv_KX_Conv_C_fu_306/add_33s_33s_33_1_1_U291/dout input design_1_i/cnn_accel_top_0/inst/grp_dataflow_parent_loop_proc2_fu_316/dataflow_parent_loop_proc_U0/dataflow_in_loop_Row_Loop_1_U0/compute_and_write_row4_U0/grp_compute_and_write_row4_Pipeline_Acc_TileN_Conv_KY_Conv_KX_Conv_C_fu_306/add_33s_33s_33_1_1_U291/dout/A[29:0] is not pipelined. Pipelining DSP48 input will improve performance.
Related violations: <none>

DPIP-2#113 Warning
Input pipelining  
DSP design_1_i/cnn_accel_top_0/inst/grp_dataflow_parent_loop_proc2_fu_316/dataflow_parent_loop_proc_U0/dataflow_in_loop_Row_Loop_1_U0/compute_and_write_row4_U0/grp_compute_and_write_row4_Pipeline_Acc_TileN_Conv_KY_Conv_KX_Conv_C_fu_306/add_33s_33s_33_1_1_U291/dout input design_1_i/cnn_accel_top_0/inst/grp_dataflow_parent_loop_proc2_fu_316/dataflow_parent_loop_proc_U0/dataflow_in_loop_Row_Loop_1_U0/compute_and_write_row4_U0/grp_compute_and_write_row4_Pipeline_Acc_TileN_Conv_KY_Conv_KX_Conv_C_fu_306/add_33s_33s_33_1_1_U291/dout/B[17:0] is not pipelined. Pipelining DSP48 input will improve performance.
Related violations: <none>

DPIP-2#114 Warning
Input pipelining  
DSP design_1_i/cnn_accel_top_0/inst/grp_dataflow_parent_loop_proc2_fu_316/dataflow_parent_loop_proc_U0/dataflow_in_loop_Row_Loop_1_U0/compute_and_write_row4_U0/grp_compute_and_write_row4_Pipeline_Acc_TileN_Conv_KY_Conv_KX_Conv_C_fu_306/add_33s_33s_33_1_1_U291/dout input design_1_i/cnn_accel_top_0/inst/grp_dataflow_parent_loop_proc2_fu_316/dataflow_parent_loop_proc_U0/dataflow_in_loop_Row_Loop_1_U0/compute_and_write_row4_U0/grp_compute_and_write_row4_Pipeline_Acc_TileN_Conv_KY_Conv_KX_Conv_C_fu_306/add_33s_33s_33_1_1_U291/dout/C[47:0] is not pipelined. Pipelining DSP48 input will improve performance.
Related violations: <none>

DPIP-2#115 Warning
Input pipelining  
DSP design_1_i/cnn_accel_top_0/inst/grp_dataflow_parent_loop_proc2_fu_316/dataflow_parent_loop_proc_U0/dataflow_in_loop_Row_Loop_1_U0/compute_and_write_row4_U0/grp_compute_and_write_row4_Pipeline_Acc_TileN_Conv_KY_Conv_KX_Conv_C_fu_306/add_33s_33s_33_1_1_U292/dout input design_1_i/cnn_accel_top_0/inst/grp_dataflow_parent_loop_proc2_fu_316/dataflow_parent_loop_proc_U0/dataflow_in_loop_Row_Loop_1_U0/compute_and_write_row4_U0/grp_compute_and_write_row4_Pipeline_Acc_TileN_Conv_KY_Conv_KX_Conv_C_fu_306/add_33s_33s_33_1_1_U292/dout/A[29:0] is not pipelined. Pipelining DSP48 input will improve performance.
Related violations: <none>

DPIP-2#116 Warning
Input pipelining  
DSP design_1_i/cnn_accel_top_0/inst/grp_dataflow_parent_loop_proc2_fu_316/dataflow_parent_loop_proc_U0/dataflow_in_loop_Row_Loop_1_U0/compute_and_write_row4_U0/grp_compute_and_write_row4_Pipeline_Acc_TileN_Conv_KY_Conv_KX_Conv_C_fu_306/add_33s_33s_33_1_1_U292/dout input design_1_i/cnn_accel_top_0/inst/grp_dataflow_parent_loop_proc2_fu_316/dataflow_parent_loop_proc_U0/dataflow_in_loop_Row_Loop_1_U0/compute_and_write_row4_U0/grp_compute_and_write_row4_Pipeline_Acc_TileN_Conv_KY_Conv_KX_Conv_C_fu_306/add_33s_33s_33_1_1_U292/dout/B[17:0] is not pipelined. Pipelining DSP48 input will improve performance.
Related violations: <none>

DPIP-2#117 Warning
Input pipelining  
DSP design_1_i/cnn_accel_top_0/inst/grp_dataflow_parent_loop_proc2_fu_316/dataflow_parent_loop_proc_U0/dataflow_in_loop_Row_Loop_1_U0/compute_and_write_row4_U0/grp_compute_and_write_row4_Pipeline_Acc_TileN_Conv_KY_Conv_KX_Conv_C_fu_306/add_33s_33s_33_1_1_U292/dout input design_1_i/cnn_accel_top_0/inst/grp_dataflow_parent_loop_proc2_fu_316/dataflow_parent_loop_proc_U0/dataflow_in_loop_Row_Loop_1_U0/compute_and_write_row4_U0/grp_compute_and_write_row4_Pipeline_Acc_TileN_Conv_KY_Conv_KX_Conv_C_fu_306/add_33s_33s_33_1_1_U292/dout/C[47:0] is not pipelined. Pipelining DSP48 input will improve performance.
Related violations: <none>

DPIP-2#118 Warning
Input pipelining  
DSP design_1_i/cnn_accel_top_0/inst/grp_dataflow_parent_loop_proc2_fu_316/dataflow_parent_loop_proc_U0/dataflow_in_loop_Row_Loop_1_U0/compute_and_write_row4_U0/grp_compute_and_write_row4_Pipeline_Acc_TileN_Conv_KY_Conv_KX_Conv_C_fu_306/add_33s_33s_33_1_1_U293/dout input design_1_i/cnn_accel_top_0/inst/grp_dataflow_parent_loop_proc2_fu_316/dataflow_parent_loop_proc_U0/dataflow_in_loop_Row_Loop_1_U0/compute_and_write_row4_U0/grp_compute_and_write_row4_Pipeline_Acc_TileN_Conv_KY_Conv_KX_Conv_C_fu_306/add_33s_33s_33_1_1_U293/dout/A[29:0] is not pipelined. Pipelining DSP48 input will improve performance.
Related violations: <none>

DPIP-2#119 Warning
Input pipelining  
DSP design_1_i/cnn_accel_top_0/inst/grp_dataflow_parent_loop_proc2_fu_316/dataflow_parent_loop_proc_U0/dataflow_in_loop_Row_Loop_1_U0/compute_and_write_row4_U0/grp_compute_and_write_row4_Pipeline_Acc_TileN_Conv_KY_Conv_KX_Conv_C_fu_306/add_33s_33s_33_1_1_U293/dout input design_1_i/cnn_accel_top_0/inst/grp_dataflow_parent_loop_proc2_fu_316/dataflow_parent_loop_proc_U0/dataflow_in_loop_Row_Loop_1_U0/compute_and_write_row4_U0/grp_compute_and_write_row4_Pipeline_Acc_TileN_Conv_KY_Conv_KX_Conv_C_fu_306/add_33s_33s_33_1_1_U293/dout/B[17:0] is not pipelined. Pipelining DSP48 input will improve performance.
Related violations: <none>

DPIP-2#120 Warning
Input pipelining  
DSP design_1_i/cnn_accel_top_0/inst/grp_dataflow_parent_loop_proc2_fu_316/dataflow_parent_loop_proc_U0/dataflow_in_loop_Row_Loop_1_U0/compute_and_write_row4_U0/grp_compute_and_write_row4_Pipeline_Acc_TileN_Conv_KY_Conv_KX_Conv_C_fu_306/add_33s_33s_33_1_1_U293/dout input design_1_i/cnn_accel_top_0/inst/grp_dataflow_parent_loop_proc2_fu_316/dataflow_parent_loop_proc_U0/dataflow_in_loop_Row_Loop_1_U0/compute_and_write_row4_U0/grp_compute_and_write_row4_Pipeline_Acc_TileN_Conv_KY_Conv_KX_Conv_C_fu_306/add_33s_33s_33_1_1_U293/dout/C[47:0] is not pipelined. Pipelining DSP48 input will improve performance.
Related violations: <none>

DPIP-2#121 Warning
Input pipelining  
DSP design_1_i/cnn_accel_top_0/inst/grp_dataflow_parent_loop_proc2_fu_316/dataflow_parent_loop_proc_U0/dataflow_in_loop_Row_Loop_1_U0/compute_and_write_row4_U0/grp_compute_and_write_row4_Pipeline_Acc_TileN_Conv_KY_Conv_KX_Conv_C_fu_306/add_33s_33s_33_1_1_U304/dout input design_1_i/cnn_accel_top_0/inst/grp_dataflow_parent_loop_proc2_fu_316/dataflow_parent_loop_proc_U0/dataflow_in_loop_Row_Loop_1_U0/compute_and_write_row4_U0/grp_compute_and_write_row4_Pipeline_Acc_TileN_Conv_KY_Conv_KX_Conv_C_fu_306/add_33s_33s_33_1_1_U304/dout/A[29:0] is not pipelined. Pipelining DSP48 input will improve performance.
Related violations: <none>

DPIP-2#122 Warning
Input pipelining  
DSP design_1_i/cnn_accel_top_0/inst/grp_dataflow_parent_loop_proc2_fu_316/dataflow_parent_loop_proc_U0/dataflow_in_loop_Row_Loop_1_U0/compute_and_write_row4_U0/grp_compute_and_write_row4_Pipeline_Acc_TileN_Conv_KY_Conv_KX_Conv_C_fu_306/add_33s_33s_33_1_1_U304/dout input design_1_i/cnn_accel_top_0/inst/grp_dataflow_parent_loop_proc2_fu_316/dataflow_parent_loop_proc_U0/dataflow_in_loop_Row_Loop_1_U0/compute_and_write_row4_U0/grp_compute_and_write_row4_Pipeline_Acc_TileN_Conv_KY_Conv_KX_Conv_C_fu_306/add_33s_33s_33_1_1_U304/dout/B[17:0] is not pipelined. Pipelining DSP48 input will improve performance.
Related violations: <none>

DPIP-2#123 Warning
Input pipelining  
DSP design_1_i/cnn_accel_top_0/inst/grp_dataflow_parent_loop_proc2_fu_316/dataflow_parent_loop_proc_U0/dataflow_in_loop_Row_Loop_1_U0/compute_and_write_row4_U0/grp_compute_and_write_row4_Pipeline_Acc_TileN_Conv_KY_Conv_KX_Conv_C_fu_306/add_33s_33s_33_1_1_U304/dout input design_1_i/cnn_accel_top_0/inst/grp_dataflow_parent_loop_proc2_fu_316/dataflow_parent_loop_proc_U0/dataflow_in_loop_Row_Loop_1_U0/compute_and_write_row4_U0/grp_compute_and_write_row4_Pipeline_Acc_TileN_Conv_KY_Conv_KX_Conv_C_fu_306/add_33s_33s_33_1_1_U304/dout/C[47:0] is not pipelined. Pipelining DSP48 input will improve performance.
Related violations: <none>

DPIP-2#124 Warning
Input pipelining  
DSP design_1_i/cnn_accel_top_0/inst/grp_dataflow_parent_loop_proc2_fu_316/dataflow_parent_loop_proc_U0/dataflow_in_loop_Row_Loop_1_U0/compute_and_write_row4_U0/grp_compute_and_write_row4_Pipeline_Acc_TileN_Conv_KY_Conv_KX_Conv_C_fu_306/add_33s_33s_33_1_1_U305/dout input design_1_i/cnn_accel_top_0/inst/grp_dataflow_parent_loop_proc2_fu_316/dataflow_parent_loop_proc_U0/dataflow_in_loop_Row_Loop_1_U0/compute_and_write_row4_U0/grp_compute_and_write_row4_Pipeline_Acc_TileN_Conv_KY_Conv_KX_Conv_C_fu_306/add_33s_33s_33_1_1_U305/dout/A[29:0] is not pipelined. Pipelining DSP48 input will improve performance.
Related violations: <none>

DPIP-2#125 Warning
Input pipelining  
DSP design_1_i/cnn_accel_top_0/inst/grp_dataflow_parent_loop_proc2_fu_316/dataflow_parent_loop_proc_U0/dataflow_in_loop_Row_Loop_1_U0/compute_and_write_row4_U0/grp_compute_and_write_row4_Pipeline_Acc_TileN_Conv_KY_Conv_KX_Conv_C_fu_306/add_33s_33s_33_1_1_U305/dout input design_1_i/cnn_accel_top_0/inst/grp_dataflow_parent_loop_proc2_fu_316/dataflow_parent_loop_proc_U0/dataflow_in_loop_Row_Loop_1_U0/compute_and_write_row4_U0/grp_compute_and_write_row4_Pipeline_Acc_TileN_Conv_KY_Conv_KX_Conv_C_fu_306/add_33s_33s_33_1_1_U305/dout/B[17:0] is not pipelined. Pipelining DSP48 input will improve performance.
Related violations: <none>

DPIP-2#126 Warning
Input pipelining  
DSP design_1_i/cnn_accel_top_0/inst/grp_dataflow_parent_loop_proc2_fu_316/dataflow_parent_loop_proc_U0/dataflow_in_loop_Row_Loop_1_U0/compute_and_write_row4_U0/grp_compute_and_write_row4_Pipeline_Acc_TileN_Conv_KY_Conv_KX_Conv_C_fu_306/add_33s_33s_33_1_1_U305/dout input design_1_i/cnn_accel_top_0/inst/grp_dataflow_parent_loop_proc2_fu_316/dataflow_parent_loop_proc_U0/dataflow_in_loop_Row_Loop_1_U0/compute_and_write_row4_U0/grp_compute_and_write_row4_Pipeline_Acc_TileN_Conv_KY_Conv_KX_Conv_C_fu_306/add_33s_33s_33_1_1_U305/dout/C[47:0] is not pipelined. Pipelining DSP48 input will improve performance.
Related violations: <none>

DPIP-2#127 Warning
Input pipelining  
DSP design_1_i/cnn_accel_top_0/inst/grp_dataflow_parent_loop_proc2_fu_316/dataflow_parent_loop_proc_U0/dataflow_in_loop_Row_Loop_1_U0/compute_and_write_row4_U0/grp_compute_and_write_row4_Pipeline_Acc_TileN_Conv_KY_Conv_KX_Conv_C_fu_306/add_33s_33s_33_1_1_U306/dout input design_1_i/cnn_accel_top_0/inst/grp_dataflow_parent_loop_proc2_fu_316/dataflow_parent_loop_proc_U0/dataflow_in_loop_Row_Loop_1_U0/compute_and_write_row4_U0/grp_compute_and_write_row4_Pipeline_Acc_TileN_Conv_KY_Conv_KX_Conv_C_fu_306/add_33s_33s_33_1_1_U306/dout/A[29:0] is not pipelined. Pipelining DSP48 input will improve performance.
Related violations: <none>

DPIP-2#128 Warning
Input pipelining  
DSP design_1_i/cnn_accel_top_0/inst/grp_dataflow_parent_loop_proc2_fu_316/dataflow_parent_loop_proc_U0/dataflow_in_loop_Row_Loop_1_U0/compute_and_write_row4_U0/grp_compute_and_write_row4_Pipeline_Acc_TileN_Conv_KY_Conv_KX_Conv_C_fu_306/add_33s_33s_33_1_1_U306/dout input design_1_i/cnn_accel_top_0/inst/grp_dataflow_parent_loop_proc2_fu_316/dataflow_parent_loop_proc_U0/dataflow_in_loop_Row_Loop_1_U0/compute_and_write_row4_U0/grp_compute_and_write_row4_Pipeline_Acc_TileN_Conv_KY_Conv_KX_Conv_C_fu_306/add_33s_33s_33_1_1_U306/dout/B[17:0] is not pipelined. Pipelining DSP48 input will improve performance.
Related violations: <none>

DPIP-2#129 Warning
Input pipelining  
DSP design_1_i/cnn_accel_top_0/inst/grp_dataflow_parent_loop_proc2_fu_316/dataflow_parent_loop_proc_U0/dataflow_in_loop_Row_Loop_1_U0/compute_and_write_row4_U0/grp_compute_and_write_row4_Pipeline_Acc_TileN_Conv_KY_Conv_KX_Conv_C_fu_306/add_33s_33s_33_1_1_U306/dout input design_1_i/cnn_accel_top_0/inst/grp_dataflow_parent_loop_proc2_fu_316/dataflow_parent_loop_proc_U0/dataflow_in_loop_Row_Loop_1_U0/compute_and_write_row4_U0/grp_compute_and_write_row4_Pipeline_Acc_TileN_Conv_KY_Conv_KX_Conv_C_fu_306/add_33s_33s_33_1_1_U306/dout/C[47:0] is not pipelined. Pipelining DSP48 input will improve performance.
Related violations: <none>

DPIP-2#130 Warning
Input pipelining  
DSP design_1_i/cnn_accel_top_0/inst/grp_dataflow_parent_loop_proc2_fu_316/dataflow_parent_loop_proc_U0/dataflow_in_loop_Row_Loop_1_U0/compute_and_write_row4_U0/grp_compute_and_write_row4_Pipeline_Acc_TileN_Conv_KY_Conv_KX_Conv_C_fu_306/add_33s_33s_33_1_1_U307/dout input design_1_i/cnn_accel_top_0/inst/grp_dataflow_parent_loop_proc2_fu_316/dataflow_parent_loop_proc_U0/dataflow_in_loop_Row_Loop_1_U0/compute_and_write_row4_U0/grp_compute_and_write_row4_Pipeline_Acc_TileN_Conv_KY_Conv_KX_Conv_C_fu_306/add_33s_33s_33_1_1_U307/dout/A[29:0] is not pipelined. Pipelining DSP48 input will improve performance.
Related violations: <none>

DPIP-2#131 Warning
Input pipelining  
DSP design_1_i/cnn_accel_top_0/inst/grp_dataflow_parent_loop_proc2_fu_316/dataflow_parent_loop_proc_U0/dataflow_in_loop_Row_Loop_1_U0/compute_and_write_row4_U0/grp_compute_and_write_row4_Pipeline_Acc_TileN_Conv_KY_Conv_KX_Conv_C_fu_306/add_33s_33s_33_1_1_U307/dout input design_1_i/cnn_accel_top_0/inst/grp_dataflow_parent_loop_proc2_fu_316/dataflow_parent_loop_proc_U0/dataflow_in_loop_Row_Loop_1_U0/compute_and_write_row4_U0/grp_compute_and_write_row4_Pipeline_Acc_TileN_Conv_KY_Conv_KX_Conv_C_fu_306/add_33s_33s_33_1_1_U307/dout/B[17:0] is not pipelined. Pipelining DSP48 input will improve performance.
Related violations: <none>

DPIP-2#132 Warning
Input pipelining  
DSP design_1_i/cnn_accel_top_0/inst/grp_dataflow_parent_loop_proc2_fu_316/dataflow_parent_loop_proc_U0/dataflow_in_loop_Row_Loop_1_U0/compute_and_write_row4_U0/grp_compute_and_write_row4_Pipeline_Acc_TileN_Conv_KY_Conv_KX_Conv_C_fu_306/add_33s_33s_33_1_1_U307/dout input design_1_i/cnn_accel_top_0/inst/grp_dataflow_parent_loop_proc2_fu_316/dataflow_parent_loop_proc_U0/dataflow_in_loop_Row_Loop_1_U0/compute_and_write_row4_U0/grp_compute_and_write_row4_Pipeline_Acc_TileN_Conv_KY_Conv_KX_Conv_C_fu_306/add_33s_33s_33_1_1_U307/dout/C[47:0] is not pipelined. Pipelining DSP48 input will improve performance.
Related violations: <none>

DPIP-2#133 Warning
Input pipelining  
DSP design_1_i/cnn_accel_top_0/inst/grp_dataflow_parent_loop_proc2_fu_316/dataflow_parent_loop_proc_U0/dataflow_in_loop_Row_Loop_1_U0/compute_and_write_row4_U0/grp_compute_and_write_row4_Pipeline_Acc_TileN_Conv_KY_Conv_KX_Conv_C_fu_306/add_33s_33s_33_1_1_U318/dout input design_1_i/cnn_accel_top_0/inst/grp_dataflow_parent_loop_proc2_fu_316/dataflow_parent_loop_proc_U0/dataflow_in_loop_Row_Loop_1_U0/compute_and_write_row4_U0/grp_compute_and_write_row4_Pipeline_Acc_TileN_Conv_KY_Conv_KX_Conv_C_fu_306/add_33s_33s_33_1_1_U318/dout/A[29:0] is not pipelined. Pipelining DSP48 input will improve performance.
Related violations: <none>

DPIP-2#134 Warning
Input pipelining  
DSP design_1_i/cnn_accel_top_0/inst/grp_dataflow_parent_loop_proc2_fu_316/dataflow_parent_loop_proc_U0/dataflow_in_loop_Row_Loop_1_U0/compute_and_write_row4_U0/grp_compute_and_write_row4_Pipeline_Acc_TileN_Conv_KY_Conv_KX_Conv_C_fu_306/add_33s_33s_33_1_1_U318/dout input design_1_i/cnn_accel_top_0/inst/grp_dataflow_parent_loop_proc2_fu_316/dataflow_parent_loop_proc_U0/dataflow_in_loop_Row_Loop_1_U0/compute_and_write_row4_U0/grp_compute_and_write_row4_Pipeline_Acc_TileN_Conv_KY_Conv_KX_Conv_C_fu_306/add_33s_33s_33_1_1_U318/dout/B[17:0] is not pipelined. Pipelining DSP48 input will improve performance.
Related violations: <none>

DPIP-2#135 Warning
Input pipelining  
DSP design_1_i/cnn_accel_top_0/inst/grp_dataflow_parent_loop_proc2_fu_316/dataflow_parent_loop_proc_U0/dataflow_in_loop_Row_Loop_1_U0/compute_and_write_row4_U0/grp_compute_and_write_row4_Pipeline_Acc_TileN_Conv_KY_Conv_KX_Conv_C_fu_306/add_33s_33s_33_1_1_U318/dout input design_1_i/cnn_accel_top_0/inst/grp_dataflow_parent_loop_proc2_fu_316/dataflow_parent_loop_proc_U0/dataflow_in_loop_Row_Loop_1_U0/compute_and_write_row4_U0/grp_compute_and_write_row4_Pipeline_Acc_TileN_Conv_KY_Conv_KX_Conv_C_fu_306/add_33s_33s_33_1_1_U318/dout/C[47:0] is not pipelined. Pipelining DSP48 input will improve performance.
Related violations: <none>

DPIP-2#136 Warning
Input pipelining  
DSP design_1_i/cnn_accel_top_0/inst/grp_dataflow_parent_loop_proc2_fu_316/dataflow_parent_loop_proc_U0/dataflow_in_loop_Row_Loop_1_U0/compute_and_write_row4_U0/grp_compute_and_write_row4_Pipeline_Acc_TileN_Conv_KY_Conv_KX_Conv_C_fu_306/add_33s_33s_33_1_1_U319/dout input design_1_i/cnn_accel_top_0/inst/grp_dataflow_parent_loop_proc2_fu_316/dataflow_parent_loop_proc_U0/dataflow_in_loop_Row_Loop_1_U0/compute_and_write_row4_U0/grp_compute_and_write_row4_Pipeline_Acc_TileN_Conv_KY_Conv_KX_Conv_C_fu_306/add_33s_33s_33_1_1_U319/dout/A[29:0] is not pipelined. Pipelining DSP48 input will improve performance.
Related violations: <none>

DPIP-2#137 Warning
Input pipelining  
DSP design_1_i/cnn_accel_top_0/inst/grp_dataflow_parent_loop_proc2_fu_316/dataflow_parent_loop_proc_U0/dataflow_in_loop_Row_Loop_1_U0/compute_and_write_row4_U0/grp_compute_and_write_row4_Pipeline_Acc_TileN_Conv_KY_Conv_KX_Conv_C_fu_306/add_33s_33s_33_1_1_U319/dout input design_1_i/cnn_accel_top_0/inst/grp_dataflow_parent_loop_proc2_fu_316/dataflow_parent_loop_proc_U0/dataflow_in_loop_Row_Loop_1_U0/compute_and_write_row4_U0/grp_compute_and_write_row4_Pipeline_Acc_TileN_Conv_KY_Conv_KX_Conv_C_fu_306/add_33s_33s_33_1_1_U319/dout/B[17:0] is not pipelined. Pipelining DSP48 input will improve performance.
Related violations: <none>

DPIP-2#138 Warning
Input pipelining  
DSP design_1_i/cnn_accel_top_0/inst/grp_dataflow_parent_loop_proc2_fu_316/dataflow_parent_loop_proc_U0/dataflow_in_loop_Row_Loop_1_U0/compute_and_write_row4_U0/grp_compute_and_write_row4_Pipeline_Acc_TileN_Conv_KY_Conv_KX_Conv_C_fu_306/add_33s_33s_33_1_1_U319/dout input design_1_i/cnn_accel_top_0/inst/grp_dataflow_parent_loop_proc2_fu_316/dataflow_parent_loop_proc_U0/dataflow_in_loop_Row_Loop_1_U0/compute_and_write_row4_U0/grp_compute_and_write_row4_Pipeline_Acc_TileN_Conv_KY_Conv_KX_Conv_C_fu_306/add_33s_33s_33_1_1_U319/dout/C[47:0] is not pipelined. Pipelining DSP48 input will improve performance.
Related violations: <none>

DPIP-2#139 Warning
Input pipelining  
DSP design_1_i/cnn_accel_top_0/inst/grp_dataflow_parent_loop_proc2_fu_316/dataflow_parent_loop_proc_U0/dataflow_in_loop_Row_Loop_1_U0/compute_and_write_row4_U0/grp_compute_and_write_row4_Pipeline_Acc_TileN_Conv_KY_Conv_KX_Conv_C_fu_306/add_33s_33s_33_1_1_U320/dout input design_1_i/cnn_accel_top_0/inst/grp_dataflow_parent_loop_proc2_fu_316/dataflow_parent_loop_proc_U0/dataflow_in_loop_Row_Loop_1_U0/compute_and_write_row4_U0/grp_compute_and_write_row4_Pipeline_Acc_TileN_Conv_KY_Conv_KX_Conv_C_fu_306/add_33s_33s_33_1_1_U320/dout/A[29:0] is not pipelined. Pipelining DSP48 input will improve performance.
Related violations: <none>

DPIP-2#140 Warning
Input pipelining  
DSP design_1_i/cnn_accel_top_0/inst/grp_dataflow_parent_loop_proc2_fu_316/dataflow_parent_loop_proc_U0/dataflow_in_loop_Row_Loop_1_U0/compute_and_write_row4_U0/grp_compute_and_write_row4_Pipeline_Acc_TileN_Conv_KY_Conv_KX_Conv_C_fu_306/add_33s_33s_33_1_1_U320/dout input design_1_i/cnn_accel_top_0/inst/grp_dataflow_parent_loop_proc2_fu_316/dataflow_parent_loop_proc_U0/dataflow_in_loop_Row_Loop_1_U0/compute_and_write_row4_U0/grp_compute_and_write_row4_Pipeline_Acc_TileN_Conv_KY_Conv_KX_Conv_C_fu_306/add_33s_33s_33_1_1_U320/dout/B[17:0] is not pipelined. Pipelining DSP48 input will improve performance.
Related violations: <none>

DPIP-2#141 Warning
Input pipelining  
DSP design_1_i/cnn_accel_top_0/inst/grp_dataflow_parent_loop_proc2_fu_316/dataflow_parent_loop_proc_U0/dataflow_in_loop_Row_Loop_1_U0/compute_and_write_row4_U0/grp_compute_and_write_row4_Pipeline_Acc_TileN_Conv_KY_Conv_KX_Conv_C_fu_306/add_33s_33s_33_1_1_U320/dout input design_1_i/cnn_accel_top_0/inst/grp_dataflow_parent_loop_proc2_fu_316/dataflow_parent_loop_proc_U0/dataflow_in_loop_Row_Loop_1_U0/compute_and_write_row4_U0/grp_compute_and_write_row4_Pipeline_Acc_TileN_Conv_KY_Conv_KX_Conv_C_fu_306/add_33s_33s_33_1_1_U320/dout/C[47:0] is not pipelined. Pipelining DSP48 input will improve performance.
Related violations: <none>

DPIP-2#142 Warning
Input pipelining  
DSP design_1_i/cnn_accel_top_0/inst/grp_dataflow_parent_loop_proc2_fu_316/dataflow_parent_loop_proc_U0/dataflow_in_loop_Row_Loop_1_U0/compute_and_write_row4_U0/grp_compute_and_write_row4_Pipeline_Acc_TileN_Conv_KY_Conv_KX_Conv_C_fu_306/add_33s_33s_33_1_1_U321/dout input design_1_i/cnn_accel_top_0/inst/grp_dataflow_parent_loop_proc2_fu_316/dataflow_parent_loop_proc_U0/dataflow_in_loop_Row_Loop_1_U0/compute_and_write_row4_U0/grp_compute_and_write_row4_Pipeline_Acc_TileN_Conv_KY_Conv_KX_Conv_C_fu_306/add_33s_33s_33_1_1_U321/dout/A[29:0] is not pipelined. Pipelining DSP48 input will improve performance.
Related violations: <none>

DPIP-2#143 Warning
Input pipelining  
DSP design_1_i/cnn_accel_top_0/inst/grp_dataflow_parent_loop_proc2_fu_316/dataflow_parent_loop_proc_U0/dataflow_in_loop_Row_Loop_1_U0/compute_and_write_row4_U0/grp_compute_and_write_row4_Pipeline_Acc_TileN_Conv_KY_Conv_KX_Conv_C_fu_306/add_33s_33s_33_1_1_U321/dout input design_1_i/cnn_accel_top_0/inst/grp_dataflow_parent_loop_proc2_fu_316/dataflow_parent_loop_proc_U0/dataflow_in_loop_Row_Loop_1_U0/compute_and_write_row4_U0/grp_compute_and_write_row4_Pipeline_Acc_TileN_Conv_KY_Conv_KX_Conv_C_fu_306/add_33s_33s_33_1_1_U321/dout/B[17:0] is not pipelined. Pipelining DSP48 input will improve performance.
Related violations: <none>

DPIP-2#144 Warning
Input pipelining  
DSP design_1_i/cnn_accel_top_0/inst/grp_dataflow_parent_loop_proc2_fu_316/dataflow_parent_loop_proc_U0/dataflow_in_loop_Row_Loop_1_U0/compute_and_write_row4_U0/grp_compute_and_write_row4_Pipeline_Acc_TileN_Conv_KY_Conv_KX_Conv_C_fu_306/add_33s_33s_33_1_1_U321/dout input design_1_i/cnn_accel_top_0/inst/grp_dataflow_parent_loop_proc2_fu_316/dataflow_parent_loop_proc_U0/dataflow_in_loop_Row_Loop_1_U0/compute_and_write_row4_U0/grp_compute_and_write_row4_Pipeline_Acc_TileN_Conv_KY_Conv_KX_Conv_C_fu_306/add_33s_33s_33_1_1_U321/dout/C[47:0] is not pipelined. Pipelining DSP48 input will improve performance.
Related violations: <none>

DPIP-2#145 Warning
Input pipelining  
DSP design_1_i/cnn_accel_top_0/inst/grp_dataflow_parent_loop_proc2_fu_316/dataflow_parent_loop_proc_U0/dataflow_in_loop_Row_Loop_1_U0/compute_and_write_row4_U0/grp_compute_and_write_row4_Pipeline_Acc_TileN_Conv_KY_Conv_KX_Conv_C_fu_306/add_33s_33s_33_1_1_U332/dout input design_1_i/cnn_accel_top_0/inst/grp_dataflow_parent_loop_proc2_fu_316/dataflow_parent_loop_proc_U0/dataflow_in_loop_Row_Loop_1_U0/compute_and_write_row4_U0/grp_compute_and_write_row4_Pipeline_Acc_TileN_Conv_KY_Conv_KX_Conv_C_fu_306/add_33s_33s_33_1_1_U332/dout/A[29:0] is not pipelined. Pipelining DSP48 input will improve performance.
Related violations: <none>

DPIP-2#146 Warning
Input pipelining  
DSP design_1_i/cnn_accel_top_0/inst/grp_dataflow_parent_loop_proc2_fu_316/dataflow_parent_loop_proc_U0/dataflow_in_loop_Row_Loop_1_U0/compute_and_write_row4_U0/grp_compute_and_write_row4_Pipeline_Acc_TileN_Conv_KY_Conv_KX_Conv_C_fu_306/add_33s_33s_33_1_1_U332/dout input design_1_i/cnn_accel_top_0/inst/grp_dataflow_parent_loop_proc2_fu_316/dataflow_parent_loop_proc_U0/dataflow_in_loop_Row_Loop_1_U0/compute_and_write_row4_U0/grp_compute_and_write_row4_Pipeline_Acc_TileN_Conv_KY_Conv_KX_Conv_C_fu_306/add_33s_33s_33_1_1_U332/dout/B[17:0] is not pipelined. Pipelining DSP48 input will improve performance.
Related violations: <none>

DPIP-2#147 Warning
Input pipelining  
DSP design_1_i/cnn_accel_top_0/inst/grp_dataflow_parent_loop_proc2_fu_316/dataflow_parent_loop_proc_U0/dataflow_in_loop_Row_Loop_1_U0/compute_and_write_row4_U0/grp_compute_and_write_row4_Pipeline_Acc_TileN_Conv_KY_Conv_KX_Conv_C_fu_306/add_33s_33s_33_1_1_U332/dout input design_1_i/cnn_accel_top_0/inst/grp_dataflow_parent_loop_proc2_fu_316/dataflow_parent_loop_proc_U0/dataflow_in_loop_Row_Loop_1_U0/compute_and_write_row4_U0/grp_compute_and_write_row4_Pipeline_Acc_TileN_Conv_KY_Conv_KX_Conv_C_fu_306/add_33s_33s_33_1_1_U332/dout/C[47:0] is not pipelined. Pipelining DSP48 input will improve performance.
Related violations: <none>

DPIP-2#148 Warning
Input pipelining  
DSP design_1_i/cnn_accel_top_0/inst/grp_dataflow_parent_loop_proc2_fu_316/dataflow_parent_loop_proc_U0/dataflow_in_loop_Row_Loop_1_U0/compute_and_write_row4_U0/grp_compute_and_write_row4_Pipeline_Acc_TileN_Conv_KY_Conv_KX_Conv_C_fu_306/add_33s_33s_33_1_1_U333/dout input design_1_i/cnn_accel_top_0/inst/grp_dataflow_parent_loop_proc2_fu_316/dataflow_parent_loop_proc_U0/dataflow_in_loop_Row_Loop_1_U0/compute_and_write_row4_U0/grp_compute_and_write_row4_Pipeline_Acc_TileN_Conv_KY_Conv_KX_Conv_C_fu_306/add_33s_33s_33_1_1_U333/dout/A[29:0] is not pipelined. Pipelining DSP48 input will improve performance.
Related violations: <none>

DPIP-2#149 Warning
Input pipelining  
DSP design_1_i/cnn_accel_top_0/inst/grp_dataflow_parent_loop_proc2_fu_316/dataflow_parent_loop_proc_U0/dataflow_in_loop_Row_Loop_1_U0/compute_and_write_row4_U0/grp_compute_and_write_row4_Pipeline_Acc_TileN_Conv_KY_Conv_KX_Conv_C_fu_306/add_33s_33s_33_1_1_U333/dout input design_1_i/cnn_accel_top_0/inst/grp_dataflow_parent_loop_proc2_fu_316/dataflow_parent_loop_proc_U0/dataflow_in_loop_Row_Loop_1_U0/compute_and_write_row4_U0/grp_compute_and_write_row4_Pipeline_Acc_TileN_Conv_KY_Conv_KX_Conv_C_fu_306/add_33s_33s_33_1_1_U333/dout/B[17:0] is not pipelined. Pipelining DSP48 input will improve performance.
Related violations: <none>

DPIP-2#150 Warning
Input pipelining  
DSP design_1_i/cnn_accel_top_0/inst/grp_dataflow_parent_loop_proc2_fu_316/dataflow_parent_loop_proc_U0/dataflow_in_loop_Row_Loop_1_U0/compute_and_write_row4_U0/grp_compute_and_write_row4_Pipeline_Acc_TileN_Conv_KY_Conv_KX_Conv_C_fu_306/add_33s_33s_33_1_1_U333/dout input design_1_i/cnn_accel_top_0/inst/grp_dataflow_parent_loop_proc2_fu_316/dataflow_parent_loop_proc_U0/dataflow_in_loop_Row_Loop_1_U0/compute_and_write_row4_U0/grp_compute_and_write_row4_Pipeline_Acc_TileN_Conv_KY_Conv_KX_Conv_C_fu_306/add_33s_33s_33_1_1_U333/dout/C[47:0] is not pipelined. Pipelining DSP48 input will improve performance.
Related violations: <none>

DPIP-2#151 Warning
Input pipelining  
DSP design_1_i/cnn_accel_top_0/inst/grp_dataflow_parent_loop_proc2_fu_316/dataflow_parent_loop_proc_U0/dataflow_in_loop_Row_Loop_1_U0/compute_and_write_row4_U0/grp_compute_and_write_row4_Pipeline_Acc_TileN_Conv_KY_Conv_KX_Conv_C_fu_306/add_33s_33s_33_1_1_U334/dout input design_1_i/cnn_accel_top_0/inst/grp_dataflow_parent_loop_proc2_fu_316/dataflow_parent_loop_proc_U0/dataflow_in_loop_Row_Loop_1_U0/compute_and_write_row4_U0/grp_compute_and_write_row4_Pipeline_Acc_TileN_Conv_KY_Conv_KX_Conv_C_fu_306/add_33s_33s_33_1_1_U334/dout/A[29:0] is not pipelined. Pipelining DSP48 input will improve performance.
Related violations: <none>

DPIP-2#152 Warning
Input pipelining  
DSP design_1_i/cnn_accel_top_0/inst/grp_dataflow_parent_loop_proc2_fu_316/dataflow_parent_loop_proc_U0/dataflow_in_loop_Row_Loop_1_U0/compute_and_write_row4_U0/grp_compute_and_write_row4_Pipeline_Acc_TileN_Conv_KY_Conv_KX_Conv_C_fu_306/add_33s_33s_33_1_1_U334/dout input design_1_i/cnn_accel_top_0/inst/grp_dataflow_parent_loop_proc2_fu_316/dataflow_parent_loop_proc_U0/dataflow_in_loop_Row_Loop_1_U0/compute_and_write_row4_U0/grp_compute_and_write_row4_Pipeline_Acc_TileN_Conv_KY_Conv_KX_Conv_C_fu_306/add_33s_33s_33_1_1_U334/dout/B[17:0] is not pipelined. Pipelining DSP48 input will improve performance.
Related violations: <none>

DPIP-2#153 Warning
Input pipelining  
DSP design_1_i/cnn_accel_top_0/inst/grp_dataflow_parent_loop_proc2_fu_316/dataflow_parent_loop_proc_U0/dataflow_in_loop_Row_Loop_1_U0/compute_and_write_row4_U0/grp_compute_and_write_row4_Pipeline_Acc_TileN_Conv_KY_Conv_KX_Conv_C_fu_306/add_33s_33s_33_1_1_U334/dout input design_1_i/cnn_accel_top_0/inst/grp_dataflow_parent_loop_proc2_fu_316/dataflow_parent_loop_proc_U0/dataflow_in_loop_Row_Loop_1_U0/compute_and_write_row4_U0/grp_compute_and_write_row4_Pipeline_Acc_TileN_Conv_KY_Conv_KX_Conv_C_fu_306/add_33s_33s_33_1_1_U334/dout/C[47:0] is not pipelined. Pipelining DSP48 input will improve performance.
Related violations: <none>

DPIP-2#154 Warning
Input pipelining  
DSP design_1_i/cnn_accel_top_0/inst/grp_dataflow_parent_loop_proc2_fu_316/dataflow_parent_loop_proc_U0/dataflow_in_loop_Row_Loop_1_U0/compute_and_write_row4_U0/grp_compute_and_write_row4_Pipeline_Acc_TileN_Conv_KY_Conv_KX_Conv_C_fu_306/add_33s_33s_33_1_1_U335/dout input design_1_i/cnn_accel_top_0/inst/grp_dataflow_parent_loop_proc2_fu_316/dataflow_parent_loop_proc_U0/dataflow_in_loop_Row_Loop_1_U0/compute_and_write_row4_U0/grp_compute_and_write_row4_Pipeline_Acc_TileN_Conv_KY_Conv_KX_Conv_C_fu_306/add_33s_33s_33_1_1_U335/dout/A[29:0] is not pipelined. Pipelining DSP48 input will improve performance.
Related violations: <none>

DPIP-2#155 Warning
Input pipelining  
DSP design_1_i/cnn_accel_top_0/inst/grp_dataflow_parent_loop_proc2_fu_316/dataflow_parent_loop_proc_U0/dataflow_in_loop_Row_Loop_1_U0/compute_and_write_row4_U0/grp_compute_and_write_row4_Pipeline_Acc_TileN_Conv_KY_Conv_KX_Conv_C_fu_306/add_33s_33s_33_1_1_U335/dout input design_1_i/cnn_accel_top_0/inst/grp_dataflow_parent_loop_proc2_fu_316/dataflow_parent_loop_proc_U0/dataflow_in_loop_Row_Loop_1_U0/compute_and_write_row4_U0/grp_compute_and_write_row4_Pipeline_Acc_TileN_Conv_KY_Conv_KX_Conv_C_fu_306/add_33s_33s_33_1_1_U335/dout/B[17:0] is not pipelined. Pipelining DSP48 input will improve performance.
Related violations: <none>

DPIP-2#156 Warning
Input pipelining  
DSP design_1_i/cnn_accel_top_0/inst/grp_dataflow_parent_loop_proc2_fu_316/dataflow_parent_loop_proc_U0/dataflow_in_loop_Row_Loop_1_U0/compute_and_write_row4_U0/grp_compute_and_write_row4_Pipeline_Acc_TileN_Conv_KY_Conv_KX_Conv_C_fu_306/add_33s_33s_33_1_1_U335/dout input design_1_i/cnn_accel_top_0/inst/grp_dataflow_parent_loop_proc2_fu_316/dataflow_parent_loop_proc_U0/dataflow_in_loop_Row_Loop_1_U0/compute_and_write_row4_U0/grp_compute_and_write_row4_Pipeline_Acc_TileN_Conv_KY_Conv_KX_Conv_C_fu_306/add_33s_33s_33_1_1_U335/dout/C[47:0] is not pipelined. Pipelining DSP48 input will improve performance.
Related violations: <none>

DPIP-2#157 Warning
Input pipelining  
DSP design_1_i/cnn_accel_top_0/inst/grp_dataflow_parent_loop_proc2_fu_316/dataflow_parent_loop_proc_U0/dataflow_in_loop_Row_Loop_1_U0/compute_and_write_row4_U0/grp_compute_and_write_row4_Pipeline_Acc_TileN_Conv_KY_Conv_KX_Conv_C_fu_306/add_33s_33s_33_1_1_U346/dout input design_1_i/cnn_accel_top_0/inst/grp_dataflow_parent_loop_proc2_fu_316/dataflow_parent_loop_proc_U0/dataflow_in_loop_Row_Loop_1_U0/compute_and_write_row4_U0/grp_compute_and_write_row4_Pipeline_Acc_TileN_Conv_KY_Conv_KX_Conv_C_fu_306/add_33s_33s_33_1_1_U346/dout/A[29:0] is not pipelined. Pipelining DSP48 input will improve performance.
Related violations: <none>

DPIP-2#158 Warning
Input pipelining  
DSP design_1_i/cnn_accel_top_0/inst/grp_dataflow_parent_loop_proc2_fu_316/dataflow_parent_loop_proc_U0/dataflow_in_loop_Row_Loop_1_U0/compute_and_write_row4_U0/grp_compute_and_write_row4_Pipeline_Acc_TileN_Conv_KY_Conv_KX_Conv_C_fu_306/add_33s_33s_33_1_1_U346/dout input design_1_i/cnn_accel_top_0/inst/grp_dataflow_parent_loop_proc2_fu_316/dataflow_parent_loop_proc_U0/dataflow_in_loop_Row_Loop_1_U0/compute_and_write_row4_U0/grp_compute_and_write_row4_Pipeline_Acc_TileN_Conv_KY_Conv_KX_Conv_C_fu_306/add_33s_33s_33_1_1_U346/dout/B[17:0] is not pipelined. Pipelining DSP48 input will improve performance.
Related violations: <none>

DPIP-2#159 Warning
Input pipelining  
DSP design_1_i/cnn_accel_top_0/inst/grp_dataflow_parent_loop_proc2_fu_316/dataflow_parent_loop_proc_U0/dataflow_in_loop_Row_Loop_1_U0/compute_and_write_row4_U0/grp_compute_and_write_row4_Pipeline_Acc_TileN_Conv_KY_Conv_KX_Conv_C_fu_306/add_33s_33s_33_1_1_U346/dout input design_1_i/cnn_accel_top_0/inst/grp_dataflow_parent_loop_proc2_fu_316/dataflow_parent_loop_proc_U0/dataflow_in_loop_Row_Loop_1_U0/compute_and_write_row4_U0/grp_compute_and_write_row4_Pipeline_Acc_TileN_Conv_KY_Conv_KX_Conv_C_fu_306/add_33s_33s_33_1_1_U346/dout/C[47:0] is not pipelined. Pipelining DSP48 input will improve performance.
Related violations: <none>

DPIP-2#160 Warning
Input pipelining  
DSP design_1_i/cnn_accel_top_0/inst/grp_dataflow_parent_loop_proc2_fu_316/dataflow_parent_loop_proc_U0/dataflow_in_loop_Row_Loop_1_U0/compute_and_write_row4_U0/grp_compute_and_write_row4_Pipeline_Acc_TileN_Conv_KY_Conv_KX_Conv_C_fu_306/add_33s_33s_33_1_1_U347/dout input design_1_i/cnn_accel_top_0/inst/grp_dataflow_parent_loop_proc2_fu_316/dataflow_parent_loop_proc_U0/dataflow_in_loop_Row_Loop_1_U0/compute_and_write_row4_U0/grp_compute_and_write_row4_Pipeline_Acc_TileN_Conv_KY_Conv_KX_Conv_C_fu_306/add_33s_33s_33_1_1_U347/dout/A[29:0] is not pipelined. Pipelining DSP48 input will improve performance.
Related violations: <none>

DPIP-2#161 Warning
Input pipelining  
DSP design_1_i/cnn_accel_top_0/inst/grp_dataflow_parent_loop_proc2_fu_316/dataflow_parent_loop_proc_U0/dataflow_in_loop_Row_Loop_1_U0/compute_and_write_row4_U0/grp_compute_and_write_row4_Pipeline_Acc_TileN_Conv_KY_Conv_KX_Conv_C_fu_306/add_33s_33s_33_1_1_U347/dout input design_1_i/cnn_accel_top_0/inst/grp_dataflow_parent_loop_proc2_fu_316/dataflow_parent_loop_proc_U0/dataflow_in_loop_Row_Loop_1_U0/compute_and_write_row4_U0/grp_compute_and_write_row4_Pipeline_Acc_TileN_Conv_KY_Conv_KX_Conv_C_fu_306/add_33s_33s_33_1_1_U347/dout/B[17:0] is not pipelined. Pipelining DSP48 input will improve performance.
Related violations: <none>

DPIP-2#162 Warning
Input pipelining  
DSP design_1_i/cnn_accel_top_0/inst/grp_dataflow_parent_loop_proc2_fu_316/dataflow_parent_loop_proc_U0/dataflow_in_loop_Row_Loop_1_U0/compute_and_write_row4_U0/grp_compute_and_write_row4_Pipeline_Acc_TileN_Conv_KY_Conv_KX_Conv_C_fu_306/add_33s_33s_33_1_1_U347/dout input design_1_i/cnn_accel_top_0/inst/grp_dataflow_parent_loop_proc2_fu_316/dataflow_parent_loop_proc_U0/dataflow_in_loop_Row_Loop_1_U0/compute_and_write_row4_U0/grp_compute_and_write_row4_Pipeline_Acc_TileN_Conv_KY_Conv_KX_Conv_C_fu_306/add_33s_33s_33_1_1_U347/dout/C[47:0] is not pipelined. Pipelining DSP48 input will improve performance.
Related violations: <none>

DPIP-2#163 Warning
Input pipelining  
DSP design_1_i/cnn_accel_top_0/inst/grp_dataflow_parent_loop_proc2_fu_316/dataflow_parent_loop_proc_U0/dataflow_in_loop_Row_Loop_1_U0/compute_and_write_row4_U0/grp_compute_and_write_row4_Pipeline_Acc_TileN_Conv_KY_Conv_KX_Conv_C_fu_306/add_33s_33s_33_1_1_U348/dout input design_1_i/cnn_accel_top_0/inst/grp_dataflow_parent_loop_proc2_fu_316/dataflow_parent_loop_proc_U0/dataflow_in_loop_Row_Loop_1_U0/compute_and_write_row4_U0/grp_compute_and_write_row4_Pipeline_Acc_TileN_Conv_KY_Conv_KX_Conv_C_fu_306/add_33s_33s_33_1_1_U348/dout/A[29:0] is not pipelined. Pipelining DSP48 input will improve performance.
Related violations: <none>

DPIP-2#164 Warning
Input pipelining  
DSP design_1_i/cnn_accel_top_0/inst/grp_dataflow_parent_loop_proc2_fu_316/dataflow_parent_loop_proc_U0/dataflow_in_loop_Row_Loop_1_U0/compute_and_write_row4_U0/grp_compute_and_write_row4_Pipeline_Acc_TileN_Conv_KY_Conv_KX_Conv_C_fu_306/add_33s_33s_33_1_1_U348/dout input design_1_i/cnn_accel_top_0/inst/grp_dataflow_parent_loop_proc2_fu_316/dataflow_parent_loop_proc_U0/dataflow_in_loop_Row_Loop_1_U0/compute_and_write_row4_U0/grp_compute_and_write_row4_Pipeline_Acc_TileN_Conv_KY_Conv_KX_Conv_C_fu_306/add_33s_33s_33_1_1_U348/dout/B[17:0] is not pipelined. Pipelining DSP48 input will improve performance.
Related violations: <none>

DPIP-2#165 Warning
Input pipelining  
DSP design_1_i/cnn_accel_top_0/inst/grp_dataflow_parent_loop_proc2_fu_316/dataflow_parent_loop_proc_U0/dataflow_in_loop_Row_Loop_1_U0/compute_and_write_row4_U0/grp_compute_and_write_row4_Pipeline_Acc_TileN_Conv_KY_Conv_KX_Conv_C_fu_306/add_33s_33s_33_1_1_U348/dout input design_1_i/cnn_accel_top_0/inst/grp_dataflow_parent_loop_proc2_fu_316/dataflow_parent_loop_proc_U0/dataflow_in_loop_Row_Loop_1_U0/compute_and_write_row4_U0/grp_compute_and_write_row4_Pipeline_Acc_TileN_Conv_KY_Conv_KX_Conv_C_fu_306/add_33s_33s_33_1_1_U348/dout/C[47:0] is not pipelined. Pipelining DSP48 input will improve performance.
Related violations: <none>

DPIP-2#166 Warning
Input pipelining  
DSP design_1_i/cnn_accel_top_0/inst/grp_dataflow_parent_loop_proc2_fu_316/dataflow_parent_loop_proc_U0/dataflow_in_loop_Row_Loop_1_U0/compute_and_write_row4_U0/grp_compute_and_write_row4_Pipeline_Acc_TileN_Conv_KY_Conv_KX_Conv_C_fu_306/add_33s_33s_33_1_1_U349/dout input design_1_i/cnn_accel_top_0/inst/grp_dataflow_parent_loop_proc2_fu_316/dataflow_parent_loop_proc_U0/dataflow_in_loop_Row_Loop_1_U0/compute_and_write_row4_U0/grp_compute_and_write_row4_Pipeline_Acc_TileN_Conv_KY_Conv_KX_Conv_C_fu_306/add_33s_33s_33_1_1_U349/dout/A[29:0] is not pipelined. Pipelining DSP48 input will improve performance.
Related violations: <none>

DPIP-2#167 Warning
Input pipelining  
DSP design_1_i/cnn_accel_top_0/inst/grp_dataflow_parent_loop_proc2_fu_316/dataflow_parent_loop_proc_U0/dataflow_in_loop_Row_Loop_1_U0/compute_and_write_row4_U0/grp_compute_and_write_row4_Pipeline_Acc_TileN_Conv_KY_Conv_KX_Conv_C_fu_306/add_33s_33s_33_1_1_U349/dout input design_1_i/cnn_accel_top_0/inst/grp_dataflow_parent_loop_proc2_fu_316/dataflow_parent_loop_proc_U0/dataflow_in_loop_Row_Loop_1_U0/compute_and_write_row4_U0/grp_compute_and_write_row4_Pipeline_Acc_TileN_Conv_KY_Conv_KX_Conv_C_fu_306/add_33s_33s_33_1_1_U349/dout/B[17:0] is not pipelined. Pipelining DSP48 input will improve performance.
Related violations: <none>

DPIP-2#168 Warning
Input pipelining  
DSP design_1_i/cnn_accel_top_0/inst/grp_dataflow_parent_loop_proc2_fu_316/dataflow_parent_loop_proc_U0/dataflow_in_loop_Row_Loop_1_U0/compute_and_write_row4_U0/grp_compute_and_write_row4_Pipeline_Acc_TileN_Conv_KY_Conv_KX_Conv_C_fu_306/add_33s_33s_33_1_1_U349/dout input design_1_i/cnn_accel_top_0/inst/grp_dataflow_parent_loop_proc2_fu_316/dataflow_parent_loop_proc_U0/dataflow_in_loop_Row_Loop_1_U0/compute_and_write_row4_U0/grp_compute_and_write_row4_Pipeline_Acc_TileN_Conv_KY_Conv_KX_Conv_C_fu_306/add_33s_33s_33_1_1_U349/dout/C[47:0] is not pipelined. Pipelining DSP48 input will improve performance.
Related violations: <none>

DPIP-2#169 Warning
Input pipelining  
DSP design_1_i/cnn_accel_top_0/inst/grp_dataflow_parent_loop_proc2_fu_316/dataflow_parent_loop_proc_U0/dataflow_in_loop_Row_Loop_1_U0/compute_and_write_row4_U0/grp_compute_and_write_row4_Pipeline_Acc_TileN_Conv_KY_Conv_KX_Conv_C_fu_306/add_33s_33s_33_1_1_U360/dout input design_1_i/cnn_accel_top_0/inst/grp_dataflow_parent_loop_proc2_fu_316/dataflow_parent_loop_proc_U0/dataflow_in_loop_Row_Loop_1_U0/compute_and_write_row4_U0/grp_compute_and_write_row4_Pipeline_Acc_TileN_Conv_KY_Conv_KX_Conv_C_fu_306/add_33s_33s_33_1_1_U360/dout/A[29:0] is not pipelined. Pipelining DSP48 input will improve performance.
Related violations: <none>

DPIP-2#170 Warning
Input pipelining  
DSP design_1_i/cnn_accel_top_0/inst/grp_dataflow_parent_loop_proc2_fu_316/dataflow_parent_loop_proc_U0/dataflow_in_loop_Row_Loop_1_U0/compute_and_write_row4_U0/grp_compute_and_write_row4_Pipeline_Acc_TileN_Conv_KY_Conv_KX_Conv_C_fu_306/add_33s_33s_33_1_1_U360/dout input design_1_i/cnn_accel_top_0/inst/grp_dataflow_parent_loop_proc2_fu_316/dataflow_parent_loop_proc_U0/dataflow_in_loop_Row_Loop_1_U0/compute_and_write_row4_U0/grp_compute_and_write_row4_Pipeline_Acc_TileN_Conv_KY_Conv_KX_Conv_C_fu_306/add_33s_33s_33_1_1_U360/dout/B[17:0] is not pipelined. Pipelining DSP48 input will improve performance.
Related violations: <none>

DPIP-2#171 Warning
Input pipelining  
DSP design_1_i/cnn_accel_top_0/inst/grp_dataflow_parent_loop_proc2_fu_316/dataflow_parent_loop_proc_U0/dataflow_in_loop_Row_Loop_1_U0/compute_and_write_row4_U0/grp_compute_and_write_row4_Pipeline_Acc_TileN_Conv_KY_Conv_KX_Conv_C_fu_306/add_33s_33s_33_1_1_U360/dout input design_1_i/cnn_accel_top_0/inst/grp_dataflow_parent_loop_proc2_fu_316/dataflow_parent_loop_proc_U0/dataflow_in_loop_Row_Loop_1_U0/compute_and_write_row4_U0/grp_compute_and_write_row4_Pipeline_Acc_TileN_Conv_KY_Conv_KX_Conv_C_fu_306/add_33s_33s_33_1_1_U360/dout/C[47:0] is not pipelined. Pipelining DSP48 input will improve performance.
Related violations: <none>

DPIP-2#172 Warning
Input pipelining  
DSP design_1_i/cnn_accel_top_0/inst/grp_dataflow_parent_loop_proc2_fu_316/dataflow_parent_loop_proc_U0/dataflow_in_loop_Row_Loop_1_U0/compute_and_write_row4_U0/grp_compute_and_write_row4_Pipeline_Acc_TileN_Conv_KY_Conv_KX_Conv_C_fu_306/add_33s_33s_33_1_1_U361/dout input design_1_i/cnn_accel_top_0/inst/grp_dataflow_parent_loop_proc2_fu_316/dataflow_parent_loop_proc_U0/dataflow_in_loop_Row_Loop_1_U0/compute_and_write_row4_U0/grp_compute_and_write_row4_Pipeline_Acc_TileN_Conv_KY_Conv_KX_Conv_C_fu_306/add_33s_33s_33_1_1_U361/dout/A[29:0] is not pipelined. Pipelining DSP48 input will improve performance.
Related violations: <none>

DPIP-2#173 Warning
Input pipelining  
DSP design_1_i/cnn_accel_top_0/inst/grp_dataflow_parent_loop_proc2_fu_316/dataflow_parent_loop_proc_U0/dataflow_in_loop_Row_Loop_1_U0/compute_and_write_row4_U0/grp_compute_and_write_row4_Pipeline_Acc_TileN_Conv_KY_Conv_KX_Conv_C_fu_306/add_33s_33s_33_1_1_U361/dout input design_1_i/cnn_accel_top_0/inst/grp_dataflow_parent_loop_proc2_fu_316/dataflow_parent_loop_proc_U0/dataflow_in_loop_Row_Loop_1_U0/compute_and_write_row4_U0/grp_compute_and_write_row4_Pipeline_Acc_TileN_Conv_KY_Conv_KX_Conv_C_fu_306/add_33s_33s_33_1_1_U361/dout/B[17:0] is not pipelined. Pipelining DSP48 input will improve performance.
Related violations: <none>

DPIP-2#174 Warning
Input pipelining  
DSP design_1_i/cnn_accel_top_0/inst/grp_dataflow_parent_loop_proc2_fu_316/dataflow_parent_loop_proc_U0/dataflow_in_loop_Row_Loop_1_U0/compute_and_write_row4_U0/grp_compute_and_write_row4_Pipeline_Acc_TileN_Conv_KY_Conv_KX_Conv_C_fu_306/add_33s_33s_33_1_1_U361/dout input design_1_i/cnn_accel_top_0/inst/grp_dataflow_parent_loop_proc2_fu_316/dataflow_parent_loop_proc_U0/dataflow_in_loop_Row_Loop_1_U0/compute_and_write_row4_U0/grp_compute_and_write_row4_Pipeline_Acc_TileN_Conv_KY_Conv_KX_Conv_C_fu_306/add_33s_33s_33_1_1_U361/dout/C[47:0] is not pipelined. Pipelining DSP48 input will improve performance.
Related violations: <none>

DPIP-2#175 Warning
Input pipelining  
DSP design_1_i/cnn_accel_top_0/inst/grp_dataflow_parent_loop_proc2_fu_316/dataflow_parent_loop_proc_U0/dataflow_in_loop_Row_Loop_1_U0/compute_and_write_row4_U0/grp_compute_and_write_row4_Pipeline_Acc_TileN_Conv_KY_Conv_KX_Conv_C_fu_306/add_33s_33s_33_1_1_U362/dout input design_1_i/cnn_accel_top_0/inst/grp_dataflow_parent_loop_proc2_fu_316/dataflow_parent_loop_proc_U0/dataflow_in_loop_Row_Loop_1_U0/compute_and_write_row4_U0/grp_compute_and_write_row4_Pipeline_Acc_TileN_Conv_KY_Conv_KX_Conv_C_fu_306/add_33s_33s_33_1_1_U362/dout/A[29:0] is not pipelined. Pipelining DSP48 input will improve performance.
Related violations: <none>

DPIP-2#176 Warning
Input pipelining  
DSP design_1_i/cnn_accel_top_0/inst/grp_dataflow_parent_loop_proc2_fu_316/dataflow_parent_loop_proc_U0/dataflow_in_loop_Row_Loop_1_U0/compute_and_write_row4_U0/grp_compute_and_write_row4_Pipeline_Acc_TileN_Conv_KY_Conv_KX_Conv_C_fu_306/add_33s_33s_33_1_1_U362/dout input design_1_i/cnn_accel_top_0/inst/grp_dataflow_parent_loop_proc2_fu_316/dataflow_parent_loop_proc_U0/dataflow_in_loop_Row_Loop_1_U0/compute_and_write_row4_U0/grp_compute_and_write_row4_Pipeline_Acc_TileN_Conv_KY_Conv_KX_Conv_C_fu_306/add_33s_33s_33_1_1_U362/dout/B[17:0] is not pipelined. Pipelining DSP48 input will improve performance.
Related violations: <none>

DPIP-2#177 Warning
Input pipelining  
DSP design_1_i/cnn_accel_top_0/inst/grp_dataflow_parent_loop_proc2_fu_316/dataflow_parent_loop_proc_U0/dataflow_in_loop_Row_Loop_1_U0/compute_and_write_row4_U0/grp_compute_and_write_row4_Pipeline_Acc_TileN_Conv_KY_Conv_KX_Conv_C_fu_306/add_33s_33s_33_1_1_U362/dout input design_1_i/cnn_accel_top_0/inst/grp_dataflow_parent_loop_proc2_fu_316/dataflow_parent_loop_proc_U0/dataflow_in_loop_Row_Loop_1_U0/compute_and_write_row4_U0/grp_compute_and_write_row4_Pipeline_Acc_TileN_Conv_KY_Conv_KX_Conv_C_fu_306/add_33s_33s_33_1_1_U362/dout/C[47:0] is not pipelined. Pipelining DSP48 input will improve performance.
Related violations: <none>

DPIP-2#178 Warning
Input pipelining  
DSP design_1_i/cnn_accel_top_0/inst/grp_dataflow_parent_loop_proc2_fu_316/dataflow_parent_loop_proc_U0/dataflow_in_loop_Row_Loop_1_U0/compute_and_write_row4_U0/grp_compute_and_write_row4_Pipeline_Acc_TileN_Conv_KY_Conv_KX_Conv_C_fu_306/add_33s_33s_33_1_1_U363/dout input design_1_i/cnn_accel_top_0/inst/grp_dataflow_parent_loop_proc2_fu_316/dataflow_parent_loop_proc_U0/dataflow_in_loop_Row_Loop_1_U0/compute_and_write_row4_U0/grp_compute_and_write_row4_Pipeline_Acc_TileN_Conv_KY_Conv_KX_Conv_C_fu_306/add_33s_33s_33_1_1_U363/dout/A[29:0] is not pipelined. Pipelining DSP48 input will improve performance.
Related violations: <none>

DPIP-2#179 Warning
Input pipelining  
DSP design_1_i/cnn_accel_top_0/inst/grp_dataflow_parent_loop_proc2_fu_316/dataflow_parent_loop_proc_U0/dataflow_in_loop_Row_Loop_1_U0/compute_and_write_row4_U0/grp_compute_and_write_row4_Pipeline_Acc_TileN_Conv_KY_Conv_KX_Conv_C_fu_306/add_33s_33s_33_1_1_U363/dout input design_1_i/cnn_accel_top_0/inst/grp_dataflow_parent_loop_proc2_fu_316/dataflow_parent_loop_proc_U0/dataflow_in_loop_Row_Loop_1_U0/compute_and_write_row4_U0/grp_compute_and_write_row4_Pipeline_Acc_TileN_Conv_KY_Conv_KX_Conv_C_fu_306/add_33s_33s_33_1_1_U363/dout/B[17:0] is not pipelined. Pipelining DSP48 input will improve performance.
Related violations: <none>

DPIP-2#180 Warning
Input pipelining  
DSP design_1_i/cnn_accel_top_0/inst/grp_dataflow_parent_loop_proc2_fu_316/dataflow_parent_loop_proc_U0/dataflow_in_loop_Row_Loop_1_U0/compute_and_write_row4_U0/grp_compute_and_write_row4_Pipeline_Acc_TileN_Conv_KY_Conv_KX_Conv_C_fu_306/add_33s_33s_33_1_1_U363/dout input design_1_i/cnn_accel_top_0/inst/grp_dataflow_parent_loop_proc2_fu_316/dataflow_parent_loop_proc_U0/dataflow_in_loop_Row_Loop_1_U0/compute_and_write_row4_U0/grp_compute_and_write_row4_Pipeline_Acc_TileN_Conv_KY_Conv_KX_Conv_C_fu_306/add_33s_33s_33_1_1_U363/dout/C[47:0] is not pipelined. Pipelining DSP48 input will improve performance.
Related violations: <none>

DPIP-2#181 Warning
Input pipelining  
DSP design_1_i/cnn_accel_top_0/inst/grp_dataflow_parent_loop_proc2_fu_316/dataflow_parent_loop_proc_U0/dataflow_in_loop_Row_Loop_1_U0/compute_and_write_row4_U0/grp_compute_and_write_row4_Pipeline_Acc_TileN_Conv_KY_Conv_KX_Conv_C_fu_306/add_33s_33s_33_1_1_U374/dout input design_1_i/cnn_accel_top_0/inst/grp_dataflow_parent_loop_proc2_fu_316/dataflow_parent_loop_proc_U0/dataflow_in_loop_Row_Loop_1_U0/compute_and_write_row4_U0/grp_compute_and_write_row4_Pipeline_Acc_TileN_Conv_KY_Conv_KX_Conv_C_fu_306/add_33s_33s_33_1_1_U374/dout/A[29:0] is not pipelined. Pipelining DSP48 input will improve performance.
Related violations: <none>

DPIP-2#182 Warning
Input pipelining  
DSP design_1_i/cnn_accel_top_0/inst/grp_dataflow_parent_loop_proc2_fu_316/dataflow_parent_loop_proc_U0/dataflow_in_loop_Row_Loop_1_U0/compute_and_write_row4_U0/grp_compute_and_write_row4_Pipeline_Acc_TileN_Conv_KY_Conv_KX_Conv_C_fu_306/add_33s_33s_33_1_1_U374/dout input design_1_i/cnn_accel_top_0/inst/grp_dataflow_parent_loop_proc2_fu_316/dataflow_parent_loop_proc_U0/dataflow_in_loop_Row_Loop_1_U0/compute_and_write_row4_U0/grp_compute_and_write_row4_Pipeline_Acc_TileN_Conv_KY_Conv_KX_Conv_C_fu_306/add_33s_33s_33_1_1_U374/dout/B[17:0] is not pipelined. Pipelining DSP48 input will improve performance.
Related violations: <none>

DPIP-2#183 Warning
Input pipelining  
DSP design_1_i/cnn_accel_top_0/inst/grp_dataflow_parent_loop_proc2_fu_316/dataflow_parent_loop_proc_U0/dataflow_in_loop_Row_Loop_1_U0/compute_and_write_row4_U0/grp_compute_and_write_row4_Pipeline_Acc_TileN_Conv_KY_Conv_KX_Conv_C_fu_306/add_33s_33s_33_1_1_U374/dout input design_1_i/cnn_accel_top_0/inst/grp_dataflow_parent_loop_proc2_fu_316/dataflow_parent_loop_proc_U0/dataflow_in_loop_Row_Loop_1_U0/compute_and_write_row4_U0/grp_compute_and_write_row4_Pipeline_Acc_TileN_Conv_KY_Conv_KX_Conv_C_fu_306/add_33s_33s_33_1_1_U374/dout/C[47:0] is not pipelined. Pipelining DSP48 input will improve performance.
Related violations: <none>

DPIP-2#184 Warning
Input pipelining  
DSP design_1_i/cnn_accel_top_0/inst/grp_dataflow_parent_loop_proc2_fu_316/dataflow_parent_loop_proc_U0/dataflow_in_loop_Row_Loop_1_U0/compute_and_write_row4_U0/grp_compute_and_write_row4_Pipeline_Acc_TileN_Conv_KY_Conv_KX_Conv_C_fu_306/add_33s_33s_33_1_1_U375/dout input design_1_i/cnn_accel_top_0/inst/grp_dataflow_parent_loop_proc2_fu_316/dataflow_parent_loop_proc_U0/dataflow_in_loop_Row_Loop_1_U0/compute_and_write_row4_U0/grp_compute_and_write_row4_Pipeline_Acc_TileN_Conv_KY_Conv_KX_Conv_C_fu_306/add_33s_33s_33_1_1_U375/dout/A[29:0] is not pipelined. Pipelining DSP48 input will improve performance.
Related violations: <none>

DPIP-2#185 Warning
Input pipelining  
DSP design_1_i/cnn_accel_top_0/inst/grp_dataflow_parent_loop_proc2_fu_316/dataflow_parent_loop_proc_U0/dataflow_in_loop_Row_Loop_1_U0/compute_and_write_row4_U0/grp_compute_and_write_row4_Pipeline_Acc_TileN_Conv_KY_Conv_KX_Conv_C_fu_306/add_33s_33s_33_1_1_U375/dout input design_1_i/cnn_accel_top_0/inst/grp_dataflow_parent_loop_proc2_fu_316/dataflow_parent_loop_proc_U0/dataflow_in_loop_Row_Loop_1_U0/compute_and_write_row4_U0/grp_compute_and_write_row4_Pipeline_Acc_TileN_Conv_KY_Conv_KX_Conv_C_fu_306/add_33s_33s_33_1_1_U375/dout/B[17:0] is not pipelined. Pipelining DSP48 input will improve performance.
Related violations: <none>

DPIP-2#186 Warning
Input pipelining  
DSP design_1_i/cnn_accel_top_0/inst/grp_dataflow_parent_loop_proc2_fu_316/dataflow_parent_loop_proc_U0/dataflow_in_loop_Row_Loop_1_U0/compute_and_write_row4_U0/grp_compute_and_write_row4_Pipeline_Acc_TileN_Conv_KY_Conv_KX_Conv_C_fu_306/add_33s_33s_33_1_1_U375/dout input design_1_i/cnn_accel_top_0/inst/grp_dataflow_parent_loop_proc2_fu_316/dataflow_parent_loop_proc_U0/dataflow_in_loop_Row_Loop_1_U0/compute_and_write_row4_U0/grp_compute_and_write_row4_Pipeline_Acc_TileN_Conv_KY_Conv_KX_Conv_C_fu_306/add_33s_33s_33_1_1_U375/dout/C[47:0] is not pipelined. Pipelining DSP48 input will improve performance.
Related violations: <none>

DPIP-2#187 Warning
Input pipelining  
DSP design_1_i/cnn_accel_top_0/inst/grp_dataflow_parent_loop_proc2_fu_316/dataflow_parent_loop_proc_U0/dataflow_in_loop_Row_Loop_1_U0/compute_and_write_row4_U0/grp_compute_and_write_row4_Pipeline_Acc_TileN_Conv_KY_Conv_KX_Conv_C_fu_306/add_33s_33s_33_1_1_U376/dout input design_1_i/cnn_accel_top_0/inst/grp_dataflow_parent_loop_proc2_fu_316/dataflow_parent_loop_proc_U0/dataflow_in_loop_Row_Loop_1_U0/compute_and_write_row4_U0/grp_compute_and_write_row4_Pipeline_Acc_TileN_Conv_KY_Conv_KX_Conv_C_fu_306/add_33s_33s_33_1_1_U376/dout/A[29:0] is not pipelined. Pipelining DSP48 input will improve performance.
Related violations: <none>

DPIP-2#188 Warning
Input pipelining  
DSP design_1_i/cnn_accel_top_0/inst/grp_dataflow_parent_loop_proc2_fu_316/dataflow_parent_loop_proc_U0/dataflow_in_loop_Row_Loop_1_U0/compute_and_write_row4_U0/grp_compute_and_write_row4_Pipeline_Acc_TileN_Conv_KY_Conv_KX_Conv_C_fu_306/add_33s_33s_33_1_1_U376/dout input design_1_i/cnn_accel_top_0/inst/grp_dataflow_parent_loop_proc2_fu_316/dataflow_parent_loop_proc_U0/dataflow_in_loop_Row_Loop_1_U0/compute_and_write_row4_U0/grp_compute_and_write_row4_Pipeline_Acc_TileN_Conv_KY_Conv_KX_Conv_C_fu_306/add_33s_33s_33_1_1_U376/dout/B[17:0] is not pipelined. Pipelining DSP48 input will improve performance.
Related violations: <none>

DPIP-2#189 Warning
Input pipelining  
DSP design_1_i/cnn_accel_top_0/inst/grp_dataflow_parent_loop_proc2_fu_316/dataflow_parent_loop_proc_U0/dataflow_in_loop_Row_Loop_1_U0/compute_and_write_row4_U0/grp_compute_and_write_row4_Pipeline_Acc_TileN_Conv_KY_Conv_KX_Conv_C_fu_306/add_33s_33s_33_1_1_U376/dout input design_1_i/cnn_accel_top_0/inst/grp_dataflow_parent_loop_proc2_fu_316/dataflow_parent_loop_proc_U0/dataflow_in_loop_Row_Loop_1_U0/compute_and_write_row4_U0/grp_compute_and_write_row4_Pipeline_Acc_TileN_Conv_KY_Conv_KX_Conv_C_fu_306/add_33s_33s_33_1_1_U376/dout/C[47:0] is not pipelined. Pipelining DSP48 input will improve performance.
Related violations: <none>

DPIP-2#190 Warning
Input pipelining  
DSP design_1_i/cnn_accel_top_0/inst/grp_dataflow_parent_loop_proc2_fu_316/dataflow_parent_loop_proc_U0/dataflow_in_loop_Row_Loop_1_U0/compute_and_write_row4_U0/grp_compute_and_write_row4_Pipeline_Acc_TileN_Conv_KY_Conv_KX_Conv_C_fu_306/add_33s_33s_33_1_1_U377/dout input design_1_i/cnn_accel_top_0/inst/grp_dataflow_parent_loop_proc2_fu_316/dataflow_parent_loop_proc_U0/dataflow_in_loop_Row_Loop_1_U0/compute_and_write_row4_U0/grp_compute_and_write_row4_Pipeline_Acc_TileN_Conv_KY_Conv_KX_Conv_C_fu_306/add_33s_33s_33_1_1_U377/dout/A[29:0] is not pipelined. Pipelining DSP48 input will improve performance.
Related violations: <none>

DPIP-2#191 Warning
Input pipelining  
DSP design_1_i/cnn_accel_top_0/inst/grp_dataflow_parent_loop_proc2_fu_316/dataflow_parent_loop_proc_U0/dataflow_in_loop_Row_Loop_1_U0/compute_and_write_row4_U0/grp_compute_and_write_row4_Pipeline_Acc_TileN_Conv_KY_Conv_KX_Conv_C_fu_306/add_33s_33s_33_1_1_U377/dout input design_1_i/cnn_accel_top_0/inst/grp_dataflow_parent_loop_proc2_fu_316/dataflow_parent_loop_proc_U0/dataflow_in_loop_Row_Loop_1_U0/compute_and_write_row4_U0/grp_compute_and_write_row4_Pipeline_Acc_TileN_Conv_KY_Conv_KX_Conv_C_fu_306/add_33s_33s_33_1_1_U377/dout/B[17:0] is not pipelined. Pipelining DSP48 input will improve performance.
Related violations: <none>

DPIP-2#192 Warning
Input pipelining  
DSP design_1_i/cnn_accel_top_0/inst/grp_dataflow_parent_loop_proc2_fu_316/dataflow_parent_loop_proc_U0/dataflow_in_loop_Row_Loop_1_U0/compute_and_write_row4_U0/grp_compute_and_write_row4_Pipeline_Acc_TileN_Conv_KY_Conv_KX_Conv_C_fu_306/add_33s_33s_33_1_1_U377/dout input design_1_i/cnn_accel_top_0/inst/grp_dataflow_parent_loop_proc2_fu_316/dataflow_parent_loop_proc_U0/dataflow_in_loop_Row_Loop_1_U0/compute_and_write_row4_U0/grp_compute_and_write_row4_Pipeline_Acc_TileN_Conv_KY_Conv_KX_Conv_C_fu_306/add_33s_33s_33_1_1_U377/dout/C[47:0] is not pipelined. Pipelining DSP48 input will improve performance.
Related violations: <none>

DPIP-2#193 Warning
Input pipelining  
DSP design_1_i/cnn_accel_top_0/inst/grp_dataflow_parent_loop_proc2_fu_316/dataflow_parent_loop_proc_U0/dataflow_in_loop_Row_Loop_1_U0/compute_and_write_row4_U0/grp_compute_and_write_row4_Pipeline_Acc_TileN_Conv_KY_Conv_KX_Conv_C_fu_306/add_35s_35s_35_1_1_U380/dout input design_1_i/cnn_accel_top_0/inst/grp_dataflow_parent_loop_proc2_fu_316/dataflow_parent_loop_proc_U0/dataflow_in_loop_Row_Loop_1_U0/compute_and_write_row4_U0/grp_compute_and_write_row4_Pipeline_Acc_TileN_Conv_KY_Conv_KX_Conv_C_fu_306/add_35s_35s_35_1_1_U380/dout/A[29:0] is not pipelined. Pipelining DSP48 input will improve performance.
Related violations: <none>

DPIP-2#194 Warning
Input pipelining  
DSP design_1_i/cnn_accel_top_0/inst/grp_dataflow_parent_loop_proc2_fu_316/dataflow_parent_loop_proc_U0/dataflow_in_loop_Row_Loop_1_U0/compute_and_write_row4_U0/grp_compute_and_write_row4_Pipeline_Acc_TileN_Conv_KY_Conv_KX_Conv_C_fu_306/add_35s_35s_35_1_1_U380/dout input design_1_i/cnn_accel_top_0/inst/grp_dataflow_parent_loop_proc2_fu_316/dataflow_parent_loop_proc_U0/dataflow_in_loop_Row_Loop_1_U0/compute_and_write_row4_U0/grp_compute_and_write_row4_Pipeline_Acc_TileN_Conv_KY_Conv_KX_Conv_C_fu_306/add_35s_35s_35_1_1_U380/dout/B[17:0] is not pipelined. Pipelining DSP48 input will improve performance.
Related violations: <none>

DPIP-2#195 Warning
Input pipelining  
DSP design_1_i/cnn_accel_top_0/inst/grp_dataflow_parent_loop_proc2_fu_316/dataflow_parent_loop_proc_U0/dataflow_in_loop_Row_Loop_1_U0/compute_and_write_row4_U0/grp_compute_and_write_row4_Pipeline_Acc_TileN_Conv_KY_Conv_KX_Conv_C_fu_306/add_35s_35s_35_1_1_U380/dout input design_1_i/cnn_accel_top_0/inst/grp_dataflow_parent_loop_proc2_fu_316/dataflow_parent_loop_proc_U0/dataflow_in_loop_Row_Loop_1_U0/compute_and_write_row4_U0/grp_compute_and_write_row4_Pipeline_Acc_TileN_Conv_KY_Conv_KX_Conv_C_fu_306/add_35s_35s_35_1_1_U380/dout/C[47:0] is not pipelined. Pipelining DSP48 input will improve performance.
Related violations: <none>

DPIP-2#196 Warning
Input pipelining  
DSP design_1_i/cnn_accel_top_0/inst/grp_dataflow_parent_loop_proc2_fu_316/dataflow_parent_loop_proc_U0/dataflow_in_loop_Row_Loop_1_U0/compute_and_write_row4_U0/grp_compute_and_write_row4_Pipeline_Acc_TileN_Conv_KY_Conv_KX_Conv_C_fu_306/add_35s_35s_35_1_1_U382/dout input design_1_i/cnn_accel_top_0/inst/grp_dataflow_parent_loop_proc2_fu_316/dataflow_parent_loop_proc_U0/dataflow_in_loop_Row_Loop_1_U0/compute_and_write_row4_U0/grp_compute_and_write_row4_Pipeline_Acc_TileN_Conv_KY_Conv_KX_Conv_C_fu_306/add_35s_35s_35_1_1_U382/dout/A[29:0] is not pipelined. Pipelining DSP48 input will improve performance.
Related violations: <none>

DPIP-2#197 Warning
Input pipelining  
DSP design_1_i/cnn_accel_top_0/inst/grp_dataflow_parent_loop_proc2_fu_316/dataflow_parent_loop_proc_U0/dataflow_in_loop_Row_Loop_1_U0/compute_and_write_row4_U0/grp_compute_and_write_row4_Pipeline_Acc_TileN_Conv_KY_Conv_KX_Conv_C_fu_306/add_35s_35s_35_1_1_U382/dout input design_1_i/cnn_accel_top_0/inst/grp_dataflow_parent_loop_proc2_fu_316/dataflow_parent_loop_proc_U0/dataflow_in_loop_Row_Loop_1_U0/compute_and_write_row4_U0/grp_compute_and_write_row4_Pipeline_Acc_TileN_Conv_KY_Conv_KX_Conv_C_fu_306/add_35s_35s_35_1_1_U382/dout/B[17:0] is not pipelined. Pipelining DSP48 input will improve performance.
Related violations: <none>

DPIP-2#198 Warning
Input pipelining  
DSP design_1_i/cnn_accel_top_0/inst/grp_dataflow_parent_loop_proc2_fu_316/dataflow_parent_loop_proc_U0/dataflow_in_loop_Row_Loop_1_U0/compute_and_write_row4_U0/grp_compute_and_write_row4_Pipeline_Acc_TileN_Conv_KY_Conv_KX_Conv_C_fu_306/add_35s_35s_35_1_1_U382/dout input design_1_i/cnn_accel_top_0/inst/grp_dataflow_parent_loop_proc2_fu_316/dataflow_parent_loop_proc_U0/dataflow_in_loop_Row_Loop_1_U0/compute_and_write_row4_U0/grp_compute_and_write_row4_Pipeline_Acc_TileN_Conv_KY_Conv_KX_Conv_C_fu_306/add_35s_35s_35_1_1_U382/dout/C[47:0] is not pipelined. Pipelining DSP48 input will improve performance.
Related violations: <none>

DPIP-2#199 Warning
Input pipelining  
DSP design_1_i/cnn_accel_top_0/inst/grp_dataflow_parent_loop_proc2_fu_316/dataflow_parent_loop_proc_U0/dataflow_in_loop_Row_Loop_1_U0/compute_and_write_row4_U0/grp_compute_and_write_row4_Pipeline_Acc_TileN_Conv_KY_Conv_KX_Conv_C_fu_306/add_35s_35s_35_1_1_U384/dout input design_1_i/cnn_accel_top_0/inst/grp_dataflow_parent_loop_proc2_fu_316/dataflow_parent_loop_proc_U0/dataflow_in_loop_Row_Loop_1_U0/compute_and_write_row4_U0/grp_compute_and_write_row4_Pipeline_Acc_TileN_Conv_KY_Conv_KX_Conv_C_fu_306/add_35s_35s_35_1_1_U384/dout/A[29:0] is not pipelined. Pipelining DSP48 input will improve performance.
Related violations: <none>

DPIP-2#200 Warning
Input pipelining  
DSP design_1_i/cnn_accel_top_0/inst/grp_dataflow_parent_loop_proc2_fu_316/dataflow_parent_loop_proc_U0/dataflow_in_loop_Row_Loop_1_U0/compute_and_write_row4_U0/grp_compute_and_write_row4_Pipeline_Acc_TileN_Conv_KY_Conv_KX_Conv_C_fu_306/add_35s_35s_35_1_1_U384/dout input design_1_i/cnn_accel_top_0/inst/grp_dataflow_parent_loop_proc2_fu_316/dataflow_parent_loop_proc_U0/dataflow_in_loop_Row_Loop_1_U0/compute_and_write_row4_U0/grp_compute_and_write_row4_Pipeline_Acc_TileN_Conv_KY_Conv_KX_Conv_C_fu_306/add_35s_35s_35_1_1_U384/dout/B[17:0] is not pipelined. Pipelining DSP48 input will improve performance.
Related violations: <none>

DPIP-2#201 Warning
Input pipelining  
DSP design_1_i/cnn_accel_top_0/inst/grp_dataflow_parent_loop_proc2_fu_316/dataflow_parent_loop_proc_U0/dataflow_in_loop_Row_Loop_1_U0/compute_and_write_row4_U0/grp_compute_and_write_row4_Pipeline_Acc_TileN_Conv_KY_Conv_KX_Conv_C_fu_306/add_35s_35s_35_1_1_U384/dout input design_1_i/cnn_accel_top_0/inst/grp_dataflow_parent_loop_proc2_fu_316/dataflow_parent_loop_proc_U0/dataflow_in_loop_Row_Loop_1_U0/compute_and_write_row4_U0/grp_compute_and_write_row4_Pipeline_Acc_TileN_Conv_KY_Conv_KX_Conv_C_fu_306/add_35s_35s_35_1_1_U384/dout/C[47:0] is not pipelined. Pipelining DSP48 input will improve performance.
Related violations: <none>

DPIP-2#202 Warning
Input pipelining  
DSP design_1_i/cnn_accel_top_0/inst/grp_dataflow_parent_loop_proc2_fu_316/dataflow_parent_loop_proc_U0/dataflow_in_loop_Row_Loop_1_U0/compute_and_write_row4_U0/grp_compute_and_write_row4_Pipeline_Acc_TileN_Conv_KY_Conv_KX_Conv_C_fu_306/add_35s_35s_35_1_1_U386/dout input design_1_i/cnn_accel_top_0/inst/grp_dataflow_parent_loop_proc2_fu_316/dataflow_parent_loop_proc_U0/dataflow_in_loop_Row_Loop_1_U0/compute_and_write_row4_U0/grp_compute_and_write_row4_Pipeline_Acc_TileN_Conv_KY_Conv_KX_Conv_C_fu_306/add_35s_35s_35_1_1_U386/dout/A[29:0] is not pipelined. Pipelining DSP48 input will improve performance.
Related violations: <none>

DPIP-2#203 Warning
Input pipelining  
DSP design_1_i/cnn_accel_top_0/inst/grp_dataflow_parent_loop_proc2_fu_316/dataflow_parent_loop_proc_U0/dataflow_in_loop_Row_Loop_1_U0/compute_and_write_row4_U0/grp_compute_and_write_row4_Pipeline_Acc_TileN_Conv_KY_Conv_KX_Conv_C_fu_306/add_35s_35s_35_1_1_U386/dout input design_1_i/cnn_accel_top_0/inst/grp_dataflow_parent_loop_proc2_fu_316/dataflow_parent_loop_proc_U0/dataflow_in_loop_Row_Loop_1_U0/compute_and_write_row4_U0/grp_compute_and_write_row4_Pipeline_Acc_TileN_Conv_KY_Conv_KX_Conv_C_fu_306/add_35s_35s_35_1_1_U386/dout/B[17:0] is not pipelined. Pipelining DSP48 input will improve performance.
Related violations: <none>

DPIP-2#204 Warning
Input pipelining  
DSP design_1_i/cnn_accel_top_0/inst/grp_dataflow_parent_loop_proc2_fu_316/dataflow_parent_loop_proc_U0/dataflow_in_loop_Row_Loop_1_U0/compute_and_write_row4_U0/grp_compute_and_write_row4_Pipeline_Acc_TileN_Conv_KY_Conv_KX_Conv_C_fu_306/add_35s_35s_35_1_1_U386/dout input design_1_i/cnn_accel_top_0/inst/grp_dataflow_parent_loop_proc2_fu_316/dataflow_parent_loop_proc_U0/dataflow_in_loop_Row_Loop_1_U0/compute_and_write_row4_U0/grp_compute_and_write_row4_Pipeline_Acc_TileN_Conv_KY_Conv_KX_Conv_C_fu_306/add_35s_35s_35_1_1_U386/dout/C[47:0] is not pipelined. Pipelining DSP48 input will improve performance.
Related violations: <none>

DPIP-2#205 Warning
Input pipelining  
DSP design_1_i/cnn_accel_top_0/inst/grp_dataflow_parent_loop_proc2_fu_316/dataflow_parent_loop_proc_U0/dataflow_in_loop_Row_Loop_1_U0/compute_and_write_row4_U0/grp_compute_and_write_row4_Pipeline_Acc_TileN_Conv_KY_Conv_KX_Conv_C_fu_306/add_35s_35s_35_1_1_U388/dout input design_1_i/cnn_accel_top_0/inst/grp_dataflow_parent_loop_proc2_fu_316/dataflow_parent_loop_proc_U0/dataflow_in_loop_Row_Loop_1_U0/compute_and_write_row4_U0/grp_compute_and_write_row4_Pipeline_Acc_TileN_Conv_KY_Conv_KX_Conv_C_fu_306/add_35s_35s_35_1_1_U388/dout/A[29:0] is not pipelined. Pipelining DSP48 input will improve performance.
Related violations: <none>

DPIP-2#206 Warning
Input pipelining  
DSP design_1_i/cnn_accel_top_0/inst/grp_dataflow_parent_loop_proc2_fu_316/dataflow_parent_loop_proc_U0/dataflow_in_loop_Row_Loop_1_U0/compute_and_write_row4_U0/grp_compute_and_write_row4_Pipeline_Acc_TileN_Conv_KY_Conv_KX_Conv_C_fu_306/add_35s_35s_35_1_1_U388/dout input design_1_i/cnn_accel_top_0/inst/grp_dataflow_parent_loop_proc2_fu_316/dataflow_parent_loop_proc_U0/dataflow_in_loop_Row_Loop_1_U0/compute_and_write_row4_U0/grp_compute_and_write_row4_Pipeline_Acc_TileN_Conv_KY_Conv_KX_Conv_C_fu_306/add_35s_35s_35_1_1_U388/dout/B[17:0] is not pipelined. Pipelining DSP48 input will improve performance.
Related violations: <none>

DPIP-2#207 Warning
Input pipelining  
DSP design_1_i/cnn_accel_top_0/inst/grp_dataflow_parent_loop_proc2_fu_316/dataflow_parent_loop_proc_U0/dataflow_in_loop_Row_Loop_1_U0/compute_and_write_row4_U0/grp_compute_and_write_row4_Pipeline_Acc_TileN_Conv_KY_Conv_KX_Conv_C_fu_306/add_35s_35s_35_1_1_U388/dout input design_1_i/cnn_accel_top_0/inst/grp_dataflow_parent_loop_proc2_fu_316/dataflow_parent_loop_proc_U0/dataflow_in_loop_Row_Loop_1_U0/compute_and_write_row4_U0/grp_compute_and_write_row4_Pipeline_Acc_TileN_Conv_KY_Conv_KX_Conv_C_fu_306/add_35s_35s_35_1_1_U388/dout/C[47:0] is not pipelined. Pipelining DSP48 input will improve performance.
Related violations: <none>

DPIP-2#208 Warning
Input pipelining  
DSP design_1_i/cnn_accel_top_0/inst/grp_dataflow_parent_loop_proc2_fu_316/dataflow_parent_loop_proc_U0/dataflow_in_loop_Row_Loop_1_U0/compute_and_write_row4_U0/grp_compute_and_write_row4_Pipeline_Acc_TileN_Conv_KY_Conv_KX_Conv_C_fu_306/add_35s_35s_35_1_1_U390/dout input design_1_i/cnn_accel_top_0/inst/grp_dataflow_parent_loop_proc2_fu_316/dataflow_parent_loop_proc_U0/dataflow_in_loop_Row_Loop_1_U0/compute_and_write_row4_U0/grp_compute_and_write_row4_Pipeline_Acc_TileN_Conv_KY_Conv_KX_Conv_C_fu_306/add_35s_35s_35_1_1_U390/dout/A[29:0] is not pipelined. Pipelining DSP48 input will improve performance.
Related violations: <none>

DPIP-2#209 Warning
Input pipelining  
DSP design_1_i/cnn_accel_top_0/inst/grp_dataflow_parent_loop_proc2_fu_316/dataflow_parent_loop_proc_U0/dataflow_in_loop_Row_Loop_1_U0/compute_and_write_row4_U0/grp_compute_and_write_row4_Pipeline_Acc_TileN_Conv_KY_Conv_KX_Conv_C_fu_306/add_35s_35s_35_1_1_U390/dout input design_1_i/cnn_accel_top_0/inst/grp_dataflow_parent_loop_proc2_fu_316/dataflow_parent_loop_proc_U0/dataflow_in_loop_Row_Loop_1_U0/compute_and_write_row4_U0/grp_compute_and_write_row4_Pipeline_Acc_TileN_Conv_KY_Conv_KX_Conv_C_fu_306/add_35s_35s_35_1_1_U390/dout/B[17:0] is not pipelined. Pipelining DSP48 input will improve performance.
Related violations: <none>

DPIP-2#210 Warning
Input pipelining  
DSP design_1_i/cnn_accel_top_0/inst/grp_dataflow_parent_loop_proc2_fu_316/dataflow_parent_loop_proc_U0/dataflow_in_loop_Row_Loop_1_U0/compute_and_write_row4_U0/grp_compute_and_write_row4_Pipeline_Acc_TileN_Conv_KY_Conv_KX_Conv_C_fu_306/add_35s_35s_35_1_1_U390/dout input design_1_i/cnn_accel_top_0/inst/grp_dataflow_parent_loop_proc2_fu_316/dataflow_parent_loop_proc_U0/dataflow_in_loop_Row_Loop_1_U0/compute_and_write_row4_U0/grp_compute_and_write_row4_Pipeline_Acc_TileN_Conv_KY_Conv_KX_Conv_C_fu_306/add_35s_35s_35_1_1_U390/dout/C[47:0] is not pipelined. Pipelining DSP48 input will improve performance.
Related violations: <none>

DPIP-2#211 Warning
Input pipelining  
DSP design_1_i/cnn_accel_top_0/inst/grp_dataflow_parent_loop_proc2_fu_316/dataflow_parent_loop_proc_U0/dataflow_in_loop_Row_Loop_1_U0/compute_and_write_row4_U0/grp_compute_and_write_row4_Pipeline_Acc_TileN_Conv_KY_Conv_KX_Conv_C_fu_306/add_35s_35s_35_1_1_U392/dout input design_1_i/cnn_accel_top_0/inst/grp_dataflow_parent_loop_proc2_fu_316/dataflow_parent_loop_proc_U0/dataflow_in_loop_Row_Loop_1_U0/compute_and_write_row4_U0/grp_compute_and_write_row4_Pipeline_Acc_TileN_Conv_KY_Conv_KX_Conv_C_fu_306/add_35s_35s_35_1_1_U392/dout/A[29:0] is not pipelined. Pipelining DSP48 input will improve performance.
Related violations: <none>

DPIP-2#212 Warning
Input pipelining  
DSP design_1_i/cnn_accel_top_0/inst/grp_dataflow_parent_loop_proc2_fu_316/dataflow_parent_loop_proc_U0/dataflow_in_loop_Row_Loop_1_U0/compute_and_write_row4_U0/grp_compute_and_write_row4_Pipeline_Acc_TileN_Conv_KY_Conv_KX_Conv_C_fu_306/add_35s_35s_35_1_1_U392/dout input design_1_i/cnn_accel_top_0/inst/grp_dataflow_parent_loop_proc2_fu_316/dataflow_parent_loop_proc_U0/dataflow_in_loop_Row_Loop_1_U0/compute_and_write_row4_U0/grp_compute_and_write_row4_Pipeline_Acc_TileN_Conv_KY_Conv_KX_Conv_C_fu_306/add_35s_35s_35_1_1_U392/dout/B[17:0] is not pipelined. Pipelining DSP48 input will improve performance.
Related violations: <none>

DPIP-2#213 Warning
Input pipelining  
DSP design_1_i/cnn_accel_top_0/inst/grp_dataflow_parent_loop_proc2_fu_316/dataflow_parent_loop_proc_U0/dataflow_in_loop_Row_Loop_1_U0/compute_and_write_row4_U0/grp_compute_and_write_row4_Pipeline_Acc_TileN_Conv_KY_Conv_KX_Conv_C_fu_306/add_35s_35s_35_1_1_U392/dout input design_1_i/cnn_accel_top_0/inst/grp_dataflow_parent_loop_proc2_fu_316/dataflow_parent_loop_proc_U0/dataflow_in_loop_Row_Loop_1_U0/compute_and_write_row4_U0/grp_compute_and_write_row4_Pipeline_Acc_TileN_Conv_KY_Conv_KX_Conv_C_fu_306/add_35s_35s_35_1_1_U392/dout/C[47:0] is not pipelined. Pipelining DSP48 input will improve performance.
Related violations: <none>

DPIP-2#214 Warning
Input pipelining  
DSP design_1_i/cnn_accel_top_0/inst/grp_dataflow_parent_loop_proc2_fu_316/dataflow_parent_loop_proc_U0/dataflow_in_loop_Row_Loop_1_U0/compute_and_write_row4_U0/grp_compute_and_write_row4_Pipeline_Acc_TileN_Conv_KY_Conv_KX_Conv_C_fu_306/add_35s_35s_35_1_1_U394/dout input design_1_i/cnn_accel_top_0/inst/grp_dataflow_parent_loop_proc2_fu_316/dataflow_parent_loop_proc_U0/dataflow_in_loop_Row_Loop_1_U0/compute_and_write_row4_U0/grp_compute_and_write_row4_Pipeline_Acc_TileN_Conv_KY_Conv_KX_Conv_C_fu_306/add_35s_35s_35_1_1_U394/dout/A[29:0] is not pipelined. Pipelining DSP48 input will improve performance.
Related violations: <none>

DPIP-2#215 Warning
Input pipelining  
DSP design_1_i/cnn_accel_top_0/inst/grp_dataflow_parent_loop_proc2_fu_316/dataflow_parent_loop_proc_U0/dataflow_in_loop_Row_Loop_1_U0/compute_and_write_row4_U0/grp_compute_and_write_row4_Pipeline_Acc_TileN_Conv_KY_Conv_KX_Conv_C_fu_306/add_35s_35s_35_1_1_U394/dout input design_1_i/cnn_accel_top_0/inst/grp_dataflow_parent_loop_proc2_fu_316/dataflow_parent_loop_proc_U0/dataflow_in_loop_Row_Loop_1_U0/compute_and_write_row4_U0/grp_compute_and_write_row4_Pipeline_Acc_TileN_Conv_KY_Conv_KX_Conv_C_fu_306/add_35s_35s_35_1_1_U394/dout/B[17:0] is not pipelined. Pipelining DSP48 input will improve performance.
Related violations: <none>

DPIP-2#216 Warning
Input pipelining  
DSP design_1_i/cnn_accel_top_0/inst/grp_dataflow_parent_loop_proc2_fu_316/dataflow_parent_loop_proc_U0/dataflow_in_loop_Row_Loop_1_U0/compute_and_write_row4_U0/grp_compute_and_write_row4_Pipeline_Acc_TileN_Conv_KY_Conv_KX_Conv_C_fu_306/add_35s_35s_35_1_1_U394/dout input design_1_i/cnn_accel_top_0/inst/grp_dataflow_parent_loop_proc2_fu_316/dataflow_parent_loop_proc_U0/dataflow_in_loop_Row_Loop_1_U0/compute_and_write_row4_U0/grp_compute_and_write_row4_Pipeline_Acc_TileN_Conv_KY_Conv_KX_Conv_C_fu_306/add_35s_35s_35_1_1_U394/dout/C[47:0] is not pipelined. Pipelining DSP48 input will improve performance.
Related violations: <none>

DPIP-2#217 Warning
Input pipelining  
DSP design_1_i/cnn_accel_top_0/inst/grp_dataflow_parent_loop_proc2_fu_316/dataflow_parent_loop_proc_U0/dataflow_in_loop_Row_Loop_1_U0/compute_and_write_row4_U0/grp_compute_and_write_row4_Pipeline_Acc_TileN_Conv_KY_Conv_KX_Conv_C_fu_306/add_35s_35s_35_1_1_U396/dout input design_1_i/cnn_accel_top_0/inst/grp_dataflow_parent_loop_proc2_fu_316/dataflow_parent_loop_proc_U0/dataflow_in_loop_Row_Loop_1_U0/compute_and_write_row4_U0/grp_compute_and_write_row4_Pipeline_Acc_TileN_Conv_KY_Conv_KX_Conv_C_fu_306/add_35s_35s_35_1_1_U396/dout/A[29:0] is not pipelined. Pipelining DSP48 input will improve performance.
Related violations: <none>

DPIP-2#218 Warning
Input pipelining  
DSP design_1_i/cnn_accel_top_0/inst/grp_dataflow_parent_loop_proc2_fu_316/dataflow_parent_loop_proc_U0/dataflow_in_loop_Row_Loop_1_U0/compute_and_write_row4_U0/grp_compute_and_write_row4_Pipeline_Acc_TileN_Conv_KY_Conv_KX_Conv_C_fu_306/add_35s_35s_35_1_1_U396/dout input design_1_i/cnn_accel_top_0/inst/grp_dataflow_parent_loop_proc2_fu_316/dataflow_parent_loop_proc_U0/dataflow_in_loop_Row_Loop_1_U0/compute_and_write_row4_U0/grp_compute_and_write_row4_Pipeline_Acc_TileN_Conv_KY_Conv_KX_Conv_C_fu_306/add_35s_35s_35_1_1_U396/dout/B[17:0] is not pipelined. Pipelining DSP48 input will improve performance.
Related violations: <none>

DPIP-2#219 Warning
Input pipelining  
DSP design_1_i/cnn_accel_top_0/inst/grp_dataflow_parent_loop_proc2_fu_316/dataflow_parent_loop_proc_U0/dataflow_in_loop_Row_Loop_1_U0/compute_and_write_row4_U0/grp_compute_and_write_row4_Pipeline_Acc_TileN_Conv_KY_Conv_KX_Conv_C_fu_306/add_35s_35s_35_1_1_U396/dout input design_1_i/cnn_accel_top_0/inst/grp_dataflow_parent_loop_proc2_fu_316/dataflow_parent_loop_proc_U0/dataflow_in_loop_Row_Loop_1_U0/compute_and_write_row4_U0/grp_compute_and_write_row4_Pipeline_Acc_TileN_Conv_KY_Conv_KX_Conv_C_fu_306/add_35s_35s_35_1_1_U396/dout/C[47:0] is not pipelined. Pipelining DSP48 input will improve performance.
Related violations: <none>

DPIP-2#220 Warning
Input pipelining  
DSP design_1_i/cnn_accel_top_0/inst/grp_dataflow_parent_loop_proc2_fu_316/dataflow_parent_loop_proc_U0/dataflow_in_loop_Row_Loop_1_U0/compute_and_write_row4_U0/grp_compute_and_write_row4_Pipeline_Acc_TileN_Conv_KY_Conv_KX_Conv_C_fu_306/add_35s_35s_35_1_1_U398/dout input design_1_i/cnn_accel_top_0/inst/grp_dataflow_parent_loop_proc2_fu_316/dataflow_parent_loop_proc_U0/dataflow_in_loop_Row_Loop_1_U0/compute_and_write_row4_U0/grp_compute_and_write_row4_Pipeline_Acc_TileN_Conv_KY_Conv_KX_Conv_C_fu_306/add_35s_35s_35_1_1_U398/dout/A[29:0] is not pipelined. Pipelining DSP48 input will improve performance.
Related violations: <none>

DPIP-2#221 Warning
Input pipelining  
DSP design_1_i/cnn_accel_top_0/inst/grp_dataflow_parent_loop_proc2_fu_316/dataflow_parent_loop_proc_U0/dataflow_in_loop_Row_Loop_1_U0/compute_and_write_row4_U0/grp_compute_and_write_row4_Pipeline_Acc_TileN_Conv_KY_Conv_KX_Conv_C_fu_306/add_35s_35s_35_1_1_U398/dout input design_1_i/cnn_accel_top_0/inst/grp_dataflow_parent_loop_proc2_fu_316/dataflow_parent_loop_proc_U0/dataflow_in_loop_Row_Loop_1_U0/compute_and_write_row4_U0/grp_compute_and_write_row4_Pipeline_Acc_TileN_Conv_KY_Conv_KX_Conv_C_fu_306/add_35s_35s_35_1_1_U398/dout/B[17:0] is not pipelined. Pipelining DSP48 input will improve performance.
Related violations: <none>

DPIP-2#222 Warning
Input pipelining  
DSP design_1_i/cnn_accel_top_0/inst/grp_dataflow_parent_loop_proc2_fu_316/dataflow_parent_loop_proc_U0/dataflow_in_loop_Row_Loop_1_U0/compute_and_write_row4_U0/grp_compute_and_write_row4_Pipeline_Acc_TileN_Conv_KY_Conv_KX_Conv_C_fu_306/add_35s_35s_35_1_1_U398/dout input design_1_i/cnn_accel_top_0/inst/grp_dataflow_parent_loop_proc2_fu_316/dataflow_parent_loop_proc_U0/dataflow_in_loop_Row_Loop_1_U0/compute_and_write_row4_U0/grp_compute_and_write_row4_Pipeline_Acc_TileN_Conv_KY_Conv_KX_Conv_C_fu_306/add_35s_35s_35_1_1_U398/dout/C[47:0] is not pipelined. Pipelining DSP48 input will improve performance.
Related violations: <none>

DPIP-2#223 Warning
Input pipelining  
DSP design_1_i/cnn_accel_top_0/inst/grp_dataflow_parent_loop_proc2_fu_316/dataflow_parent_loop_proc_U0/dataflow_in_loop_Row_Loop_1_U0/compute_and_write_row4_U0/grp_compute_and_write_row4_Pipeline_Acc_TileN_Conv_KY_Conv_KX_Conv_C_fu_306/add_35s_35s_35_1_1_U400/dout input design_1_i/cnn_accel_top_0/inst/grp_dataflow_parent_loop_proc2_fu_316/dataflow_parent_loop_proc_U0/dataflow_in_loop_Row_Loop_1_U0/compute_and_write_row4_U0/grp_compute_and_write_row4_Pipeline_Acc_TileN_Conv_KY_Conv_KX_Conv_C_fu_306/add_35s_35s_35_1_1_U400/dout/A[29:0] is not pipelined. Pipelining DSP48 input will improve performance.
Related violations: <none>

DPIP-2#224 Warning
Input pipelining  
DSP design_1_i/cnn_accel_top_0/inst/grp_dataflow_parent_loop_proc2_fu_316/dataflow_parent_loop_proc_U0/dataflow_in_loop_Row_Loop_1_U0/compute_and_write_row4_U0/grp_compute_and_write_row4_Pipeline_Acc_TileN_Conv_KY_Conv_KX_Conv_C_fu_306/add_35s_35s_35_1_1_U400/dout input design_1_i/cnn_accel_top_0/inst/grp_dataflow_parent_loop_proc2_fu_316/dataflow_parent_loop_proc_U0/dataflow_in_loop_Row_Loop_1_U0/compute_and_write_row4_U0/grp_compute_and_write_row4_Pipeline_Acc_TileN_Conv_KY_Conv_KX_Conv_C_fu_306/add_35s_35s_35_1_1_U400/dout/B[17:0] is not pipelined. Pipelining DSP48 input will improve performance.
Related violations: <none>

DPIP-2#225 Warning
Input pipelining  
DSP design_1_i/cnn_accel_top_0/inst/grp_dataflow_parent_loop_proc2_fu_316/dataflow_parent_loop_proc_U0/dataflow_in_loop_Row_Loop_1_U0/compute_and_write_row4_U0/grp_compute_and_write_row4_Pipeline_Acc_TileN_Conv_KY_Conv_KX_Conv_C_fu_306/add_35s_35s_35_1_1_U400/dout input design_1_i/cnn_accel_top_0/inst/grp_dataflow_parent_loop_proc2_fu_316/dataflow_parent_loop_proc_U0/dataflow_in_loop_Row_Loop_1_U0/compute_and_write_row4_U0/grp_compute_and_write_row4_Pipeline_Acc_TileN_Conv_KY_Conv_KX_Conv_C_fu_306/add_35s_35s_35_1_1_U400/dout/C[47:0] is not pipelined. Pipelining DSP48 input will improve performance.
Related violations: <none>

DPIP-2#226 Warning
Input pipelining  
DSP design_1_i/cnn_accel_top_0/inst/grp_dataflow_parent_loop_proc2_fu_316/dataflow_parent_loop_proc_U0/dataflow_in_loop_Row_Loop_1_U0/compute_and_write_row4_U0/grp_compute_and_write_row4_Pipeline_Acc_TileN_Conv_KY_Conv_KX_Conv_C_fu_306/add_35s_35s_35_1_1_U402/dout input design_1_i/cnn_accel_top_0/inst/grp_dataflow_parent_loop_proc2_fu_316/dataflow_parent_loop_proc_U0/dataflow_in_loop_Row_Loop_1_U0/compute_and_write_row4_U0/grp_compute_and_write_row4_Pipeline_Acc_TileN_Conv_KY_Conv_KX_Conv_C_fu_306/add_35s_35s_35_1_1_U402/dout/A[29:0] is not pipelined. Pipelining DSP48 input will improve performance.
Related violations: <none>

DPIP-2#227 Warning
Input pipelining  
DSP design_1_i/cnn_accel_top_0/inst/grp_dataflow_parent_loop_proc2_fu_316/dataflow_parent_loop_proc_U0/dataflow_in_loop_Row_Loop_1_U0/compute_and_write_row4_U0/grp_compute_and_write_row4_Pipeline_Acc_TileN_Conv_KY_Conv_KX_Conv_C_fu_306/add_35s_35s_35_1_1_U402/dout input design_1_i/cnn_accel_top_0/inst/grp_dataflow_parent_loop_proc2_fu_316/dataflow_parent_loop_proc_U0/dataflow_in_loop_Row_Loop_1_U0/compute_and_write_row4_U0/grp_compute_and_write_row4_Pipeline_Acc_TileN_Conv_KY_Conv_KX_Conv_C_fu_306/add_35s_35s_35_1_1_U402/dout/B[17:0] is not pipelined. Pipelining DSP48 input will improve performance.
Related violations: <none>

DPIP-2#228 Warning
Input pipelining  
DSP design_1_i/cnn_accel_top_0/inst/grp_dataflow_parent_loop_proc2_fu_316/dataflow_parent_loop_proc_U0/dataflow_in_loop_Row_Loop_1_U0/compute_and_write_row4_U0/grp_compute_and_write_row4_Pipeline_Acc_TileN_Conv_KY_Conv_KX_Conv_C_fu_306/add_35s_35s_35_1_1_U402/dout input design_1_i/cnn_accel_top_0/inst/grp_dataflow_parent_loop_proc2_fu_316/dataflow_parent_loop_proc_U0/dataflow_in_loop_Row_Loop_1_U0/compute_and_write_row4_U0/grp_compute_and_write_row4_Pipeline_Acc_TileN_Conv_KY_Conv_KX_Conv_C_fu_306/add_35s_35s_35_1_1_U402/dout/C[47:0] is not pipelined. Pipelining DSP48 input will improve performance.
Related violations: <none>

DPIP-2#229 Warning
Input pipelining  
DSP design_1_i/cnn_accel_top_0/inst/grp_dataflow_parent_loop_proc2_fu_316/dataflow_parent_loop_proc_U0/dataflow_in_loop_Row_Loop_1_U0/compute_and_write_row4_U0/grp_compute_and_write_row4_Pipeline_Acc_TileN_Conv_KY_Conv_KX_Conv_C_fu_306/add_35s_35s_35_1_1_U404/dout input design_1_i/cnn_accel_top_0/inst/grp_dataflow_parent_loop_proc2_fu_316/dataflow_parent_loop_proc_U0/dataflow_in_loop_Row_Loop_1_U0/compute_and_write_row4_U0/grp_compute_and_write_row4_Pipeline_Acc_TileN_Conv_KY_Conv_KX_Conv_C_fu_306/add_35s_35s_35_1_1_U404/dout/A[29:0] is not pipelined. Pipelining DSP48 input will improve performance.
Related violations: <none>

DPIP-2#230 Warning
Input pipelining  
DSP design_1_i/cnn_accel_top_0/inst/grp_dataflow_parent_loop_proc2_fu_316/dataflow_parent_loop_proc_U0/dataflow_in_loop_Row_Loop_1_U0/compute_and_write_row4_U0/grp_compute_and_write_row4_Pipeline_Acc_TileN_Conv_KY_Conv_KX_Conv_C_fu_306/add_35s_35s_35_1_1_U404/dout input design_1_i/cnn_accel_top_0/inst/grp_dataflow_parent_loop_proc2_fu_316/dataflow_parent_loop_proc_U0/dataflow_in_loop_Row_Loop_1_U0/compute_and_write_row4_U0/grp_compute_and_write_row4_Pipeline_Acc_TileN_Conv_KY_Conv_KX_Conv_C_fu_306/add_35s_35s_35_1_1_U404/dout/B[17:0] is not pipelined. Pipelining DSP48 input will improve performance.
Related violations: <none>

DPIP-2#231 Warning
Input pipelining  
DSP design_1_i/cnn_accel_top_0/inst/grp_dataflow_parent_loop_proc2_fu_316/dataflow_parent_loop_proc_U0/dataflow_in_loop_Row_Loop_1_U0/compute_and_write_row4_U0/grp_compute_and_write_row4_Pipeline_Acc_TileN_Conv_KY_Conv_KX_Conv_C_fu_306/add_35s_35s_35_1_1_U404/dout input design_1_i/cnn_accel_top_0/inst/grp_dataflow_parent_loop_proc2_fu_316/dataflow_parent_loop_proc_U0/dataflow_in_loop_Row_Loop_1_U0/compute_and_write_row4_U0/grp_compute_and_write_row4_Pipeline_Acc_TileN_Conv_KY_Conv_KX_Conv_C_fu_306/add_35s_35s_35_1_1_U404/dout/C[47:0] is not pipelined. Pipelining DSP48 input will improve performance.
Related violations: <none>

DPIP-2#232 Warning
Input pipelining  
DSP design_1_i/cnn_accel_top_0/inst/grp_dataflow_parent_loop_proc2_fu_316/dataflow_parent_loop_proc_U0/dataflow_in_loop_Row_Loop_1_U0/compute_and_write_row4_U0/grp_compute_and_write_row4_Pipeline_Acc_TileN_Conv_KY_Conv_KX_Conv_C_fu_306/add_35s_35s_35_1_1_U406/dout input design_1_i/cnn_accel_top_0/inst/grp_dataflow_parent_loop_proc2_fu_316/dataflow_parent_loop_proc_U0/dataflow_in_loop_Row_Loop_1_U0/compute_and_write_row4_U0/grp_compute_and_write_row4_Pipeline_Acc_TileN_Conv_KY_Conv_KX_Conv_C_fu_306/add_35s_35s_35_1_1_U406/dout/A[29:0] is not pipelined. Pipelining DSP48 input will improve performance.
Related violations: <none>

DPIP-2#233 Warning
Input pipelining  
DSP design_1_i/cnn_accel_top_0/inst/grp_dataflow_parent_loop_proc2_fu_316/dataflow_parent_loop_proc_U0/dataflow_in_loop_Row_Loop_1_U0/compute_and_write_row4_U0/grp_compute_and_write_row4_Pipeline_Acc_TileN_Conv_KY_Conv_KX_Conv_C_fu_306/add_35s_35s_35_1_1_U406/dout input design_1_i/cnn_accel_top_0/inst/grp_dataflow_parent_loop_proc2_fu_316/dataflow_parent_loop_proc_U0/dataflow_in_loop_Row_Loop_1_U0/compute_and_write_row4_U0/grp_compute_and_write_row4_Pipeline_Acc_TileN_Conv_KY_Conv_KX_Conv_C_fu_306/add_35s_35s_35_1_1_U406/dout/B[17:0] is not pipelined. Pipelining DSP48 input will improve performance.
Related violations: <none>

DPIP-2#234 Warning
Input pipelining  
DSP design_1_i/cnn_accel_top_0/inst/grp_dataflow_parent_loop_proc2_fu_316/dataflow_parent_loop_proc_U0/dataflow_in_loop_Row_Loop_1_U0/compute_and_write_row4_U0/grp_compute_and_write_row4_Pipeline_Acc_TileN_Conv_KY_Conv_KX_Conv_C_fu_306/add_35s_35s_35_1_1_U406/dout input design_1_i/cnn_accel_top_0/inst/grp_dataflow_parent_loop_proc2_fu_316/dataflow_parent_loop_proc_U0/dataflow_in_loop_Row_Loop_1_U0/compute_and_write_row4_U0/grp_compute_and_write_row4_Pipeline_Acc_TileN_Conv_KY_Conv_KX_Conv_C_fu_306/add_35s_35s_35_1_1_U406/dout/C[47:0] is not pipelined. Pipelining DSP48 input will improve performance.
Related violations: <none>

DPIP-2#235 Warning
Input pipelining  
DSP design_1_i/cnn_accel_top_0/inst/grp_dataflow_parent_loop_proc2_fu_316/dataflow_parent_loop_proc_U0/dataflow_in_loop_Row_Loop_1_U0/compute_and_write_row4_U0/grp_compute_and_write_row4_Pipeline_Acc_TileN_Conv_KY_Conv_KX_Conv_C_fu_306/add_35s_35s_35_1_1_U408/dout input design_1_i/cnn_accel_top_0/inst/grp_dataflow_parent_loop_proc2_fu_316/dataflow_parent_loop_proc_U0/dataflow_in_loop_Row_Loop_1_U0/compute_and_write_row4_U0/grp_compute_and_write_row4_Pipeline_Acc_TileN_Conv_KY_Conv_KX_Conv_C_fu_306/add_35s_35s_35_1_1_U408/dout/A[29:0] is not pipelined. Pipelining DSP48 input will improve performance.
Related violations: <none>

DPIP-2#236 Warning
Input pipelining  
DSP design_1_i/cnn_accel_top_0/inst/grp_dataflow_parent_loop_proc2_fu_316/dataflow_parent_loop_proc_U0/dataflow_in_loop_Row_Loop_1_U0/compute_and_write_row4_U0/grp_compute_and_write_row4_Pipeline_Acc_TileN_Conv_KY_Conv_KX_Conv_C_fu_306/add_35s_35s_35_1_1_U408/dout input design_1_i/cnn_accel_top_0/inst/grp_dataflow_parent_loop_proc2_fu_316/dataflow_parent_loop_proc_U0/dataflow_in_loop_Row_Loop_1_U0/compute_and_write_row4_U0/grp_compute_and_write_row4_Pipeline_Acc_TileN_Conv_KY_Conv_KX_Conv_C_fu_306/add_35s_35s_35_1_1_U408/dout/B[17:0] is not pipelined. Pipelining DSP48 input will improve performance.
Related violations: <none>

DPIP-2#237 Warning
Input pipelining  
DSP design_1_i/cnn_accel_top_0/inst/grp_dataflow_parent_loop_proc2_fu_316/dataflow_parent_loop_proc_U0/dataflow_in_loop_Row_Loop_1_U0/compute_and_write_row4_U0/grp_compute_and_write_row4_Pipeline_Acc_TileN_Conv_KY_Conv_KX_Conv_C_fu_306/add_35s_35s_35_1_1_U408/dout input design_1_i/cnn_accel_top_0/inst/grp_dataflow_parent_loop_proc2_fu_316/dataflow_parent_loop_proc_U0/dataflow_in_loop_Row_Loop_1_U0/compute_and_write_row4_U0/grp_compute_and_write_row4_Pipeline_Acc_TileN_Conv_KY_Conv_KX_Conv_C_fu_306/add_35s_35s_35_1_1_U408/dout/C[47:0] is not pipelined. Pipelining DSP48 input will improve performance.
Related violations: <none>

DPIP-2#238 Warning
Input pipelining  
DSP design_1_i/cnn_accel_top_0/inst/grp_dataflow_parent_loop_proc2_fu_316/dataflow_parent_loop_proc_U0/dataflow_in_loop_Row_Loop_1_U0/compute_and_write_row4_U0/grp_compute_and_write_row4_Pipeline_Acc_TileN_Conv_KY_Conv_KX_Conv_C_fu_306/add_35s_35s_35_1_1_U410/dout input design_1_i/cnn_accel_top_0/inst/grp_dataflow_parent_loop_proc2_fu_316/dataflow_parent_loop_proc_U0/dataflow_in_loop_Row_Loop_1_U0/compute_and_write_row4_U0/grp_compute_and_write_row4_Pipeline_Acc_TileN_Conv_KY_Conv_KX_Conv_C_fu_306/add_35s_35s_35_1_1_U410/dout/A[29:0] is not pipelined. Pipelining DSP48 input will improve performance.
Related violations: <none>

DPIP-2#239 Warning
Input pipelining  
DSP design_1_i/cnn_accel_top_0/inst/grp_dataflow_parent_loop_proc2_fu_316/dataflow_parent_loop_proc_U0/dataflow_in_loop_Row_Loop_1_U0/compute_and_write_row4_U0/grp_compute_and_write_row4_Pipeline_Acc_TileN_Conv_KY_Conv_KX_Conv_C_fu_306/add_35s_35s_35_1_1_U410/dout input design_1_i/cnn_accel_top_0/inst/grp_dataflow_parent_loop_proc2_fu_316/dataflow_parent_loop_proc_U0/dataflow_in_loop_Row_Loop_1_U0/compute_and_write_row4_U0/grp_compute_and_write_row4_Pipeline_Acc_TileN_Conv_KY_Conv_KX_Conv_C_fu_306/add_35s_35s_35_1_1_U410/dout/B[17:0] is not pipelined. Pipelining DSP48 input will improve performance.
Related violations: <none>

DPIP-2#240 Warning
Input pipelining  
DSP design_1_i/cnn_accel_top_0/inst/grp_dataflow_parent_loop_proc2_fu_316/dataflow_parent_loop_proc_U0/dataflow_in_loop_Row_Loop_1_U0/compute_and_write_row4_U0/grp_compute_and_write_row4_Pipeline_Acc_TileN_Conv_KY_Conv_KX_Conv_C_fu_306/add_35s_35s_35_1_1_U410/dout input design_1_i/cnn_accel_top_0/inst/grp_dataflow_parent_loop_proc2_fu_316/dataflow_parent_loop_proc_U0/dataflow_in_loop_Row_Loop_1_U0/compute_and_write_row4_U0/grp_compute_and_write_row4_Pipeline_Acc_TileN_Conv_KY_Conv_KX_Conv_C_fu_306/add_35s_35s_35_1_1_U410/dout/C[47:0] is not pipelined. Pipelining DSP48 input will improve performance.
Related violations: <none>

DPIP-2#241 Warning
Input pipelining  
DSP design_1_i/cnn_accel_top_0/inst/grp_dataflow_parent_loop_proc2_fu_316/dataflow_parent_loop_proc_U0/dataflow_in_loop_Row_Loop_1_U0/compute_and_write_row4_U0/grp_compute_and_write_row4_Pipeline_Acc_TileN_Conv_KY_Conv_KX_Conv_C_fu_306/add_42ns_42s_42_1_1_U381/dout input design_1_i/cnn_accel_top_0/inst/grp_dataflow_parent_loop_proc2_fu_316/dataflow_parent_loop_proc_U0/dataflow_in_loop_Row_Loop_1_U0/compute_and_write_row4_U0/grp_compute_and_write_row4_Pipeline_Acc_TileN_Conv_KY_Conv_KX_Conv_C_fu_306/add_42ns_42s_42_1_1_U381/dout/A[29:0] is not pipelined. Pipelining DSP48 input will improve performance.
Related violations: <none>

DPIP-2#242 Warning
Input pipelining  
DSP design_1_i/cnn_accel_top_0/inst/grp_dataflow_parent_loop_proc2_fu_316/dataflow_parent_loop_proc_U0/dataflow_in_loop_Row_Loop_1_U0/compute_and_write_row4_U0/grp_compute_and_write_row4_Pipeline_Acc_TileN_Conv_KY_Conv_KX_Conv_C_fu_306/add_42ns_42s_42_1_1_U381/dout input design_1_i/cnn_accel_top_0/inst/grp_dataflow_parent_loop_proc2_fu_316/dataflow_parent_loop_proc_U0/dataflow_in_loop_Row_Loop_1_U0/compute_and_write_row4_U0/grp_compute_and_write_row4_Pipeline_Acc_TileN_Conv_KY_Conv_KX_Conv_C_fu_306/add_42ns_42s_42_1_1_U381/dout/B[17:0] is not pipelined. Pipelining DSP48 input will improve performance.
Related violations: <none>

DPIP-2#243 Warning
Input pipelining  
DSP design_1_i/cnn_accel_top_0/inst/grp_dataflow_parent_loop_proc2_fu_316/dataflow_parent_loop_proc_U0/dataflow_in_loop_Row_Loop_1_U0/compute_and_write_row4_U0/grp_compute_and_write_row4_Pipeline_Acc_TileN_Conv_KY_Conv_KX_Conv_C_fu_306/add_42ns_42s_42_1_1_U383/dout input design_1_i/cnn_accel_top_0/inst/grp_dataflow_parent_loop_proc2_fu_316/dataflow_parent_loop_proc_U0/dataflow_in_loop_Row_Loop_1_U0/compute_and_write_row4_U0/grp_compute_and_write_row4_Pipeline_Acc_TileN_Conv_KY_Conv_KX_Conv_C_fu_306/add_42ns_42s_42_1_1_U383/dout/A[29:0] is not pipelined. Pipelining DSP48 input will improve performance.
Related violations: <none>

DPIP-2#244 Warning
Input pipelining  
DSP design_1_i/cnn_accel_top_0/inst/grp_dataflow_parent_loop_proc2_fu_316/dataflow_parent_loop_proc_U0/dataflow_in_loop_Row_Loop_1_U0/compute_and_write_row4_U0/grp_compute_and_write_row4_Pipeline_Acc_TileN_Conv_KY_Conv_KX_Conv_C_fu_306/add_42ns_42s_42_1_1_U383/dout input design_1_i/cnn_accel_top_0/inst/grp_dataflow_parent_loop_proc2_fu_316/dataflow_parent_loop_proc_U0/dataflow_in_loop_Row_Loop_1_U0/compute_and_write_row4_U0/grp_compute_and_write_row4_Pipeline_Acc_TileN_Conv_KY_Conv_KX_Conv_C_fu_306/add_42ns_42s_42_1_1_U383/dout/B[17:0] is not pipelined. Pipelining DSP48 input will improve performance.
Related violations: <none>

DPIP-2#245 Warning
Input pipelining  
DSP design_1_i/cnn_accel_top_0/inst/grp_dataflow_parent_loop_proc2_fu_316/dataflow_parent_loop_proc_U0/dataflow_in_loop_Row_Loop_1_U0/compute_and_write_row4_U0/grp_compute_and_write_row4_Pipeline_Acc_TileN_Conv_KY_Conv_KX_Conv_C_fu_306/add_42ns_42s_42_1_1_U385/dout input design_1_i/cnn_accel_top_0/inst/grp_dataflow_parent_loop_proc2_fu_316/dataflow_parent_loop_proc_U0/dataflow_in_loop_Row_Loop_1_U0/compute_and_write_row4_U0/grp_compute_and_write_row4_Pipeline_Acc_TileN_Conv_KY_Conv_KX_Conv_C_fu_306/add_42ns_42s_42_1_1_U385/dout/A[29:0] is not pipelined. Pipelining DSP48 input will improve performance.
Related violations: <none>

DPIP-2#246 Warning
Input pipelining  
DSP design_1_i/cnn_accel_top_0/inst/grp_dataflow_parent_loop_proc2_fu_316/dataflow_parent_loop_proc_U0/dataflow_in_loop_Row_Loop_1_U0/compute_and_write_row4_U0/grp_compute_and_write_row4_Pipeline_Acc_TileN_Conv_KY_Conv_KX_Conv_C_fu_306/add_42ns_42s_42_1_1_U385/dout input design_1_i/cnn_accel_top_0/inst/grp_dataflow_parent_loop_proc2_fu_316/dataflow_parent_loop_proc_U0/dataflow_in_loop_Row_Loop_1_U0/compute_and_write_row4_U0/grp_compute_and_write_row4_Pipeline_Acc_TileN_Conv_KY_Conv_KX_Conv_C_fu_306/add_42ns_42s_42_1_1_U385/dout/B[17:0] is not pipelined. Pipelining DSP48 input will improve performance.
Related violations: <none>

DPIP-2#247 Warning
Input pipelining  
DSP design_1_i/cnn_accel_top_0/inst/grp_dataflow_parent_loop_proc2_fu_316/dataflow_parent_loop_proc_U0/dataflow_in_loop_Row_Loop_1_U0/compute_and_write_row4_U0/grp_compute_and_write_row4_Pipeline_Acc_TileN_Conv_KY_Conv_KX_Conv_C_fu_306/add_42ns_42s_42_1_1_U387/dout input design_1_i/cnn_accel_top_0/inst/grp_dataflow_parent_loop_proc2_fu_316/dataflow_parent_loop_proc_U0/dataflow_in_loop_Row_Loop_1_U0/compute_and_write_row4_U0/grp_compute_and_write_row4_Pipeline_Acc_TileN_Conv_KY_Conv_KX_Conv_C_fu_306/add_42ns_42s_42_1_1_U387/dout/A[29:0] is not pipelined. Pipelining DSP48 input will improve performance.
Related violations: <none>

DPIP-2#248 Warning
Input pipelining  
DSP design_1_i/cnn_accel_top_0/inst/grp_dataflow_parent_loop_proc2_fu_316/dataflow_parent_loop_proc_U0/dataflow_in_loop_Row_Loop_1_U0/compute_and_write_row4_U0/grp_compute_and_write_row4_Pipeline_Acc_TileN_Conv_KY_Conv_KX_Conv_C_fu_306/add_42ns_42s_42_1_1_U387/dout input design_1_i/cnn_accel_top_0/inst/grp_dataflow_parent_loop_proc2_fu_316/dataflow_parent_loop_proc_U0/dataflow_in_loop_Row_Loop_1_U0/compute_and_write_row4_U0/grp_compute_and_write_row4_Pipeline_Acc_TileN_Conv_KY_Conv_KX_Conv_C_fu_306/add_42ns_42s_42_1_1_U387/dout/B[17:0] is not pipelined. Pipelining DSP48 input will improve performance.
Related violations: <none>

DPIP-2#249 Warning
Input pipelining  
DSP design_1_i/cnn_accel_top_0/inst/grp_dataflow_parent_loop_proc2_fu_316/dataflow_parent_loop_proc_U0/dataflow_in_loop_Row_Loop_1_U0/compute_and_write_row4_U0/grp_compute_and_write_row4_Pipeline_Acc_TileN_Conv_KY_Conv_KX_Conv_C_fu_306/add_42ns_42s_42_1_1_U389/dout input design_1_i/cnn_accel_top_0/inst/grp_dataflow_parent_loop_proc2_fu_316/dataflow_parent_loop_proc_U0/dataflow_in_loop_Row_Loop_1_U0/compute_and_write_row4_U0/grp_compute_and_write_row4_Pipeline_Acc_TileN_Conv_KY_Conv_KX_Conv_C_fu_306/add_42ns_42s_42_1_1_U389/dout/A[29:0] is not pipelined. Pipelining DSP48 input will improve performance.
Related violations: <none>

DPIP-2#250 Warning
Input pipelining  
DSP design_1_i/cnn_accel_top_0/inst/grp_dataflow_parent_loop_proc2_fu_316/dataflow_parent_loop_proc_U0/dataflow_in_loop_Row_Loop_1_U0/compute_and_write_row4_U0/grp_compute_and_write_row4_Pipeline_Acc_TileN_Conv_KY_Conv_KX_Conv_C_fu_306/add_42ns_42s_42_1_1_U389/dout input design_1_i/cnn_accel_top_0/inst/grp_dataflow_parent_loop_proc2_fu_316/dataflow_parent_loop_proc_U0/dataflow_in_loop_Row_Loop_1_U0/compute_and_write_row4_U0/grp_compute_and_write_row4_Pipeline_Acc_TileN_Conv_KY_Conv_KX_Conv_C_fu_306/add_42ns_42s_42_1_1_U389/dout/B[17:0] is not pipelined. Pipelining DSP48 input will improve performance.
Related violations: <none>

DPIP-2#251 Warning
Input pipelining  
DSP design_1_i/cnn_accel_top_0/inst/grp_dataflow_parent_loop_proc2_fu_316/dataflow_parent_loop_proc_U0/dataflow_in_loop_Row_Loop_1_U0/compute_and_write_row4_U0/grp_compute_and_write_row4_Pipeline_Acc_TileN_Conv_KY_Conv_KX_Conv_C_fu_306/add_42ns_42s_42_1_1_U391/dout input design_1_i/cnn_accel_top_0/inst/grp_dataflow_parent_loop_proc2_fu_316/dataflow_parent_loop_proc_U0/dataflow_in_loop_Row_Loop_1_U0/compute_and_write_row4_U0/grp_compute_and_write_row4_Pipeline_Acc_TileN_Conv_KY_Conv_KX_Conv_C_fu_306/add_42ns_42s_42_1_1_U391/dout/A[29:0] is not pipelined. Pipelining DSP48 input will improve performance.
Related violations: <none>

DPIP-2#252 Warning
Input pipelining  
DSP design_1_i/cnn_accel_top_0/inst/grp_dataflow_parent_loop_proc2_fu_316/dataflow_parent_loop_proc_U0/dataflow_in_loop_Row_Loop_1_U0/compute_and_write_row4_U0/grp_compute_and_write_row4_Pipeline_Acc_TileN_Conv_KY_Conv_KX_Conv_C_fu_306/add_42ns_42s_42_1_1_U391/dout input design_1_i/cnn_accel_top_0/inst/grp_dataflow_parent_loop_proc2_fu_316/dataflow_parent_loop_proc_U0/dataflow_in_loop_Row_Loop_1_U0/compute_and_write_row4_U0/grp_compute_and_write_row4_Pipeline_Acc_TileN_Conv_KY_Conv_KX_Conv_C_fu_306/add_42ns_42s_42_1_1_U391/dout/B[17:0] is not pipelined. Pipelining DSP48 input will improve performance.
Related violations: <none>

DPIP-2#253 Warning
Input pipelining  
DSP design_1_i/cnn_accel_top_0/inst/grp_dataflow_parent_loop_proc2_fu_316/dataflow_parent_loop_proc_U0/dataflow_in_loop_Row_Loop_1_U0/compute_and_write_row4_U0/grp_compute_and_write_row4_Pipeline_Acc_TileN_Conv_KY_Conv_KX_Conv_C_fu_306/add_42ns_42s_42_1_1_U393/dout input design_1_i/cnn_accel_top_0/inst/grp_dataflow_parent_loop_proc2_fu_316/dataflow_parent_loop_proc_U0/dataflow_in_loop_Row_Loop_1_U0/compute_and_write_row4_U0/grp_compute_and_write_row4_Pipeline_Acc_TileN_Conv_KY_Conv_KX_Conv_C_fu_306/add_42ns_42s_42_1_1_U393/dout/A[29:0] is not pipelined. Pipelining DSP48 input will improve performance.
Related violations: <none>

DPIP-2#254 Warning
Input pipelining  
DSP design_1_i/cnn_accel_top_0/inst/grp_dataflow_parent_loop_proc2_fu_316/dataflow_parent_loop_proc_U0/dataflow_in_loop_Row_Loop_1_U0/compute_and_write_row4_U0/grp_compute_and_write_row4_Pipeline_Acc_TileN_Conv_KY_Conv_KX_Conv_C_fu_306/add_42ns_42s_42_1_1_U393/dout input design_1_i/cnn_accel_top_0/inst/grp_dataflow_parent_loop_proc2_fu_316/dataflow_parent_loop_proc_U0/dataflow_in_loop_Row_Loop_1_U0/compute_and_write_row4_U0/grp_compute_and_write_row4_Pipeline_Acc_TileN_Conv_KY_Conv_KX_Conv_C_fu_306/add_42ns_42s_42_1_1_U393/dout/B[17:0] is not pipelined. Pipelining DSP48 input will improve performance.
Related violations: <none>

DPIP-2#255 Warning
Input pipelining  
DSP design_1_i/cnn_accel_top_0/inst/grp_dataflow_parent_loop_proc2_fu_316/dataflow_parent_loop_proc_U0/dataflow_in_loop_Row_Loop_1_U0/compute_and_write_row4_U0/grp_compute_and_write_row4_Pipeline_Acc_TileN_Conv_KY_Conv_KX_Conv_C_fu_306/add_42ns_42s_42_1_1_U395/dout input design_1_i/cnn_accel_top_0/inst/grp_dataflow_parent_loop_proc2_fu_316/dataflow_parent_loop_proc_U0/dataflow_in_loop_Row_Loop_1_U0/compute_and_write_row4_U0/grp_compute_and_write_row4_Pipeline_Acc_TileN_Conv_KY_Conv_KX_Conv_C_fu_306/add_42ns_42s_42_1_1_U395/dout/A[29:0] is not pipelined. Pipelining DSP48 input will improve performance.
Related violations: <none>

DPIP-2#256 Warning
Input pipelining  
DSP design_1_i/cnn_accel_top_0/inst/grp_dataflow_parent_loop_proc2_fu_316/dataflow_parent_loop_proc_U0/dataflow_in_loop_Row_Loop_1_U0/compute_and_write_row4_U0/grp_compute_and_write_row4_Pipeline_Acc_TileN_Conv_KY_Conv_KX_Conv_C_fu_306/add_42ns_42s_42_1_1_U395/dout input design_1_i/cnn_accel_top_0/inst/grp_dataflow_parent_loop_proc2_fu_316/dataflow_parent_loop_proc_U0/dataflow_in_loop_Row_Loop_1_U0/compute_and_write_row4_U0/grp_compute_and_write_row4_Pipeline_Acc_TileN_Conv_KY_Conv_KX_Conv_C_fu_306/add_42ns_42s_42_1_1_U395/dout/B[17:0] is not pipelined. Pipelining DSP48 input will improve performance.
Related violations: <none>

DPIP-2#257 Warning
Input pipelining  
DSP design_1_i/cnn_accel_top_0/inst/grp_dataflow_parent_loop_proc2_fu_316/dataflow_parent_loop_proc_U0/dataflow_in_loop_Row_Loop_1_U0/compute_and_write_row4_U0/grp_compute_and_write_row4_Pipeline_Acc_TileN_Conv_KY_Conv_KX_Conv_C_fu_306/add_42ns_42s_42_1_1_U397/dout input design_1_i/cnn_accel_top_0/inst/grp_dataflow_parent_loop_proc2_fu_316/dataflow_parent_loop_proc_U0/dataflow_in_loop_Row_Loop_1_U0/compute_and_write_row4_U0/grp_compute_and_write_row4_Pipeline_Acc_TileN_Conv_KY_Conv_KX_Conv_C_fu_306/add_42ns_42s_42_1_1_U397/dout/A[29:0] is not pipelined. Pipelining DSP48 input will improve performance.
Related violations: <none>

DPIP-2#258 Warning
Input pipelining  
DSP design_1_i/cnn_accel_top_0/inst/grp_dataflow_parent_loop_proc2_fu_316/dataflow_parent_loop_proc_U0/dataflow_in_loop_Row_Loop_1_U0/compute_and_write_row4_U0/grp_compute_and_write_row4_Pipeline_Acc_TileN_Conv_KY_Conv_KX_Conv_C_fu_306/add_42ns_42s_42_1_1_U397/dout input design_1_i/cnn_accel_top_0/inst/grp_dataflow_parent_loop_proc2_fu_316/dataflow_parent_loop_proc_U0/dataflow_in_loop_Row_Loop_1_U0/compute_and_write_row4_U0/grp_compute_and_write_row4_Pipeline_Acc_TileN_Conv_KY_Conv_KX_Conv_C_fu_306/add_42ns_42s_42_1_1_U397/dout/B[17:0] is not pipelined. Pipelining DSP48 input will improve performance.
Related violations: <none>

DPIP-2#259 Warning
Input pipelining  
DSP design_1_i/cnn_accel_top_0/inst/grp_dataflow_parent_loop_proc2_fu_316/dataflow_parent_loop_proc_U0/dataflow_in_loop_Row_Loop_1_U0/compute_and_write_row4_U0/grp_compute_and_write_row4_Pipeline_Acc_TileN_Conv_KY_Conv_KX_Conv_C_fu_306/add_42ns_42s_42_1_1_U399/dout input design_1_i/cnn_accel_top_0/inst/grp_dataflow_parent_loop_proc2_fu_316/dataflow_parent_loop_proc_U0/dataflow_in_loop_Row_Loop_1_U0/compute_and_write_row4_U0/grp_compute_and_write_row4_Pipeline_Acc_TileN_Conv_KY_Conv_KX_Conv_C_fu_306/add_42ns_42s_42_1_1_U399/dout/A[29:0] is not pipelined. Pipelining DSP48 input will improve performance.
Related violations: <none>

DPIP-2#260 Warning
Input pipelining  
DSP design_1_i/cnn_accel_top_0/inst/grp_dataflow_parent_loop_proc2_fu_316/dataflow_parent_loop_proc_U0/dataflow_in_loop_Row_Loop_1_U0/compute_and_write_row4_U0/grp_compute_and_write_row4_Pipeline_Acc_TileN_Conv_KY_Conv_KX_Conv_C_fu_306/add_42ns_42s_42_1_1_U399/dout input design_1_i/cnn_accel_top_0/inst/grp_dataflow_parent_loop_proc2_fu_316/dataflow_parent_loop_proc_U0/dataflow_in_loop_Row_Loop_1_U0/compute_and_write_row4_U0/grp_compute_and_write_row4_Pipeline_Acc_TileN_Conv_KY_Conv_KX_Conv_C_fu_306/add_42ns_42s_42_1_1_U399/dout/B[17:0] is not pipelined. Pipelining DSP48 input will improve performance.
Related violations: <none>

DPIP-2#261 Warning
Input pipelining  
DSP design_1_i/cnn_accel_top_0/inst/grp_dataflow_parent_loop_proc2_fu_316/dataflow_parent_loop_proc_U0/dataflow_in_loop_Row_Loop_1_U0/compute_and_write_row4_U0/grp_compute_and_write_row4_Pipeline_Acc_TileN_Conv_KY_Conv_KX_Conv_C_fu_306/add_42ns_42s_42_1_1_U401/dout input design_1_i/cnn_accel_top_0/inst/grp_dataflow_parent_loop_proc2_fu_316/dataflow_parent_loop_proc_U0/dataflow_in_loop_Row_Loop_1_U0/compute_and_write_row4_U0/grp_compute_and_write_row4_Pipeline_Acc_TileN_Conv_KY_Conv_KX_Conv_C_fu_306/add_42ns_42s_42_1_1_U401/dout/A[29:0] is not pipelined. Pipelining DSP48 input will improve performance.
Related violations: <none>

DPIP-2#262 Warning
Input pipelining  
DSP design_1_i/cnn_accel_top_0/inst/grp_dataflow_parent_loop_proc2_fu_316/dataflow_parent_loop_proc_U0/dataflow_in_loop_Row_Loop_1_U0/compute_and_write_row4_U0/grp_compute_and_write_row4_Pipeline_Acc_TileN_Conv_KY_Conv_KX_Conv_C_fu_306/add_42ns_42s_42_1_1_U401/dout input design_1_i/cnn_accel_top_0/inst/grp_dataflow_parent_loop_proc2_fu_316/dataflow_parent_loop_proc_U0/dataflow_in_loop_Row_Loop_1_U0/compute_and_write_row4_U0/grp_compute_and_write_row4_Pipeline_Acc_TileN_Conv_KY_Conv_KX_Conv_C_fu_306/add_42ns_42s_42_1_1_U401/dout/B[17:0] is not pipelined. Pipelining DSP48 input will improve performance.
Related violations: <none>

DPIP-2#263 Warning
Input pipelining  
DSP design_1_i/cnn_accel_top_0/inst/grp_dataflow_parent_loop_proc2_fu_316/dataflow_parent_loop_proc_U0/dataflow_in_loop_Row_Loop_1_U0/compute_and_write_row4_U0/grp_compute_and_write_row4_Pipeline_Acc_TileN_Conv_KY_Conv_KX_Conv_C_fu_306/add_42ns_42s_42_1_1_U403/dout input design_1_i/cnn_accel_top_0/inst/grp_dataflow_parent_loop_proc2_fu_316/dataflow_parent_loop_proc_U0/dataflow_in_loop_Row_Loop_1_U0/compute_and_write_row4_U0/grp_compute_and_write_row4_Pipeline_Acc_TileN_Conv_KY_Conv_KX_Conv_C_fu_306/add_42ns_42s_42_1_1_U403/dout/A[29:0] is not pipelined. Pipelining DSP48 input will improve performance.
Related violations: <none>

DPIP-2#264 Warning
Input pipelining  
DSP design_1_i/cnn_accel_top_0/inst/grp_dataflow_parent_loop_proc2_fu_316/dataflow_parent_loop_proc_U0/dataflow_in_loop_Row_Loop_1_U0/compute_and_write_row4_U0/grp_compute_and_write_row4_Pipeline_Acc_TileN_Conv_KY_Conv_KX_Conv_C_fu_306/add_42ns_42s_42_1_1_U403/dout input design_1_i/cnn_accel_top_0/inst/grp_dataflow_parent_loop_proc2_fu_316/dataflow_parent_loop_proc_U0/dataflow_in_loop_Row_Loop_1_U0/compute_and_write_row4_U0/grp_compute_and_write_row4_Pipeline_Acc_TileN_Conv_KY_Conv_KX_Conv_C_fu_306/add_42ns_42s_42_1_1_U403/dout/B[17:0] is not pipelined. Pipelining DSP48 input will improve performance.
Related violations: <none>

DPIP-2#265 Warning
Input pipelining  
DSP design_1_i/cnn_accel_top_0/inst/grp_dataflow_parent_loop_proc2_fu_316/dataflow_parent_loop_proc_U0/dataflow_in_loop_Row_Loop_1_U0/compute_and_write_row4_U0/grp_compute_and_write_row4_Pipeline_Acc_TileN_Conv_KY_Conv_KX_Conv_C_fu_306/add_42ns_42s_42_1_1_U405/dout input design_1_i/cnn_accel_top_0/inst/grp_dataflow_parent_loop_proc2_fu_316/dataflow_parent_loop_proc_U0/dataflow_in_loop_Row_Loop_1_U0/compute_and_write_row4_U0/grp_compute_and_write_row4_Pipeline_Acc_TileN_Conv_KY_Conv_KX_Conv_C_fu_306/add_42ns_42s_42_1_1_U405/dout/A[29:0] is not pipelined. Pipelining DSP48 input will improve performance.
Related violations: <none>

DPIP-2#266 Warning
Input pipelining  
DSP design_1_i/cnn_accel_top_0/inst/grp_dataflow_parent_loop_proc2_fu_316/dataflow_parent_loop_proc_U0/dataflow_in_loop_Row_Loop_1_U0/compute_and_write_row4_U0/grp_compute_and_write_row4_Pipeline_Acc_TileN_Conv_KY_Conv_KX_Conv_C_fu_306/add_42ns_42s_42_1_1_U405/dout input design_1_i/cnn_accel_top_0/inst/grp_dataflow_parent_loop_proc2_fu_316/dataflow_parent_loop_proc_U0/dataflow_in_loop_Row_Loop_1_U0/compute_and_write_row4_U0/grp_compute_and_write_row4_Pipeline_Acc_TileN_Conv_KY_Conv_KX_Conv_C_fu_306/add_42ns_42s_42_1_1_U405/dout/B[17:0] is not pipelined. Pipelining DSP48 input will improve performance.
Related violations: <none>

DPIP-2#267 Warning
Input pipelining  
DSP design_1_i/cnn_accel_top_0/inst/grp_dataflow_parent_loop_proc2_fu_316/dataflow_parent_loop_proc_U0/dataflow_in_loop_Row_Loop_1_U0/compute_and_write_row4_U0/grp_compute_and_write_row4_Pipeline_Acc_TileN_Conv_KY_Conv_KX_Conv_C_fu_306/add_42ns_42s_42_1_1_U407/dout input design_1_i/cnn_accel_top_0/inst/grp_dataflow_parent_loop_proc2_fu_316/dataflow_parent_loop_proc_U0/dataflow_in_loop_Row_Loop_1_U0/compute_and_write_row4_U0/grp_compute_and_write_row4_Pipeline_Acc_TileN_Conv_KY_Conv_KX_Conv_C_fu_306/add_42ns_42s_42_1_1_U407/dout/A[29:0] is not pipelined. Pipelining DSP48 input will improve performance.
Related violations: <none>

DPIP-2#268 Warning
Input pipelining  
DSP design_1_i/cnn_accel_top_0/inst/grp_dataflow_parent_loop_proc2_fu_316/dataflow_parent_loop_proc_U0/dataflow_in_loop_Row_Loop_1_U0/compute_and_write_row4_U0/grp_compute_and_write_row4_Pipeline_Acc_TileN_Conv_KY_Conv_KX_Conv_C_fu_306/add_42ns_42s_42_1_1_U407/dout input design_1_i/cnn_accel_top_0/inst/grp_dataflow_parent_loop_proc2_fu_316/dataflow_parent_loop_proc_U0/dataflow_in_loop_Row_Loop_1_U0/compute_and_write_row4_U0/grp_compute_and_write_row4_Pipeline_Acc_TileN_Conv_KY_Conv_KX_Conv_C_fu_306/add_42ns_42s_42_1_1_U407/dout/B[17:0] is not pipelined. Pipelining DSP48 input will improve performance.
Related violations: <none>

DPIP-2#269 Warning
Input pipelining  
DSP design_1_i/cnn_accel_top_0/inst/grp_dataflow_parent_loop_proc2_fu_316/dataflow_parent_loop_proc_U0/dataflow_in_loop_Row_Loop_1_U0/compute_and_write_row4_U0/grp_compute_and_write_row4_Pipeline_Acc_TileN_Conv_KY_Conv_KX_Conv_C_fu_306/add_42ns_42s_42_1_1_U409/dout input design_1_i/cnn_accel_top_0/inst/grp_dataflow_parent_loop_proc2_fu_316/dataflow_parent_loop_proc_U0/dataflow_in_loop_Row_Loop_1_U0/compute_and_write_row4_U0/grp_compute_and_write_row4_Pipeline_Acc_TileN_Conv_KY_Conv_KX_Conv_C_fu_306/add_42ns_42s_42_1_1_U409/dout/A[29:0] is not pipelined. Pipelining DSP48 input will improve performance.
Related violations: <none>

DPIP-2#270 Warning
Input pipelining  
DSP design_1_i/cnn_accel_top_0/inst/grp_dataflow_parent_loop_proc2_fu_316/dataflow_parent_loop_proc_U0/dataflow_in_loop_Row_Loop_1_U0/compute_and_write_row4_U0/grp_compute_and_write_row4_Pipeline_Acc_TileN_Conv_KY_Conv_KX_Conv_C_fu_306/add_42ns_42s_42_1_1_U409/dout input design_1_i/cnn_accel_top_0/inst/grp_dataflow_parent_loop_proc2_fu_316/dataflow_parent_loop_proc_U0/dataflow_in_loop_Row_Loop_1_U0/compute_and_write_row4_U0/grp_compute_and_write_row4_Pipeline_Acc_TileN_Conv_KY_Conv_KX_Conv_C_fu_306/add_42ns_42s_42_1_1_U409/dout/B[17:0] is not pipelined. Pipelining DSP48 input will improve performance.
Related violations: <none>

DPIP-2#271 Warning
Input pipelining  
DSP design_1_i/cnn_accel_top_0/inst/grp_dataflow_parent_loop_proc2_fu_316/dataflow_parent_loop_proc_U0/dataflow_in_loop_Row_Loop_1_U0/compute_and_write_row4_U0/grp_compute_and_write_row4_Pipeline_Acc_TileN_Conv_KY_Conv_KX_Conv_C_fu_306/add_42ns_42s_42_1_1_U411/dout input design_1_i/cnn_accel_top_0/inst/grp_dataflow_parent_loop_proc2_fu_316/dataflow_parent_loop_proc_U0/dataflow_in_loop_Row_Loop_1_U0/compute_and_write_row4_U0/grp_compute_and_write_row4_Pipeline_Acc_TileN_Conv_KY_Conv_KX_Conv_C_fu_306/add_42ns_42s_42_1_1_U411/dout/A[29:0] is not pipelined. Pipelining DSP48 input will improve performance.
Related violations: <none>

DPIP-2#272 Warning
Input pipelining  
DSP design_1_i/cnn_accel_top_0/inst/grp_dataflow_parent_loop_proc2_fu_316/dataflow_parent_loop_proc_U0/dataflow_in_loop_Row_Loop_1_U0/compute_and_write_row4_U0/grp_compute_and_write_row4_Pipeline_Acc_TileN_Conv_KY_Conv_KX_Conv_C_fu_306/add_42ns_42s_42_1_1_U411/dout input design_1_i/cnn_accel_top_0/inst/grp_dataflow_parent_loop_proc2_fu_316/dataflow_parent_loop_proc_U0/dataflow_in_loop_Row_Loop_1_U0/compute_and_write_row4_U0/grp_compute_and_write_row4_Pipeline_Acc_TileN_Conv_KY_Conv_KX_Conv_C_fu_306/add_42ns_42s_42_1_1_U411/dout/B[17:0] is not pipelined. Pipelining DSP48 input will improve performance.
Related violations: <none>

DPIP-2#273 Warning
Input pipelining  
DSP design_1_i/cnn_accel_top_0/inst/grp_dataflow_parent_loop_proc2_fu_316/dataflow_parent_loop_proc_U0/dataflow_in_loop_Row_Loop_1_U0/compute_and_write_row4_U0/grp_compute_and_write_row4_Pipeline_Acc_TileN_Conv_KY_Conv_KX_Conv_C_fu_306/mul_16s_16s_32_1_1_U156/tmp_product input design_1_i/cnn_accel_top_0/inst/grp_dataflow_parent_loop_proc2_fu_316/dataflow_parent_loop_proc_U0/dataflow_in_loop_Row_Loop_1_U0/compute_and_write_row4_U0/grp_compute_and_write_row4_Pipeline_Acc_TileN_Conv_KY_Conv_KX_Conv_C_fu_306/mul_16s_16s_32_1_1_U156/tmp_product/A[29:0] is not pipelined. Pipelining DSP48 input will improve performance.
Related violations: <none>

DPIP-2#274 Warning
Input pipelining  
DSP design_1_i/cnn_accel_top_0/inst/grp_dataflow_parent_loop_proc2_fu_316/dataflow_parent_loop_proc_U0/dataflow_in_loop_Row_Loop_1_U0/compute_and_write_row4_U0/grp_compute_and_write_row4_Pipeline_Acc_TileN_Conv_KY_Conv_KX_Conv_C_fu_306/mul_16s_16s_32_1_1_U156/tmp_product input design_1_i/cnn_accel_top_0/inst/grp_dataflow_parent_loop_proc2_fu_316/dataflow_parent_loop_proc_U0/dataflow_in_loop_Row_Loop_1_U0/compute_and_write_row4_U0/grp_compute_and_write_row4_Pipeline_Acc_TileN_Conv_KY_Conv_KX_Conv_C_fu_306/mul_16s_16s_32_1_1_U156/tmp_product/B[17:0] is not pipelined. Pipelining DSP48 input will improve performance.
Related violations: <none>

DPIP-2#275 Warning
Input pipelining  
DSP design_1_i/cnn_accel_top_0/inst/grp_dataflow_parent_loop_proc2_fu_316/dataflow_parent_loop_proc_U0/dataflow_in_loop_Row_Loop_1_U0/compute_and_write_row4_U0/grp_compute_and_write_row4_Pipeline_Acc_TileN_Conv_KY_Conv_KX_Conv_C_fu_306/mul_16s_16s_32_1_1_U158/tmp_product input design_1_i/cnn_accel_top_0/inst/grp_dataflow_parent_loop_proc2_fu_316/dataflow_parent_loop_proc_U0/dataflow_in_loop_Row_Loop_1_U0/compute_and_write_row4_U0/grp_compute_and_write_row4_Pipeline_Acc_TileN_Conv_KY_Conv_KX_Conv_C_fu_306/mul_16s_16s_32_1_1_U158/tmp_product/A[29:0] is not pipelined. Pipelining DSP48 input will improve performance.
Related violations: <none>

DPIP-2#276 Warning
Input pipelining  
DSP design_1_i/cnn_accel_top_0/inst/grp_dataflow_parent_loop_proc2_fu_316/dataflow_parent_loop_proc_U0/dataflow_in_loop_Row_Loop_1_U0/compute_and_write_row4_U0/grp_compute_and_write_row4_Pipeline_Acc_TileN_Conv_KY_Conv_KX_Conv_C_fu_306/mul_16s_16s_32_1_1_U158/tmp_product input design_1_i/cnn_accel_top_0/inst/grp_dataflow_parent_loop_proc2_fu_316/dataflow_parent_loop_proc_U0/dataflow_in_loop_Row_Loop_1_U0/compute_and_write_row4_U0/grp_compute_and_write_row4_Pipeline_Acc_TileN_Conv_KY_Conv_KX_Conv_C_fu_306/mul_16s_16s_32_1_1_U158/tmp_product/B[17:0] is not pipelined. Pipelining DSP48 input will improve performance.
Related violations: <none>

DPIP-2#277 Warning
Input pipelining  
DSP design_1_i/cnn_accel_top_0/inst/grp_dataflow_parent_loop_proc2_fu_316/dataflow_parent_loop_proc_U0/dataflow_in_loop_Row_Loop_1_U0/compute_and_write_row4_U0/grp_compute_and_write_row4_Pipeline_Acc_TileN_Conv_KY_Conv_KX_Conv_C_fu_306/mul_16s_16s_32_1_1_U160/tmp_product input design_1_i/cnn_accel_top_0/inst/grp_dataflow_parent_loop_proc2_fu_316/dataflow_parent_loop_proc_U0/dataflow_in_loop_Row_Loop_1_U0/compute_and_write_row4_U0/grp_compute_and_write_row4_Pipeline_Acc_TileN_Conv_KY_Conv_KX_Conv_C_fu_306/mul_16s_16s_32_1_1_U160/tmp_product/A[29:0] is not pipelined. Pipelining DSP48 input will improve performance.
Related violations: <none>

DPIP-2#278 Warning
Input pipelining  
DSP design_1_i/cnn_accel_top_0/inst/grp_dataflow_parent_loop_proc2_fu_316/dataflow_parent_loop_proc_U0/dataflow_in_loop_Row_Loop_1_U0/compute_and_write_row4_U0/grp_compute_and_write_row4_Pipeline_Acc_TileN_Conv_KY_Conv_KX_Conv_C_fu_306/mul_16s_16s_32_1_1_U160/tmp_product input design_1_i/cnn_accel_top_0/inst/grp_dataflow_parent_loop_proc2_fu_316/dataflow_parent_loop_proc_U0/dataflow_in_loop_Row_Loop_1_U0/compute_and_write_row4_U0/grp_compute_and_write_row4_Pipeline_Acc_TileN_Conv_KY_Conv_KX_Conv_C_fu_306/mul_16s_16s_32_1_1_U160/tmp_product/B[17:0] is not pipelined. Pipelining DSP48 input will improve performance.
Related violations: <none>

DPIP-2#279 Warning
Input pipelining  
DSP design_1_i/cnn_accel_top_0/inst/grp_dataflow_parent_loop_proc2_fu_316/dataflow_parent_loop_proc_U0/dataflow_in_loop_Row_Loop_1_U0/compute_and_write_row4_U0/grp_compute_and_write_row4_Pipeline_Acc_TileN_Conv_KY_Conv_KX_Conv_C_fu_306/mul_16s_16s_32_1_1_U162/tmp_product input design_1_i/cnn_accel_top_0/inst/grp_dataflow_parent_loop_proc2_fu_316/dataflow_parent_loop_proc_U0/dataflow_in_loop_Row_Loop_1_U0/compute_and_write_row4_U0/grp_compute_and_write_row4_Pipeline_Acc_TileN_Conv_KY_Conv_KX_Conv_C_fu_306/mul_16s_16s_32_1_1_U162/tmp_product/A[29:0] is not pipelined. Pipelining DSP48 input will improve performance.
Related violations: <none>

DPIP-2#280 Warning
Input pipelining  
DSP design_1_i/cnn_accel_top_0/inst/grp_dataflow_parent_loop_proc2_fu_316/dataflow_parent_loop_proc_U0/dataflow_in_loop_Row_Loop_1_U0/compute_and_write_row4_U0/grp_compute_and_write_row4_Pipeline_Acc_TileN_Conv_KY_Conv_KX_Conv_C_fu_306/mul_16s_16s_32_1_1_U162/tmp_product input design_1_i/cnn_accel_top_0/inst/grp_dataflow_parent_loop_proc2_fu_316/dataflow_parent_loop_proc_U0/dataflow_in_loop_Row_Loop_1_U0/compute_and_write_row4_U0/grp_compute_and_write_row4_Pipeline_Acc_TileN_Conv_KY_Conv_KX_Conv_C_fu_306/mul_16s_16s_32_1_1_U162/tmp_product/B[17:0] is not pipelined. Pipelining DSP48 input will improve performance.
Related violations: <none>

DPIP-2#281 Warning
Input pipelining  
DSP design_1_i/cnn_accel_top_0/inst/grp_dataflow_parent_loop_proc2_fu_316/dataflow_parent_loop_proc_U0/dataflow_in_loop_Row_Loop_1_U0/compute_and_write_row4_U0/grp_compute_and_write_row4_Pipeline_Acc_TileN_Conv_KY_Conv_KX_Conv_C_fu_306/mul_16s_16s_32_1_1_U170/tmp_product input design_1_i/cnn_accel_top_0/inst/grp_dataflow_parent_loop_proc2_fu_316/dataflow_parent_loop_proc_U0/dataflow_in_loop_Row_Loop_1_U0/compute_and_write_row4_U0/grp_compute_and_write_row4_Pipeline_Acc_TileN_Conv_KY_Conv_KX_Conv_C_fu_306/mul_16s_16s_32_1_1_U170/tmp_product/A[29:0] is not pipelined. Pipelining DSP48 input will improve performance.
Related violations: <none>

DPIP-2#282 Warning
Input pipelining  
DSP design_1_i/cnn_accel_top_0/inst/grp_dataflow_parent_loop_proc2_fu_316/dataflow_parent_loop_proc_U0/dataflow_in_loop_Row_Loop_1_U0/compute_and_write_row4_U0/grp_compute_and_write_row4_Pipeline_Acc_TileN_Conv_KY_Conv_KX_Conv_C_fu_306/mul_16s_16s_32_1_1_U170/tmp_product input design_1_i/cnn_accel_top_0/inst/grp_dataflow_parent_loop_proc2_fu_316/dataflow_parent_loop_proc_U0/dataflow_in_loop_Row_Loop_1_U0/compute_and_write_row4_U0/grp_compute_and_write_row4_Pipeline_Acc_TileN_Conv_KY_Conv_KX_Conv_C_fu_306/mul_16s_16s_32_1_1_U170/tmp_product/B[17:0] is not pipelined. Pipelining DSP48 input will improve performance.
Related violations: <none>

DPIP-2#283 Warning
Input pipelining  
DSP design_1_i/cnn_accel_top_0/inst/grp_dataflow_parent_loop_proc2_fu_316/dataflow_parent_loop_proc_U0/dataflow_in_loop_Row_Loop_1_U0/compute_and_write_row4_U0/grp_compute_and_write_row4_Pipeline_Acc_TileN_Conv_KY_Conv_KX_Conv_C_fu_306/mul_16s_16s_32_1_1_U172/tmp_product input design_1_i/cnn_accel_top_0/inst/grp_dataflow_parent_loop_proc2_fu_316/dataflow_parent_loop_proc_U0/dataflow_in_loop_Row_Loop_1_U0/compute_and_write_row4_U0/grp_compute_and_write_row4_Pipeline_Acc_TileN_Conv_KY_Conv_KX_Conv_C_fu_306/mul_16s_16s_32_1_1_U172/tmp_product/A[29:0] is not pipelined. Pipelining DSP48 input will improve performance.
Related violations: <none>

DPIP-2#284 Warning
Input pipelining  
DSP design_1_i/cnn_accel_top_0/inst/grp_dataflow_parent_loop_proc2_fu_316/dataflow_parent_loop_proc_U0/dataflow_in_loop_Row_Loop_1_U0/compute_and_write_row4_U0/grp_compute_and_write_row4_Pipeline_Acc_TileN_Conv_KY_Conv_KX_Conv_C_fu_306/mul_16s_16s_32_1_1_U172/tmp_product input design_1_i/cnn_accel_top_0/inst/grp_dataflow_parent_loop_proc2_fu_316/dataflow_parent_loop_proc_U0/dataflow_in_loop_Row_Loop_1_U0/compute_and_write_row4_U0/grp_compute_and_write_row4_Pipeline_Acc_TileN_Conv_KY_Conv_KX_Conv_C_fu_306/mul_16s_16s_32_1_1_U172/tmp_product/B[17:0] is not pipelined. Pipelining DSP48 input will improve performance.
Related violations: <none>

DPIP-2#285 Warning
Input pipelining  
DSP design_1_i/cnn_accel_top_0/inst/grp_dataflow_parent_loop_proc2_fu_316/dataflow_parent_loop_proc_U0/dataflow_in_loop_Row_Loop_1_U0/compute_and_write_row4_U0/grp_compute_and_write_row4_Pipeline_Acc_TileN_Conv_KY_Conv_KX_Conv_C_fu_306/mul_16s_16s_32_1_1_U174/tmp_product input design_1_i/cnn_accel_top_0/inst/grp_dataflow_parent_loop_proc2_fu_316/dataflow_parent_loop_proc_U0/dataflow_in_loop_Row_Loop_1_U0/compute_and_write_row4_U0/grp_compute_and_write_row4_Pipeline_Acc_TileN_Conv_KY_Conv_KX_Conv_C_fu_306/mul_16s_16s_32_1_1_U174/tmp_product/A[29:0] is not pipelined. Pipelining DSP48 input will improve performance.
Related violations: <none>

DPIP-2#286 Warning
Input pipelining  
DSP design_1_i/cnn_accel_top_0/inst/grp_dataflow_parent_loop_proc2_fu_316/dataflow_parent_loop_proc_U0/dataflow_in_loop_Row_Loop_1_U0/compute_and_write_row4_U0/grp_compute_and_write_row4_Pipeline_Acc_TileN_Conv_KY_Conv_KX_Conv_C_fu_306/mul_16s_16s_32_1_1_U174/tmp_product input design_1_i/cnn_accel_top_0/inst/grp_dataflow_parent_loop_proc2_fu_316/dataflow_parent_loop_proc_U0/dataflow_in_loop_Row_Loop_1_U0/compute_and_write_row4_U0/grp_compute_and_write_row4_Pipeline_Acc_TileN_Conv_KY_Conv_KX_Conv_C_fu_306/mul_16s_16s_32_1_1_U174/tmp_product/B[17:0] is not pipelined. Pipelining DSP48 input will improve performance.
Related violations: <none>

DPIP-2#287 Warning
Input pipelining  
DSP design_1_i/cnn_accel_top_0/inst/grp_dataflow_parent_loop_proc2_fu_316/dataflow_parent_loop_proc_U0/dataflow_in_loop_Row_Loop_1_U0/compute_and_write_row4_U0/grp_compute_and_write_row4_Pipeline_Acc_TileN_Conv_KY_Conv_KX_Conv_C_fu_306/mul_16s_16s_32_1_1_U176/tmp_product input design_1_i/cnn_accel_top_0/inst/grp_dataflow_parent_loop_proc2_fu_316/dataflow_parent_loop_proc_U0/dataflow_in_loop_Row_Loop_1_U0/compute_and_write_row4_U0/grp_compute_and_write_row4_Pipeline_Acc_TileN_Conv_KY_Conv_KX_Conv_C_fu_306/mul_16s_16s_32_1_1_U176/tmp_product/A[29:0] is not pipelined. Pipelining DSP48 input will improve performance.
Related violations: <none>

DPIP-2#288 Warning
Input pipelining  
DSP design_1_i/cnn_accel_top_0/inst/grp_dataflow_parent_loop_proc2_fu_316/dataflow_parent_loop_proc_U0/dataflow_in_loop_Row_Loop_1_U0/compute_and_write_row4_U0/grp_compute_and_write_row4_Pipeline_Acc_TileN_Conv_KY_Conv_KX_Conv_C_fu_306/mul_16s_16s_32_1_1_U176/tmp_product input design_1_i/cnn_accel_top_0/inst/grp_dataflow_parent_loop_proc2_fu_316/dataflow_parent_loop_proc_U0/dataflow_in_loop_Row_Loop_1_U0/compute_and_write_row4_U0/grp_compute_and_write_row4_Pipeline_Acc_TileN_Conv_KY_Conv_KX_Conv_C_fu_306/mul_16s_16s_32_1_1_U176/tmp_product/B[17:0] is not pipelined. Pipelining DSP48 input will improve performance.
Related violations: <none>

DPIP-2#289 Warning
Input pipelining  
DSP design_1_i/cnn_accel_top_0/inst/grp_dataflow_parent_loop_proc2_fu_316/dataflow_parent_loop_proc_U0/dataflow_in_loop_Row_Loop_1_U0/compute_and_write_row4_U0/grp_compute_and_write_row4_Pipeline_Acc_TileN_Conv_KY_Conv_KX_Conv_C_fu_306/mul_16s_16s_32_1_1_U184/tmp_product input design_1_i/cnn_accel_top_0/inst/grp_dataflow_parent_loop_proc2_fu_316/dataflow_parent_loop_proc_U0/dataflow_in_loop_Row_Loop_1_U0/compute_and_write_row4_U0/grp_compute_and_write_row4_Pipeline_Acc_TileN_Conv_KY_Conv_KX_Conv_C_fu_306/mul_16s_16s_32_1_1_U184/tmp_product/A[29:0] is not pipelined. Pipelining DSP48 input will improve performance.
Related violations: <none>

DPIP-2#290 Warning
Input pipelining  
DSP design_1_i/cnn_accel_top_0/inst/grp_dataflow_parent_loop_proc2_fu_316/dataflow_parent_loop_proc_U0/dataflow_in_loop_Row_Loop_1_U0/compute_and_write_row4_U0/grp_compute_and_write_row4_Pipeline_Acc_TileN_Conv_KY_Conv_KX_Conv_C_fu_306/mul_16s_16s_32_1_1_U184/tmp_product input design_1_i/cnn_accel_top_0/inst/grp_dataflow_parent_loop_proc2_fu_316/dataflow_parent_loop_proc_U0/dataflow_in_loop_Row_Loop_1_U0/compute_and_write_row4_U0/grp_compute_and_write_row4_Pipeline_Acc_TileN_Conv_KY_Conv_KX_Conv_C_fu_306/mul_16s_16s_32_1_1_U184/tmp_product/B[17:0] is not pipelined. Pipelining DSP48 input will improve performance.
Related violations: <none>

DPIP-2#291 Warning
Input pipelining  
DSP design_1_i/cnn_accel_top_0/inst/grp_dataflow_parent_loop_proc2_fu_316/dataflow_parent_loop_proc_U0/dataflow_in_loop_Row_Loop_1_U0/compute_and_write_row4_U0/grp_compute_and_write_row4_Pipeline_Acc_TileN_Conv_KY_Conv_KX_Conv_C_fu_306/mul_16s_16s_32_1_1_U186/tmp_product input design_1_i/cnn_accel_top_0/inst/grp_dataflow_parent_loop_proc2_fu_316/dataflow_parent_loop_proc_U0/dataflow_in_loop_Row_Loop_1_U0/compute_and_write_row4_U0/grp_compute_and_write_row4_Pipeline_Acc_TileN_Conv_KY_Conv_KX_Conv_C_fu_306/mul_16s_16s_32_1_1_U186/tmp_product/A[29:0] is not pipelined. Pipelining DSP48 input will improve performance.
Related violations: <none>

DPIP-2#292 Warning
Input pipelining  
DSP design_1_i/cnn_accel_top_0/inst/grp_dataflow_parent_loop_proc2_fu_316/dataflow_parent_loop_proc_U0/dataflow_in_loop_Row_Loop_1_U0/compute_and_write_row4_U0/grp_compute_and_write_row4_Pipeline_Acc_TileN_Conv_KY_Conv_KX_Conv_C_fu_306/mul_16s_16s_32_1_1_U186/tmp_product input design_1_i/cnn_accel_top_0/inst/grp_dataflow_parent_loop_proc2_fu_316/dataflow_parent_loop_proc_U0/dataflow_in_loop_Row_Loop_1_U0/compute_and_write_row4_U0/grp_compute_and_write_row4_Pipeline_Acc_TileN_Conv_KY_Conv_KX_Conv_C_fu_306/mul_16s_16s_32_1_1_U186/tmp_product/B[17:0] is not pipelined. Pipelining DSP48 input will improve performance.
Related violations: <none>

DPIP-2#293 Warning
Input pipelining  
DSP design_1_i/cnn_accel_top_0/inst/grp_dataflow_parent_loop_proc2_fu_316/dataflow_parent_loop_proc_U0/dataflow_in_loop_Row_Loop_1_U0/compute_and_write_row4_U0/grp_compute_and_write_row4_Pipeline_Acc_TileN_Conv_KY_Conv_KX_Conv_C_fu_306/mul_16s_16s_32_1_1_U188/tmp_product input design_1_i/cnn_accel_top_0/inst/grp_dataflow_parent_loop_proc2_fu_316/dataflow_parent_loop_proc_U0/dataflow_in_loop_Row_Loop_1_U0/compute_and_write_row4_U0/grp_compute_and_write_row4_Pipeline_Acc_TileN_Conv_KY_Conv_KX_Conv_C_fu_306/mul_16s_16s_32_1_1_U188/tmp_product/A[29:0] is not pipelined. Pipelining DSP48 input will improve performance.
Related violations: <none>

DPIP-2#294 Warning
Input pipelining  
DSP design_1_i/cnn_accel_top_0/inst/grp_dataflow_parent_loop_proc2_fu_316/dataflow_parent_loop_proc_U0/dataflow_in_loop_Row_Loop_1_U0/compute_and_write_row4_U0/grp_compute_and_write_row4_Pipeline_Acc_TileN_Conv_KY_Conv_KX_Conv_C_fu_306/mul_16s_16s_32_1_1_U188/tmp_product input design_1_i/cnn_accel_top_0/inst/grp_dataflow_parent_loop_proc2_fu_316/dataflow_parent_loop_proc_U0/dataflow_in_loop_Row_Loop_1_U0/compute_and_write_row4_U0/grp_compute_and_write_row4_Pipeline_Acc_TileN_Conv_KY_Conv_KX_Conv_C_fu_306/mul_16s_16s_32_1_1_U188/tmp_product/B[17:0] is not pipelined. Pipelining DSP48 input will improve performance.
Related violations: <none>

DPIP-2#295 Warning
Input pipelining  
DSP design_1_i/cnn_accel_top_0/inst/grp_dataflow_parent_loop_proc2_fu_316/dataflow_parent_loop_proc_U0/dataflow_in_loop_Row_Loop_1_U0/compute_and_write_row4_U0/grp_compute_and_write_row4_Pipeline_Acc_TileN_Conv_KY_Conv_KX_Conv_C_fu_306/mul_16s_16s_32_1_1_U190/tmp_product input design_1_i/cnn_accel_top_0/inst/grp_dataflow_parent_loop_proc2_fu_316/dataflow_parent_loop_proc_U0/dataflow_in_loop_Row_Loop_1_U0/compute_and_write_row4_U0/grp_compute_and_write_row4_Pipeline_Acc_TileN_Conv_KY_Conv_KX_Conv_C_fu_306/mul_16s_16s_32_1_1_U190/tmp_product/A[29:0] is not pipelined. Pipelining DSP48 input will improve performance.
Related violations: <none>

DPIP-2#296 Warning
Input pipelining  
DSP design_1_i/cnn_accel_top_0/inst/grp_dataflow_parent_loop_proc2_fu_316/dataflow_parent_loop_proc_U0/dataflow_in_loop_Row_Loop_1_U0/compute_and_write_row4_U0/grp_compute_and_write_row4_Pipeline_Acc_TileN_Conv_KY_Conv_KX_Conv_C_fu_306/mul_16s_16s_32_1_1_U190/tmp_product input design_1_i/cnn_accel_top_0/inst/grp_dataflow_parent_loop_proc2_fu_316/dataflow_parent_loop_proc_U0/dataflow_in_loop_Row_Loop_1_U0/compute_and_write_row4_U0/grp_compute_and_write_row4_Pipeline_Acc_TileN_Conv_KY_Conv_KX_Conv_C_fu_306/mul_16s_16s_32_1_1_U190/tmp_product/B[17:0] is not pipelined. Pipelining DSP48 input will improve performance.
Related violations: <none>

DPIP-2#297 Warning
Input pipelining  
DSP design_1_i/cnn_accel_top_0/inst/grp_dataflow_parent_loop_proc2_fu_316/dataflow_parent_loop_proc_U0/dataflow_in_loop_Row_Loop_1_U0/compute_and_write_row4_U0/grp_compute_and_write_row4_Pipeline_Acc_TileN_Conv_KY_Conv_KX_Conv_C_fu_306/mul_16s_16s_32_1_1_U198/tmp_product input design_1_i/cnn_accel_top_0/inst/grp_dataflow_parent_loop_proc2_fu_316/dataflow_parent_loop_proc_U0/dataflow_in_loop_Row_Loop_1_U0/compute_and_write_row4_U0/grp_compute_and_write_row4_Pipeline_Acc_TileN_Conv_KY_Conv_KX_Conv_C_fu_306/mul_16s_16s_32_1_1_U198/tmp_product/A[29:0] is not pipelined. Pipelining DSP48 input will improve performance.
Related violations: <none>

DPIP-2#298 Warning
Input pipelining  
DSP design_1_i/cnn_accel_top_0/inst/grp_dataflow_parent_loop_proc2_fu_316/dataflow_parent_loop_proc_U0/dataflow_in_loop_Row_Loop_1_U0/compute_and_write_row4_U0/grp_compute_and_write_row4_Pipeline_Acc_TileN_Conv_KY_Conv_KX_Conv_C_fu_306/mul_16s_16s_32_1_1_U198/tmp_product input design_1_i/cnn_accel_top_0/inst/grp_dataflow_parent_loop_proc2_fu_316/dataflow_parent_loop_proc_U0/dataflow_in_loop_Row_Loop_1_U0/compute_and_write_row4_U0/grp_compute_and_write_row4_Pipeline_Acc_TileN_Conv_KY_Conv_KX_Conv_C_fu_306/mul_16s_16s_32_1_1_U198/tmp_product/B[17:0] is not pipelined. Pipelining DSP48 input will improve performance.
Related violations: <none>

DPIP-2#299 Warning
Input pipelining  
DSP design_1_i/cnn_accel_top_0/inst/grp_dataflow_parent_loop_proc2_fu_316/dataflow_parent_loop_proc_U0/dataflow_in_loop_Row_Loop_1_U0/compute_and_write_row4_U0/grp_compute_and_write_row4_Pipeline_Acc_TileN_Conv_KY_Conv_KX_Conv_C_fu_306/mul_16s_16s_32_1_1_U200/tmp_product input design_1_i/cnn_accel_top_0/inst/grp_dataflow_parent_loop_proc2_fu_316/dataflow_parent_loop_proc_U0/dataflow_in_loop_Row_Loop_1_U0/compute_and_write_row4_U0/grp_compute_and_write_row4_Pipeline_Acc_TileN_Conv_KY_Conv_KX_Conv_C_fu_306/mul_16s_16s_32_1_1_U200/tmp_product/A[29:0] is not pipelined. Pipelining DSP48 input will improve performance.
Related violations: <none>

DPIP-2#300 Warning
Input pipelining  
DSP design_1_i/cnn_accel_top_0/inst/grp_dataflow_parent_loop_proc2_fu_316/dataflow_parent_loop_proc_U0/dataflow_in_loop_Row_Loop_1_U0/compute_and_write_row4_U0/grp_compute_and_write_row4_Pipeline_Acc_TileN_Conv_KY_Conv_KX_Conv_C_fu_306/mul_16s_16s_32_1_1_U200/tmp_product input design_1_i/cnn_accel_top_0/inst/grp_dataflow_parent_loop_proc2_fu_316/dataflow_parent_loop_proc_U0/dataflow_in_loop_Row_Loop_1_U0/compute_and_write_row4_U0/grp_compute_and_write_row4_Pipeline_Acc_TileN_Conv_KY_Conv_KX_Conv_C_fu_306/mul_16s_16s_32_1_1_U200/tmp_product/B[17:0] is not pipelined. Pipelining DSP48 input will improve performance.
Related violations: <none>

DPIP-2#301 Warning
Input pipelining  
DSP design_1_i/cnn_accel_top_0/inst/grp_dataflow_parent_loop_proc2_fu_316/dataflow_parent_loop_proc_U0/dataflow_in_loop_Row_Loop_1_U0/compute_and_write_row4_U0/grp_compute_and_write_row4_Pipeline_Acc_TileN_Conv_KY_Conv_KX_Conv_C_fu_306/mul_16s_16s_32_1_1_U202/tmp_product input design_1_i/cnn_accel_top_0/inst/grp_dataflow_parent_loop_proc2_fu_316/dataflow_parent_loop_proc_U0/dataflow_in_loop_Row_Loop_1_U0/compute_and_write_row4_U0/grp_compute_and_write_row4_Pipeline_Acc_TileN_Conv_KY_Conv_KX_Conv_C_fu_306/mul_16s_16s_32_1_1_U202/tmp_product/A[29:0] is not pipelined. Pipelining DSP48 input will improve performance.
Related violations: <none>

DPIP-2#302 Warning
Input pipelining  
DSP design_1_i/cnn_accel_top_0/inst/grp_dataflow_parent_loop_proc2_fu_316/dataflow_parent_loop_proc_U0/dataflow_in_loop_Row_Loop_1_U0/compute_and_write_row4_U0/grp_compute_and_write_row4_Pipeline_Acc_TileN_Conv_KY_Conv_KX_Conv_C_fu_306/mul_16s_16s_32_1_1_U202/tmp_product input design_1_i/cnn_accel_top_0/inst/grp_dataflow_parent_loop_proc2_fu_316/dataflow_parent_loop_proc_U0/dataflow_in_loop_Row_Loop_1_U0/compute_and_write_row4_U0/grp_compute_and_write_row4_Pipeline_Acc_TileN_Conv_KY_Conv_KX_Conv_C_fu_306/mul_16s_16s_32_1_1_U202/tmp_product/B[17:0] is not pipelined. Pipelining DSP48 input will improve performance.
Related violations: <none>

DPIP-2#303 Warning
Input pipelining  
DSP design_1_i/cnn_accel_top_0/inst/grp_dataflow_parent_loop_proc2_fu_316/dataflow_parent_loop_proc_U0/dataflow_in_loop_Row_Loop_1_U0/compute_and_write_row4_U0/grp_compute_and_write_row4_Pipeline_Acc_TileN_Conv_KY_Conv_KX_Conv_C_fu_306/mul_16s_16s_32_1_1_U204/tmp_product input design_1_i/cnn_accel_top_0/inst/grp_dataflow_parent_loop_proc2_fu_316/dataflow_parent_loop_proc_U0/dataflow_in_loop_Row_Loop_1_U0/compute_and_write_row4_U0/grp_compute_and_write_row4_Pipeline_Acc_TileN_Conv_KY_Conv_KX_Conv_C_fu_306/mul_16s_16s_32_1_1_U204/tmp_product/A[29:0] is not pipelined. Pipelining DSP48 input will improve performance.
Related violations: <none>

DPIP-2#304 Warning
Input pipelining  
DSP design_1_i/cnn_accel_top_0/inst/grp_dataflow_parent_loop_proc2_fu_316/dataflow_parent_loop_proc_U0/dataflow_in_loop_Row_Loop_1_U0/compute_and_write_row4_U0/grp_compute_and_write_row4_Pipeline_Acc_TileN_Conv_KY_Conv_KX_Conv_C_fu_306/mul_16s_16s_32_1_1_U204/tmp_product input design_1_i/cnn_accel_top_0/inst/grp_dataflow_parent_loop_proc2_fu_316/dataflow_parent_loop_proc_U0/dataflow_in_loop_Row_Loop_1_U0/compute_and_write_row4_U0/grp_compute_and_write_row4_Pipeline_Acc_TileN_Conv_KY_Conv_KX_Conv_C_fu_306/mul_16s_16s_32_1_1_U204/tmp_product/B[17:0] is not pipelined. Pipelining DSP48 input will improve performance.
Related violations: <none>

DPIP-2#305 Warning
Input pipelining  
DSP design_1_i/cnn_accel_top_0/inst/grp_dataflow_parent_loop_proc2_fu_316/dataflow_parent_loop_proc_U0/dataflow_in_loop_Row_Loop_1_U0/compute_and_write_row4_U0/grp_compute_and_write_row4_Pipeline_Acc_TileN_Conv_KY_Conv_KX_Conv_C_fu_306/mul_16s_16s_32_1_1_U212/tmp_product input design_1_i/cnn_accel_top_0/inst/grp_dataflow_parent_loop_proc2_fu_316/dataflow_parent_loop_proc_U0/dataflow_in_loop_Row_Loop_1_U0/compute_and_write_row4_U0/grp_compute_and_write_row4_Pipeline_Acc_TileN_Conv_KY_Conv_KX_Conv_C_fu_306/mul_16s_16s_32_1_1_U212/tmp_product/A[29:0] is not pipelined. Pipelining DSP48 input will improve performance.
Related violations: <none>

DPIP-2#306 Warning
Input pipelining  
DSP design_1_i/cnn_accel_top_0/inst/grp_dataflow_parent_loop_proc2_fu_316/dataflow_parent_loop_proc_U0/dataflow_in_loop_Row_Loop_1_U0/compute_and_write_row4_U0/grp_compute_and_write_row4_Pipeline_Acc_TileN_Conv_KY_Conv_KX_Conv_C_fu_306/mul_16s_16s_32_1_1_U212/tmp_product input design_1_i/cnn_accel_top_0/inst/grp_dataflow_parent_loop_proc2_fu_316/dataflow_parent_loop_proc_U0/dataflow_in_loop_Row_Loop_1_U0/compute_and_write_row4_U0/grp_compute_and_write_row4_Pipeline_Acc_TileN_Conv_KY_Conv_KX_Conv_C_fu_306/mul_16s_16s_32_1_1_U212/tmp_product/B[17:0] is not pipelined. Pipelining DSP48 input will improve performance.
Related violations: <none>

DPIP-2#307 Warning
Input pipelining  
DSP design_1_i/cnn_accel_top_0/inst/grp_dataflow_parent_loop_proc2_fu_316/dataflow_parent_loop_proc_U0/dataflow_in_loop_Row_Loop_1_U0/compute_and_write_row4_U0/grp_compute_and_write_row4_Pipeline_Acc_TileN_Conv_KY_Conv_KX_Conv_C_fu_306/mul_16s_16s_32_1_1_U214/tmp_product input design_1_i/cnn_accel_top_0/inst/grp_dataflow_parent_loop_proc2_fu_316/dataflow_parent_loop_proc_U0/dataflow_in_loop_Row_Loop_1_U0/compute_and_write_row4_U0/grp_compute_and_write_row4_Pipeline_Acc_TileN_Conv_KY_Conv_KX_Conv_C_fu_306/mul_16s_16s_32_1_1_U214/tmp_product/A[29:0] is not pipelined. Pipelining DSP48 input will improve performance.
Related violations: <none>

DPIP-2#308 Warning
Input pipelining  
DSP design_1_i/cnn_accel_top_0/inst/grp_dataflow_parent_loop_proc2_fu_316/dataflow_parent_loop_proc_U0/dataflow_in_loop_Row_Loop_1_U0/compute_and_write_row4_U0/grp_compute_and_write_row4_Pipeline_Acc_TileN_Conv_KY_Conv_KX_Conv_C_fu_306/mul_16s_16s_32_1_1_U214/tmp_product input design_1_i/cnn_accel_top_0/inst/grp_dataflow_parent_loop_proc2_fu_316/dataflow_parent_loop_proc_U0/dataflow_in_loop_Row_Loop_1_U0/compute_and_write_row4_U0/grp_compute_and_write_row4_Pipeline_Acc_TileN_Conv_KY_Conv_KX_Conv_C_fu_306/mul_16s_16s_32_1_1_U214/tmp_product/B[17:0] is not pipelined. Pipelining DSP48 input will improve performance.
Related violations: <none>

DPIP-2#309 Warning
Input pipelining  
DSP design_1_i/cnn_accel_top_0/inst/grp_dataflow_parent_loop_proc2_fu_316/dataflow_parent_loop_proc_U0/dataflow_in_loop_Row_Loop_1_U0/compute_and_write_row4_U0/grp_compute_and_write_row4_Pipeline_Acc_TileN_Conv_KY_Conv_KX_Conv_C_fu_306/mul_16s_16s_32_1_1_U216/tmp_product input design_1_i/cnn_accel_top_0/inst/grp_dataflow_parent_loop_proc2_fu_316/dataflow_parent_loop_proc_U0/dataflow_in_loop_Row_Loop_1_U0/compute_and_write_row4_U0/grp_compute_and_write_row4_Pipeline_Acc_TileN_Conv_KY_Conv_KX_Conv_C_fu_306/mul_16s_16s_32_1_1_U216/tmp_product/A[29:0] is not pipelined. Pipelining DSP48 input will improve performance.
Related violations: <none>

DPIP-2#310 Warning
Input pipelining  
DSP design_1_i/cnn_accel_top_0/inst/grp_dataflow_parent_loop_proc2_fu_316/dataflow_parent_loop_proc_U0/dataflow_in_loop_Row_Loop_1_U0/compute_and_write_row4_U0/grp_compute_and_write_row4_Pipeline_Acc_TileN_Conv_KY_Conv_KX_Conv_C_fu_306/mul_16s_16s_32_1_1_U216/tmp_product input design_1_i/cnn_accel_top_0/inst/grp_dataflow_parent_loop_proc2_fu_316/dataflow_parent_loop_proc_U0/dataflow_in_loop_Row_Loop_1_U0/compute_and_write_row4_U0/grp_compute_and_write_row4_Pipeline_Acc_TileN_Conv_KY_Conv_KX_Conv_C_fu_306/mul_16s_16s_32_1_1_U216/tmp_product/B[17:0] is not pipelined. Pipelining DSP48 input will improve performance.
Related violations: <none>

DPIP-2#311 Warning
Input pipelining  
DSP design_1_i/cnn_accel_top_0/inst/grp_dataflow_parent_loop_proc2_fu_316/dataflow_parent_loop_proc_U0/dataflow_in_loop_Row_Loop_1_U0/compute_and_write_row4_U0/grp_compute_and_write_row4_Pipeline_Acc_TileN_Conv_KY_Conv_KX_Conv_C_fu_306/mul_16s_16s_32_1_1_U218/tmp_product input design_1_i/cnn_accel_top_0/inst/grp_dataflow_parent_loop_proc2_fu_316/dataflow_parent_loop_proc_U0/dataflow_in_loop_Row_Loop_1_U0/compute_and_write_row4_U0/grp_compute_and_write_row4_Pipeline_Acc_TileN_Conv_KY_Conv_KX_Conv_C_fu_306/mul_16s_16s_32_1_1_U218/tmp_product/A[29:0] is not pipelined. Pipelining DSP48 input will improve performance.
Related violations: <none>

DPIP-2#312 Warning
Input pipelining  
DSP design_1_i/cnn_accel_top_0/inst/grp_dataflow_parent_loop_proc2_fu_316/dataflow_parent_loop_proc_U0/dataflow_in_loop_Row_Loop_1_U0/compute_and_write_row4_U0/grp_compute_and_write_row4_Pipeline_Acc_TileN_Conv_KY_Conv_KX_Conv_C_fu_306/mul_16s_16s_32_1_1_U218/tmp_product input design_1_i/cnn_accel_top_0/inst/grp_dataflow_parent_loop_proc2_fu_316/dataflow_parent_loop_proc_U0/dataflow_in_loop_Row_Loop_1_U0/compute_and_write_row4_U0/grp_compute_and_write_row4_Pipeline_Acc_TileN_Conv_KY_Conv_KX_Conv_C_fu_306/mul_16s_16s_32_1_1_U218/tmp_product/B[17:0] is not pipelined. Pipelining DSP48 input will improve performance.
Related violations: <none>

DPIP-2#313 Warning
Input pipelining  
DSP design_1_i/cnn_accel_top_0/inst/grp_dataflow_parent_loop_proc2_fu_316/dataflow_parent_loop_proc_U0/dataflow_in_loop_Row_Loop_1_U0/compute_and_write_row4_U0/grp_compute_and_write_row4_Pipeline_Acc_TileN_Conv_KY_Conv_KX_Conv_C_fu_306/mul_16s_16s_32_1_1_U226/tmp_product input design_1_i/cnn_accel_top_0/inst/grp_dataflow_parent_loop_proc2_fu_316/dataflow_parent_loop_proc_U0/dataflow_in_loop_Row_Loop_1_U0/compute_and_write_row4_U0/grp_compute_and_write_row4_Pipeline_Acc_TileN_Conv_KY_Conv_KX_Conv_C_fu_306/mul_16s_16s_32_1_1_U226/tmp_product/A[29:0] is not pipelined. Pipelining DSP48 input will improve performance.
Related violations: <none>

DPIP-2#314 Warning
Input pipelining  
DSP design_1_i/cnn_accel_top_0/inst/grp_dataflow_parent_loop_proc2_fu_316/dataflow_parent_loop_proc_U0/dataflow_in_loop_Row_Loop_1_U0/compute_and_write_row4_U0/grp_compute_and_write_row4_Pipeline_Acc_TileN_Conv_KY_Conv_KX_Conv_C_fu_306/mul_16s_16s_32_1_1_U226/tmp_product input design_1_i/cnn_accel_top_0/inst/grp_dataflow_parent_loop_proc2_fu_316/dataflow_parent_loop_proc_U0/dataflow_in_loop_Row_Loop_1_U0/compute_and_write_row4_U0/grp_compute_and_write_row4_Pipeline_Acc_TileN_Conv_KY_Conv_KX_Conv_C_fu_306/mul_16s_16s_32_1_1_U226/tmp_product/B[17:0] is not pipelined. Pipelining DSP48 input will improve performance.
Related violations: <none>

DPIP-2#315 Warning
Input pipelining  
DSP design_1_i/cnn_accel_top_0/inst/grp_dataflow_parent_loop_proc2_fu_316/dataflow_parent_loop_proc_U0/dataflow_in_loop_Row_Loop_1_U0/compute_and_write_row4_U0/grp_compute_and_write_row4_Pipeline_Acc_TileN_Conv_KY_Conv_KX_Conv_C_fu_306/mul_16s_16s_32_1_1_U228/tmp_product input design_1_i/cnn_accel_top_0/inst/grp_dataflow_parent_loop_proc2_fu_316/dataflow_parent_loop_proc_U0/dataflow_in_loop_Row_Loop_1_U0/compute_and_write_row4_U0/grp_compute_and_write_row4_Pipeline_Acc_TileN_Conv_KY_Conv_KX_Conv_C_fu_306/mul_16s_16s_32_1_1_U228/tmp_product/A[29:0] is not pipelined. Pipelining DSP48 input will improve performance.
Related violations: <none>

DPIP-2#316 Warning
Input pipelining  
DSP design_1_i/cnn_accel_top_0/inst/grp_dataflow_parent_loop_proc2_fu_316/dataflow_parent_loop_proc_U0/dataflow_in_loop_Row_Loop_1_U0/compute_and_write_row4_U0/grp_compute_and_write_row4_Pipeline_Acc_TileN_Conv_KY_Conv_KX_Conv_C_fu_306/mul_16s_16s_32_1_1_U228/tmp_product input design_1_i/cnn_accel_top_0/inst/grp_dataflow_parent_loop_proc2_fu_316/dataflow_parent_loop_proc_U0/dataflow_in_loop_Row_Loop_1_U0/compute_and_write_row4_U0/grp_compute_and_write_row4_Pipeline_Acc_TileN_Conv_KY_Conv_KX_Conv_C_fu_306/mul_16s_16s_32_1_1_U228/tmp_product/B[17:0] is not pipelined. Pipelining DSP48 input will improve performance.
Related violations: <none>

DPIP-2#317 Warning
Input pipelining  
DSP design_1_i/cnn_accel_top_0/inst/grp_dataflow_parent_loop_proc2_fu_316/dataflow_parent_loop_proc_U0/dataflow_in_loop_Row_Loop_1_U0/compute_and_write_row4_U0/grp_compute_and_write_row4_Pipeline_Acc_TileN_Conv_KY_Conv_KX_Conv_C_fu_306/mul_16s_16s_32_1_1_U230/tmp_product input design_1_i/cnn_accel_top_0/inst/grp_dataflow_parent_loop_proc2_fu_316/dataflow_parent_loop_proc_U0/dataflow_in_loop_Row_Loop_1_U0/compute_and_write_row4_U0/grp_compute_and_write_row4_Pipeline_Acc_TileN_Conv_KY_Conv_KX_Conv_C_fu_306/mul_16s_16s_32_1_1_U230/tmp_product/A[29:0] is not pipelined. Pipelining DSP48 input will improve performance.
Related violations: <none>

DPIP-2#318 Warning
Input pipelining  
DSP design_1_i/cnn_accel_top_0/inst/grp_dataflow_parent_loop_proc2_fu_316/dataflow_parent_loop_proc_U0/dataflow_in_loop_Row_Loop_1_U0/compute_and_write_row4_U0/grp_compute_and_write_row4_Pipeline_Acc_TileN_Conv_KY_Conv_KX_Conv_C_fu_306/mul_16s_16s_32_1_1_U230/tmp_product input design_1_i/cnn_accel_top_0/inst/grp_dataflow_parent_loop_proc2_fu_316/dataflow_parent_loop_proc_U0/dataflow_in_loop_Row_Loop_1_U0/compute_and_write_row4_U0/grp_compute_and_write_row4_Pipeline_Acc_TileN_Conv_KY_Conv_KX_Conv_C_fu_306/mul_16s_16s_32_1_1_U230/tmp_product/B[17:0] is not pipelined. Pipelining DSP48 input will improve performance.
Related violations: <none>

DPIP-2#319 Warning
Input pipelining  
DSP design_1_i/cnn_accel_top_0/inst/grp_dataflow_parent_loop_proc2_fu_316/dataflow_parent_loop_proc_U0/dataflow_in_loop_Row_Loop_1_U0/compute_and_write_row4_U0/grp_compute_and_write_row4_Pipeline_Acc_TileN_Conv_KY_Conv_KX_Conv_C_fu_306/mul_16s_16s_32_1_1_U232/tmp_product input design_1_i/cnn_accel_top_0/inst/grp_dataflow_parent_loop_proc2_fu_316/dataflow_parent_loop_proc_U0/dataflow_in_loop_Row_Loop_1_U0/compute_and_write_row4_U0/grp_compute_and_write_row4_Pipeline_Acc_TileN_Conv_KY_Conv_KX_Conv_C_fu_306/mul_16s_16s_32_1_1_U232/tmp_product/A[29:0] is not pipelined. Pipelining DSP48 input will improve performance.
Related violations: <none>

DPIP-2#320 Warning
Input pipelining  
DSP design_1_i/cnn_accel_top_0/inst/grp_dataflow_parent_loop_proc2_fu_316/dataflow_parent_loop_proc_U0/dataflow_in_loop_Row_Loop_1_U0/compute_and_write_row4_U0/grp_compute_and_write_row4_Pipeline_Acc_TileN_Conv_KY_Conv_KX_Conv_C_fu_306/mul_16s_16s_32_1_1_U232/tmp_product input design_1_i/cnn_accel_top_0/inst/grp_dataflow_parent_loop_proc2_fu_316/dataflow_parent_loop_proc_U0/dataflow_in_loop_Row_Loop_1_U0/compute_and_write_row4_U0/grp_compute_and_write_row4_Pipeline_Acc_TileN_Conv_KY_Conv_KX_Conv_C_fu_306/mul_16s_16s_32_1_1_U232/tmp_product/B[17:0] is not pipelined. Pipelining DSP48 input will improve performance.
Related violations: <none>

DPIP-2#321 Warning
Input pipelining  
DSP design_1_i/cnn_accel_top_0/inst/grp_dataflow_parent_loop_proc2_fu_316/dataflow_parent_loop_proc_U0/dataflow_in_loop_Row_Loop_1_U0/compute_and_write_row4_U0/grp_compute_and_write_row4_Pipeline_Acc_TileN_Conv_KY_Conv_KX_Conv_C_fu_306/mul_16s_16s_32_1_1_U240/tmp_product input design_1_i/cnn_accel_top_0/inst/grp_dataflow_parent_loop_proc2_fu_316/dataflow_parent_loop_proc_U0/dataflow_in_loop_Row_Loop_1_U0/compute_and_write_row4_U0/grp_compute_and_write_row4_Pipeline_Acc_TileN_Conv_KY_Conv_KX_Conv_C_fu_306/mul_16s_16s_32_1_1_U240/tmp_product/A[29:0] is not pipelined. Pipelining DSP48 input will improve performance.
Related violations: <none>

DPIP-2#322 Warning
Input pipelining  
DSP design_1_i/cnn_accel_top_0/inst/grp_dataflow_parent_loop_proc2_fu_316/dataflow_parent_loop_proc_U0/dataflow_in_loop_Row_Loop_1_U0/compute_and_write_row4_U0/grp_compute_and_write_row4_Pipeline_Acc_TileN_Conv_KY_Conv_KX_Conv_C_fu_306/mul_16s_16s_32_1_1_U240/tmp_product input design_1_i/cnn_accel_top_0/inst/grp_dataflow_parent_loop_proc2_fu_316/dataflow_parent_loop_proc_U0/dataflow_in_loop_Row_Loop_1_U0/compute_and_write_row4_U0/grp_compute_and_write_row4_Pipeline_Acc_TileN_Conv_KY_Conv_KX_Conv_C_fu_306/mul_16s_16s_32_1_1_U240/tmp_product/B[17:0] is not pipelined. Pipelining DSP48 input will improve performance.
Related violations: <none>

DPIP-2#323 Warning
Input pipelining  
DSP design_1_i/cnn_accel_top_0/inst/grp_dataflow_parent_loop_proc2_fu_316/dataflow_parent_loop_proc_U0/dataflow_in_loop_Row_Loop_1_U0/compute_and_write_row4_U0/grp_compute_and_write_row4_Pipeline_Acc_TileN_Conv_KY_Conv_KX_Conv_C_fu_306/mul_16s_16s_32_1_1_U242/tmp_product input design_1_i/cnn_accel_top_0/inst/grp_dataflow_parent_loop_proc2_fu_316/dataflow_parent_loop_proc_U0/dataflow_in_loop_Row_Loop_1_U0/compute_and_write_row4_U0/grp_compute_and_write_row4_Pipeline_Acc_TileN_Conv_KY_Conv_KX_Conv_C_fu_306/mul_16s_16s_32_1_1_U242/tmp_product/A[29:0] is not pipelined. Pipelining DSP48 input will improve performance.
Related violations: <none>

DPIP-2#324 Warning
Input pipelining  
DSP design_1_i/cnn_accel_top_0/inst/grp_dataflow_parent_loop_proc2_fu_316/dataflow_parent_loop_proc_U0/dataflow_in_loop_Row_Loop_1_U0/compute_and_write_row4_U0/grp_compute_and_write_row4_Pipeline_Acc_TileN_Conv_KY_Conv_KX_Conv_C_fu_306/mul_16s_16s_32_1_1_U242/tmp_product input design_1_i/cnn_accel_top_0/inst/grp_dataflow_parent_loop_proc2_fu_316/dataflow_parent_loop_proc_U0/dataflow_in_loop_Row_Loop_1_U0/compute_and_write_row4_U0/grp_compute_and_write_row4_Pipeline_Acc_TileN_Conv_KY_Conv_KX_Conv_C_fu_306/mul_16s_16s_32_1_1_U242/tmp_product/B[17:0] is not pipelined. Pipelining DSP48 input will improve performance.
Related violations: <none>

DPIP-2#325 Warning
Input pipelining  
DSP design_1_i/cnn_accel_top_0/inst/grp_dataflow_parent_loop_proc2_fu_316/dataflow_parent_loop_proc_U0/dataflow_in_loop_Row_Loop_1_U0/compute_and_write_row4_U0/grp_compute_and_write_row4_Pipeline_Acc_TileN_Conv_KY_Conv_KX_Conv_C_fu_306/mul_16s_16s_32_1_1_U244/tmp_product input design_1_i/cnn_accel_top_0/inst/grp_dataflow_parent_loop_proc2_fu_316/dataflow_parent_loop_proc_U0/dataflow_in_loop_Row_Loop_1_U0/compute_and_write_row4_U0/grp_compute_and_write_row4_Pipeline_Acc_TileN_Conv_KY_Conv_KX_Conv_C_fu_306/mul_16s_16s_32_1_1_U244/tmp_product/A[29:0] is not pipelined. Pipelining DSP48 input will improve performance.
Related violations: <none>

DPIP-2#326 Warning
Input pipelining  
DSP design_1_i/cnn_accel_top_0/inst/grp_dataflow_parent_loop_proc2_fu_316/dataflow_parent_loop_proc_U0/dataflow_in_loop_Row_Loop_1_U0/compute_and_write_row4_U0/grp_compute_and_write_row4_Pipeline_Acc_TileN_Conv_KY_Conv_KX_Conv_C_fu_306/mul_16s_16s_32_1_1_U244/tmp_product input design_1_i/cnn_accel_top_0/inst/grp_dataflow_parent_loop_proc2_fu_316/dataflow_parent_loop_proc_U0/dataflow_in_loop_Row_Loop_1_U0/compute_and_write_row4_U0/grp_compute_and_write_row4_Pipeline_Acc_TileN_Conv_KY_Conv_KX_Conv_C_fu_306/mul_16s_16s_32_1_1_U244/tmp_product/B[17:0] is not pipelined. Pipelining DSP48 input will improve performance.
Related violations: <none>

DPIP-2#327 Warning
Input pipelining  
DSP design_1_i/cnn_accel_top_0/inst/grp_dataflow_parent_loop_proc2_fu_316/dataflow_parent_loop_proc_U0/dataflow_in_loop_Row_Loop_1_U0/compute_and_write_row4_U0/grp_compute_and_write_row4_Pipeline_Acc_TileN_Conv_KY_Conv_KX_Conv_C_fu_306/mul_16s_16s_32_1_1_U246/tmp_product input design_1_i/cnn_accel_top_0/inst/grp_dataflow_parent_loop_proc2_fu_316/dataflow_parent_loop_proc_U0/dataflow_in_loop_Row_Loop_1_U0/compute_and_write_row4_U0/grp_compute_and_write_row4_Pipeline_Acc_TileN_Conv_KY_Conv_KX_Conv_C_fu_306/mul_16s_16s_32_1_1_U246/tmp_product/A[29:0] is not pipelined. Pipelining DSP48 input will improve performance.
Related violations: <none>

DPIP-2#328 Warning
Input pipelining  
DSP design_1_i/cnn_accel_top_0/inst/grp_dataflow_parent_loop_proc2_fu_316/dataflow_parent_loop_proc_U0/dataflow_in_loop_Row_Loop_1_U0/compute_and_write_row4_U0/grp_compute_and_write_row4_Pipeline_Acc_TileN_Conv_KY_Conv_KX_Conv_C_fu_306/mul_16s_16s_32_1_1_U246/tmp_product input design_1_i/cnn_accel_top_0/inst/grp_dataflow_parent_loop_proc2_fu_316/dataflow_parent_loop_proc_U0/dataflow_in_loop_Row_Loop_1_U0/compute_and_write_row4_U0/grp_compute_and_write_row4_Pipeline_Acc_TileN_Conv_KY_Conv_KX_Conv_C_fu_306/mul_16s_16s_32_1_1_U246/tmp_product/B[17:0] is not pipelined. Pipelining DSP48 input will improve performance.
Related violations: <none>

DPIP-2#329 Warning
Input pipelining  
DSP design_1_i/cnn_accel_top_0/inst/grp_dataflow_parent_loop_proc2_fu_316/dataflow_parent_loop_proc_U0/dataflow_in_loop_Row_Loop_1_U0/compute_and_write_row4_U0/grp_compute_and_write_row4_Pipeline_Acc_TileN_Conv_KY_Conv_KX_Conv_C_fu_306/mul_16s_16s_32_1_1_U254/tmp_product input design_1_i/cnn_accel_top_0/inst/grp_dataflow_parent_loop_proc2_fu_316/dataflow_parent_loop_proc_U0/dataflow_in_loop_Row_Loop_1_U0/compute_and_write_row4_U0/grp_compute_and_write_row4_Pipeline_Acc_TileN_Conv_KY_Conv_KX_Conv_C_fu_306/mul_16s_16s_32_1_1_U254/tmp_product/A[29:0] is not pipelined. Pipelining DSP48 input will improve performance.
Related violations: <none>

DPIP-2#330 Warning
Input pipelining  
DSP design_1_i/cnn_accel_top_0/inst/grp_dataflow_parent_loop_proc2_fu_316/dataflow_parent_loop_proc_U0/dataflow_in_loop_Row_Loop_1_U0/compute_and_write_row4_U0/grp_compute_and_write_row4_Pipeline_Acc_TileN_Conv_KY_Conv_KX_Conv_C_fu_306/mul_16s_16s_32_1_1_U254/tmp_product input design_1_i/cnn_accel_top_0/inst/grp_dataflow_parent_loop_proc2_fu_316/dataflow_parent_loop_proc_U0/dataflow_in_loop_Row_Loop_1_U0/compute_and_write_row4_U0/grp_compute_and_write_row4_Pipeline_Acc_TileN_Conv_KY_Conv_KX_Conv_C_fu_306/mul_16s_16s_32_1_1_U254/tmp_product/B[17:0] is not pipelined. Pipelining DSP48 input will improve performance.
Related violations: <none>

DPIP-2#331 Warning
Input pipelining  
DSP design_1_i/cnn_accel_top_0/inst/grp_dataflow_parent_loop_proc2_fu_316/dataflow_parent_loop_proc_U0/dataflow_in_loop_Row_Loop_1_U0/compute_and_write_row4_U0/grp_compute_and_write_row4_Pipeline_Acc_TileN_Conv_KY_Conv_KX_Conv_C_fu_306/mul_16s_16s_32_1_1_U256/tmp_product input design_1_i/cnn_accel_top_0/inst/grp_dataflow_parent_loop_proc2_fu_316/dataflow_parent_loop_proc_U0/dataflow_in_loop_Row_Loop_1_U0/compute_and_write_row4_U0/grp_compute_and_write_row4_Pipeline_Acc_TileN_Conv_KY_Conv_KX_Conv_C_fu_306/mul_16s_16s_32_1_1_U256/tmp_product/A[29:0] is not pipelined. Pipelining DSP48 input will improve performance.
Related violations: <none>

DPIP-2#332 Warning
Input pipelining  
DSP design_1_i/cnn_accel_top_0/inst/grp_dataflow_parent_loop_proc2_fu_316/dataflow_parent_loop_proc_U0/dataflow_in_loop_Row_Loop_1_U0/compute_and_write_row4_U0/grp_compute_and_write_row4_Pipeline_Acc_TileN_Conv_KY_Conv_KX_Conv_C_fu_306/mul_16s_16s_32_1_1_U256/tmp_product input design_1_i/cnn_accel_top_0/inst/grp_dataflow_parent_loop_proc2_fu_316/dataflow_parent_loop_proc_U0/dataflow_in_loop_Row_Loop_1_U0/compute_and_write_row4_U0/grp_compute_and_write_row4_Pipeline_Acc_TileN_Conv_KY_Conv_KX_Conv_C_fu_306/mul_16s_16s_32_1_1_U256/tmp_product/B[17:0] is not pipelined. Pipelining DSP48 input will improve performance.
Related violations: <none>

DPIP-2#333 Warning
Input pipelining  
DSP design_1_i/cnn_accel_top_0/inst/grp_dataflow_parent_loop_proc2_fu_316/dataflow_parent_loop_proc_U0/dataflow_in_loop_Row_Loop_1_U0/compute_and_write_row4_U0/grp_compute_and_write_row4_Pipeline_Acc_TileN_Conv_KY_Conv_KX_Conv_C_fu_306/mul_16s_16s_32_1_1_U258/tmp_product input design_1_i/cnn_accel_top_0/inst/grp_dataflow_parent_loop_proc2_fu_316/dataflow_parent_loop_proc_U0/dataflow_in_loop_Row_Loop_1_U0/compute_and_write_row4_U0/grp_compute_and_write_row4_Pipeline_Acc_TileN_Conv_KY_Conv_KX_Conv_C_fu_306/mul_16s_16s_32_1_1_U258/tmp_product/A[29:0] is not pipelined. Pipelining DSP48 input will improve performance.
Related violations: <none>

DPIP-2#334 Warning
Input pipelining  
DSP design_1_i/cnn_accel_top_0/inst/grp_dataflow_parent_loop_proc2_fu_316/dataflow_parent_loop_proc_U0/dataflow_in_loop_Row_Loop_1_U0/compute_and_write_row4_U0/grp_compute_and_write_row4_Pipeline_Acc_TileN_Conv_KY_Conv_KX_Conv_C_fu_306/mul_16s_16s_32_1_1_U258/tmp_product input design_1_i/cnn_accel_top_0/inst/grp_dataflow_parent_loop_proc2_fu_316/dataflow_parent_loop_proc_U0/dataflow_in_loop_Row_Loop_1_U0/compute_and_write_row4_U0/grp_compute_and_write_row4_Pipeline_Acc_TileN_Conv_KY_Conv_KX_Conv_C_fu_306/mul_16s_16s_32_1_1_U258/tmp_product/B[17:0] is not pipelined. Pipelining DSP48 input will improve performance.
Related violations: <none>

DPIP-2#335 Warning
Input pipelining  
DSP design_1_i/cnn_accel_top_0/inst/grp_dataflow_parent_loop_proc2_fu_316/dataflow_parent_loop_proc_U0/dataflow_in_loop_Row_Loop_1_U0/compute_and_write_row4_U0/grp_compute_and_write_row4_Pipeline_Acc_TileN_Conv_KY_Conv_KX_Conv_C_fu_306/mul_16s_16s_32_1_1_U260/tmp_product input design_1_i/cnn_accel_top_0/inst/grp_dataflow_parent_loop_proc2_fu_316/dataflow_parent_loop_proc_U0/dataflow_in_loop_Row_Loop_1_U0/compute_and_write_row4_U0/grp_compute_and_write_row4_Pipeline_Acc_TileN_Conv_KY_Conv_KX_Conv_C_fu_306/mul_16s_16s_32_1_1_U260/tmp_product/A[29:0] is not pipelined. Pipelining DSP48 input will improve performance.
Related violations: <none>

DPIP-2#336 Warning
Input pipelining  
DSP design_1_i/cnn_accel_top_0/inst/grp_dataflow_parent_loop_proc2_fu_316/dataflow_parent_loop_proc_U0/dataflow_in_loop_Row_Loop_1_U0/compute_and_write_row4_U0/grp_compute_and_write_row4_Pipeline_Acc_TileN_Conv_KY_Conv_KX_Conv_C_fu_306/mul_16s_16s_32_1_1_U260/tmp_product input design_1_i/cnn_accel_top_0/inst/grp_dataflow_parent_loop_proc2_fu_316/dataflow_parent_loop_proc_U0/dataflow_in_loop_Row_Loop_1_U0/compute_and_write_row4_U0/grp_compute_and_write_row4_Pipeline_Acc_TileN_Conv_KY_Conv_KX_Conv_C_fu_306/mul_16s_16s_32_1_1_U260/tmp_product/B[17:0] is not pipelined. Pipelining DSP48 input will improve performance.
Related violations: <none>

DPIP-2#337 Warning
Input pipelining  
DSP design_1_i/cnn_accel_top_0/inst/grp_dataflow_parent_loop_proc2_fu_316/dataflow_parent_loop_proc_U0/dataflow_in_loop_Row_Loop_1_U0/compute_and_write_row4_U0/grp_compute_and_write_row4_Pipeline_Acc_TileN_Conv_KY_Conv_KX_Conv_C_fu_306/mul_16s_16s_32_1_1_U268/tmp_product input design_1_i/cnn_accel_top_0/inst/grp_dataflow_parent_loop_proc2_fu_316/dataflow_parent_loop_proc_U0/dataflow_in_loop_Row_Loop_1_U0/compute_and_write_row4_U0/grp_compute_and_write_row4_Pipeline_Acc_TileN_Conv_KY_Conv_KX_Conv_C_fu_306/mul_16s_16s_32_1_1_U268/tmp_product/A[29:0] is not pipelined. Pipelining DSP48 input will improve performance.
Related violations: <none>

DPIP-2#338 Warning
Input pipelining  
DSP design_1_i/cnn_accel_top_0/inst/grp_dataflow_parent_loop_proc2_fu_316/dataflow_parent_loop_proc_U0/dataflow_in_loop_Row_Loop_1_U0/compute_and_write_row4_U0/grp_compute_and_write_row4_Pipeline_Acc_TileN_Conv_KY_Conv_KX_Conv_C_fu_306/mul_16s_16s_32_1_1_U268/tmp_product input design_1_i/cnn_accel_top_0/inst/grp_dataflow_parent_loop_proc2_fu_316/dataflow_parent_loop_proc_U0/dataflow_in_loop_Row_Loop_1_U0/compute_and_write_row4_U0/grp_compute_and_write_row4_Pipeline_Acc_TileN_Conv_KY_Conv_KX_Conv_C_fu_306/mul_16s_16s_32_1_1_U268/tmp_product/B[17:0] is not pipelined. Pipelining DSP48 input will improve performance.
Related violations: <none>

DPIP-2#339 Warning
Input pipelining  
DSP design_1_i/cnn_accel_top_0/inst/grp_dataflow_parent_loop_proc2_fu_316/dataflow_parent_loop_proc_U0/dataflow_in_loop_Row_Loop_1_U0/compute_and_write_row4_U0/grp_compute_and_write_row4_Pipeline_Acc_TileN_Conv_KY_Conv_KX_Conv_C_fu_306/mul_16s_16s_32_1_1_U270/tmp_product input design_1_i/cnn_accel_top_0/inst/grp_dataflow_parent_loop_proc2_fu_316/dataflow_parent_loop_proc_U0/dataflow_in_loop_Row_Loop_1_U0/compute_and_write_row4_U0/grp_compute_and_write_row4_Pipeline_Acc_TileN_Conv_KY_Conv_KX_Conv_C_fu_306/mul_16s_16s_32_1_1_U270/tmp_product/A[29:0] is not pipelined. Pipelining DSP48 input will improve performance.
Related violations: <none>

DPIP-2#340 Warning
Input pipelining  
DSP design_1_i/cnn_accel_top_0/inst/grp_dataflow_parent_loop_proc2_fu_316/dataflow_parent_loop_proc_U0/dataflow_in_loop_Row_Loop_1_U0/compute_and_write_row4_U0/grp_compute_and_write_row4_Pipeline_Acc_TileN_Conv_KY_Conv_KX_Conv_C_fu_306/mul_16s_16s_32_1_1_U270/tmp_product input design_1_i/cnn_accel_top_0/inst/grp_dataflow_parent_loop_proc2_fu_316/dataflow_parent_loop_proc_U0/dataflow_in_loop_Row_Loop_1_U0/compute_and_write_row4_U0/grp_compute_and_write_row4_Pipeline_Acc_TileN_Conv_KY_Conv_KX_Conv_C_fu_306/mul_16s_16s_32_1_1_U270/tmp_product/B[17:0] is not pipelined. Pipelining DSP48 input will improve performance.
Related violations: <none>

DPIP-2#341 Warning
Input pipelining  
DSP design_1_i/cnn_accel_top_0/inst/grp_dataflow_parent_loop_proc2_fu_316/dataflow_parent_loop_proc_U0/dataflow_in_loop_Row_Loop_1_U0/compute_and_write_row4_U0/grp_compute_and_write_row4_Pipeline_Acc_TileN_Conv_KY_Conv_KX_Conv_C_fu_306/mul_16s_16s_32_1_1_U272/tmp_product input design_1_i/cnn_accel_top_0/inst/grp_dataflow_parent_loop_proc2_fu_316/dataflow_parent_loop_proc_U0/dataflow_in_loop_Row_Loop_1_U0/compute_and_write_row4_U0/grp_compute_and_write_row4_Pipeline_Acc_TileN_Conv_KY_Conv_KX_Conv_C_fu_306/mul_16s_16s_32_1_1_U272/tmp_product/A[29:0] is not pipelined. Pipelining DSP48 input will improve performance.
Related violations: <none>

DPIP-2#342 Warning
Input pipelining  
DSP design_1_i/cnn_accel_top_0/inst/grp_dataflow_parent_loop_proc2_fu_316/dataflow_parent_loop_proc_U0/dataflow_in_loop_Row_Loop_1_U0/compute_and_write_row4_U0/grp_compute_and_write_row4_Pipeline_Acc_TileN_Conv_KY_Conv_KX_Conv_C_fu_306/mul_16s_16s_32_1_1_U272/tmp_product input design_1_i/cnn_accel_top_0/inst/grp_dataflow_parent_loop_proc2_fu_316/dataflow_parent_loop_proc_U0/dataflow_in_loop_Row_Loop_1_U0/compute_and_write_row4_U0/grp_compute_and_write_row4_Pipeline_Acc_TileN_Conv_KY_Conv_KX_Conv_C_fu_306/mul_16s_16s_32_1_1_U272/tmp_product/B[17:0] is not pipelined. Pipelining DSP48 input will improve performance.
Related violations: <none>

DPIP-2#343 Warning
Input pipelining  
DSP design_1_i/cnn_accel_top_0/inst/grp_dataflow_parent_loop_proc2_fu_316/dataflow_parent_loop_proc_U0/dataflow_in_loop_Row_Loop_1_U0/compute_and_write_row4_U0/grp_compute_and_write_row4_Pipeline_Acc_TileN_Conv_KY_Conv_KX_Conv_C_fu_306/mul_16s_16s_32_1_1_U274/tmp_product input design_1_i/cnn_accel_top_0/inst/grp_dataflow_parent_loop_proc2_fu_316/dataflow_parent_loop_proc_U0/dataflow_in_loop_Row_Loop_1_U0/compute_and_write_row4_U0/grp_compute_and_write_row4_Pipeline_Acc_TileN_Conv_KY_Conv_KX_Conv_C_fu_306/mul_16s_16s_32_1_1_U274/tmp_product/A[29:0] is not pipelined. Pipelining DSP48 input will improve performance.
Related violations: <none>

DPIP-2#344 Warning
Input pipelining  
DSP design_1_i/cnn_accel_top_0/inst/grp_dataflow_parent_loop_proc2_fu_316/dataflow_parent_loop_proc_U0/dataflow_in_loop_Row_Loop_1_U0/compute_and_write_row4_U0/grp_compute_and_write_row4_Pipeline_Acc_TileN_Conv_KY_Conv_KX_Conv_C_fu_306/mul_16s_16s_32_1_1_U274/tmp_product input design_1_i/cnn_accel_top_0/inst/grp_dataflow_parent_loop_proc2_fu_316/dataflow_parent_loop_proc_U0/dataflow_in_loop_Row_Loop_1_U0/compute_and_write_row4_U0/grp_compute_and_write_row4_Pipeline_Acc_TileN_Conv_KY_Conv_KX_Conv_C_fu_306/mul_16s_16s_32_1_1_U274/tmp_product/B[17:0] is not pipelined. Pipelining DSP48 input will improve performance.
Related violations: <none>

DPIP-2#345 Warning
Input pipelining  
DSP design_1_i/cnn_accel_top_0/inst/grp_dataflow_parent_loop_proc2_fu_316/dataflow_parent_loop_proc_U0/dataflow_in_loop_Row_Loop_1_U0/compute_and_write_row4_U0/grp_compute_and_write_row4_Pipeline_Acc_TileN_Conv_KY_Conv_KX_Conv_C_fu_306/mul_16s_16s_32_1_1_U282/tmp_product input design_1_i/cnn_accel_top_0/inst/grp_dataflow_parent_loop_proc2_fu_316/dataflow_parent_loop_proc_U0/dataflow_in_loop_Row_Loop_1_U0/compute_and_write_row4_U0/grp_compute_and_write_row4_Pipeline_Acc_TileN_Conv_KY_Conv_KX_Conv_C_fu_306/mul_16s_16s_32_1_1_U282/tmp_product/A[29:0] is not pipelined. Pipelining DSP48 input will improve performance.
Related violations: <none>

DPIP-2#346 Warning
Input pipelining  
DSP design_1_i/cnn_accel_top_0/inst/grp_dataflow_parent_loop_proc2_fu_316/dataflow_parent_loop_proc_U0/dataflow_in_loop_Row_Loop_1_U0/compute_and_write_row4_U0/grp_compute_and_write_row4_Pipeline_Acc_TileN_Conv_KY_Conv_KX_Conv_C_fu_306/mul_16s_16s_32_1_1_U282/tmp_product input design_1_i/cnn_accel_top_0/inst/grp_dataflow_parent_loop_proc2_fu_316/dataflow_parent_loop_proc_U0/dataflow_in_loop_Row_Loop_1_U0/compute_and_write_row4_U0/grp_compute_and_write_row4_Pipeline_Acc_TileN_Conv_KY_Conv_KX_Conv_C_fu_306/mul_16s_16s_32_1_1_U282/tmp_product/B[17:0] is not pipelined. Pipelining DSP48 input will improve performance.
Related violations: <none>

DPIP-2#347 Warning
Input pipelining  
DSP design_1_i/cnn_accel_top_0/inst/grp_dataflow_parent_loop_proc2_fu_316/dataflow_parent_loop_proc_U0/dataflow_in_loop_Row_Loop_1_U0/compute_and_write_row4_U0/grp_compute_and_write_row4_Pipeline_Acc_TileN_Conv_KY_Conv_KX_Conv_C_fu_306/mul_16s_16s_32_1_1_U284/tmp_product input design_1_i/cnn_accel_top_0/inst/grp_dataflow_parent_loop_proc2_fu_316/dataflow_parent_loop_proc_U0/dataflow_in_loop_Row_Loop_1_U0/compute_and_write_row4_U0/grp_compute_and_write_row4_Pipeline_Acc_TileN_Conv_KY_Conv_KX_Conv_C_fu_306/mul_16s_16s_32_1_1_U284/tmp_product/A[29:0] is not pipelined. Pipelining DSP48 input will improve performance.
Related violations: <none>

DPIP-2#348 Warning
Input pipelining  
DSP design_1_i/cnn_accel_top_0/inst/grp_dataflow_parent_loop_proc2_fu_316/dataflow_parent_loop_proc_U0/dataflow_in_loop_Row_Loop_1_U0/compute_and_write_row4_U0/grp_compute_and_write_row4_Pipeline_Acc_TileN_Conv_KY_Conv_KX_Conv_C_fu_306/mul_16s_16s_32_1_1_U284/tmp_product input design_1_i/cnn_accel_top_0/inst/grp_dataflow_parent_loop_proc2_fu_316/dataflow_parent_loop_proc_U0/dataflow_in_loop_Row_Loop_1_U0/compute_and_write_row4_U0/grp_compute_and_write_row4_Pipeline_Acc_TileN_Conv_KY_Conv_KX_Conv_C_fu_306/mul_16s_16s_32_1_1_U284/tmp_product/B[17:0] is not pipelined. Pipelining DSP48 input will improve performance.
Related violations: <none>

DPIP-2#349 Warning
Input pipelining  
DSP design_1_i/cnn_accel_top_0/inst/grp_dataflow_parent_loop_proc2_fu_316/dataflow_parent_loop_proc_U0/dataflow_in_loop_Row_Loop_1_U0/compute_and_write_row4_U0/grp_compute_and_write_row4_Pipeline_Acc_TileN_Conv_KY_Conv_KX_Conv_C_fu_306/mul_16s_16s_32_1_1_U286/tmp_product input design_1_i/cnn_accel_top_0/inst/grp_dataflow_parent_loop_proc2_fu_316/dataflow_parent_loop_proc_U0/dataflow_in_loop_Row_Loop_1_U0/compute_and_write_row4_U0/grp_compute_and_write_row4_Pipeline_Acc_TileN_Conv_KY_Conv_KX_Conv_C_fu_306/mul_16s_16s_32_1_1_U286/tmp_product/A[29:0] is not pipelined. Pipelining DSP48 input will improve performance.
Related violations: <none>

DPIP-2#350 Warning
Input pipelining  
DSP design_1_i/cnn_accel_top_0/inst/grp_dataflow_parent_loop_proc2_fu_316/dataflow_parent_loop_proc_U0/dataflow_in_loop_Row_Loop_1_U0/compute_and_write_row4_U0/grp_compute_and_write_row4_Pipeline_Acc_TileN_Conv_KY_Conv_KX_Conv_C_fu_306/mul_16s_16s_32_1_1_U286/tmp_product input design_1_i/cnn_accel_top_0/inst/grp_dataflow_parent_loop_proc2_fu_316/dataflow_parent_loop_proc_U0/dataflow_in_loop_Row_Loop_1_U0/compute_and_write_row4_U0/grp_compute_and_write_row4_Pipeline_Acc_TileN_Conv_KY_Conv_KX_Conv_C_fu_306/mul_16s_16s_32_1_1_U286/tmp_product/B[17:0] is not pipelined. Pipelining DSP48 input will improve performance.
Related violations: <none>

DPIP-2#351 Warning
Input pipelining  
DSP design_1_i/cnn_accel_top_0/inst/grp_dataflow_parent_loop_proc2_fu_316/dataflow_parent_loop_proc_U0/dataflow_in_loop_Row_Loop_1_U0/compute_and_write_row4_U0/grp_compute_and_write_row4_Pipeline_Acc_TileN_Conv_KY_Conv_KX_Conv_C_fu_306/mul_16s_16s_32_1_1_U288/tmp_product input design_1_i/cnn_accel_top_0/inst/grp_dataflow_parent_loop_proc2_fu_316/dataflow_parent_loop_proc_U0/dataflow_in_loop_Row_Loop_1_U0/compute_and_write_row4_U0/grp_compute_and_write_row4_Pipeline_Acc_TileN_Conv_KY_Conv_KX_Conv_C_fu_306/mul_16s_16s_32_1_1_U288/tmp_product/A[29:0] is not pipelined. Pipelining DSP48 input will improve performance.
Related violations: <none>

DPIP-2#352 Warning
Input pipelining  
DSP design_1_i/cnn_accel_top_0/inst/grp_dataflow_parent_loop_proc2_fu_316/dataflow_parent_loop_proc_U0/dataflow_in_loop_Row_Loop_1_U0/compute_and_write_row4_U0/grp_compute_and_write_row4_Pipeline_Acc_TileN_Conv_KY_Conv_KX_Conv_C_fu_306/mul_16s_16s_32_1_1_U288/tmp_product input design_1_i/cnn_accel_top_0/inst/grp_dataflow_parent_loop_proc2_fu_316/dataflow_parent_loop_proc_U0/dataflow_in_loop_Row_Loop_1_U0/compute_and_write_row4_U0/grp_compute_and_write_row4_Pipeline_Acc_TileN_Conv_KY_Conv_KX_Conv_C_fu_306/mul_16s_16s_32_1_1_U288/tmp_product/B[17:0] is not pipelined. Pipelining DSP48 input will improve performance.
Related violations: <none>

DPIP-2#353 Warning
Input pipelining  
DSP design_1_i/cnn_accel_top_0/inst/grp_dataflow_parent_loop_proc2_fu_316/dataflow_parent_loop_proc_U0/dataflow_in_loop_Row_Loop_1_U0/compute_and_write_row4_U0/grp_compute_and_write_row4_Pipeline_Acc_TileN_Conv_KY_Conv_KX_Conv_C_fu_306/mul_16s_16s_32_1_1_U296/tmp_product input design_1_i/cnn_accel_top_0/inst/grp_dataflow_parent_loop_proc2_fu_316/dataflow_parent_loop_proc_U0/dataflow_in_loop_Row_Loop_1_U0/compute_and_write_row4_U0/grp_compute_and_write_row4_Pipeline_Acc_TileN_Conv_KY_Conv_KX_Conv_C_fu_306/mul_16s_16s_32_1_1_U296/tmp_product/A[29:0] is not pipelined. Pipelining DSP48 input will improve performance.
Related violations: <none>

DPIP-2#354 Warning
Input pipelining  
DSP design_1_i/cnn_accel_top_0/inst/grp_dataflow_parent_loop_proc2_fu_316/dataflow_parent_loop_proc_U0/dataflow_in_loop_Row_Loop_1_U0/compute_and_write_row4_U0/grp_compute_and_write_row4_Pipeline_Acc_TileN_Conv_KY_Conv_KX_Conv_C_fu_306/mul_16s_16s_32_1_1_U296/tmp_product input design_1_i/cnn_accel_top_0/inst/grp_dataflow_parent_loop_proc2_fu_316/dataflow_parent_loop_proc_U0/dataflow_in_loop_Row_Loop_1_U0/compute_and_write_row4_U0/grp_compute_and_write_row4_Pipeline_Acc_TileN_Conv_KY_Conv_KX_Conv_C_fu_306/mul_16s_16s_32_1_1_U296/tmp_product/B[17:0] is not pipelined. Pipelining DSP48 input will improve performance.
Related violations: <none>

DPIP-2#355 Warning
Input pipelining  
DSP design_1_i/cnn_accel_top_0/inst/grp_dataflow_parent_loop_proc2_fu_316/dataflow_parent_loop_proc_U0/dataflow_in_loop_Row_Loop_1_U0/compute_and_write_row4_U0/grp_compute_and_write_row4_Pipeline_Acc_TileN_Conv_KY_Conv_KX_Conv_C_fu_306/mul_16s_16s_32_1_1_U298/tmp_product input design_1_i/cnn_accel_top_0/inst/grp_dataflow_parent_loop_proc2_fu_316/dataflow_parent_loop_proc_U0/dataflow_in_loop_Row_Loop_1_U0/compute_and_write_row4_U0/grp_compute_and_write_row4_Pipeline_Acc_TileN_Conv_KY_Conv_KX_Conv_C_fu_306/mul_16s_16s_32_1_1_U298/tmp_product/A[29:0] is not pipelined. Pipelining DSP48 input will improve performance.
Related violations: <none>

DPIP-2#356 Warning
Input pipelining  
DSP design_1_i/cnn_accel_top_0/inst/grp_dataflow_parent_loop_proc2_fu_316/dataflow_parent_loop_proc_U0/dataflow_in_loop_Row_Loop_1_U0/compute_and_write_row4_U0/grp_compute_and_write_row4_Pipeline_Acc_TileN_Conv_KY_Conv_KX_Conv_C_fu_306/mul_16s_16s_32_1_1_U298/tmp_product input design_1_i/cnn_accel_top_0/inst/grp_dataflow_parent_loop_proc2_fu_316/dataflow_parent_loop_proc_U0/dataflow_in_loop_Row_Loop_1_U0/compute_and_write_row4_U0/grp_compute_and_write_row4_Pipeline_Acc_TileN_Conv_KY_Conv_KX_Conv_C_fu_306/mul_16s_16s_32_1_1_U298/tmp_product/B[17:0] is not pipelined. Pipelining DSP48 input will improve performance.
Related violations: <none>

DPIP-2#357 Warning
Input pipelining  
DSP design_1_i/cnn_accel_top_0/inst/grp_dataflow_parent_loop_proc2_fu_316/dataflow_parent_loop_proc_U0/dataflow_in_loop_Row_Loop_1_U0/compute_and_write_row4_U0/grp_compute_and_write_row4_Pipeline_Acc_TileN_Conv_KY_Conv_KX_Conv_C_fu_306/mul_16s_16s_32_1_1_U300/tmp_product input design_1_i/cnn_accel_top_0/inst/grp_dataflow_parent_loop_proc2_fu_316/dataflow_parent_loop_proc_U0/dataflow_in_loop_Row_Loop_1_U0/compute_and_write_row4_U0/grp_compute_and_write_row4_Pipeline_Acc_TileN_Conv_KY_Conv_KX_Conv_C_fu_306/mul_16s_16s_32_1_1_U300/tmp_product/A[29:0] is not pipelined. Pipelining DSP48 input will improve performance.
Related violations: <none>

DPIP-2#358 Warning
Input pipelining  
DSP design_1_i/cnn_accel_top_0/inst/grp_dataflow_parent_loop_proc2_fu_316/dataflow_parent_loop_proc_U0/dataflow_in_loop_Row_Loop_1_U0/compute_and_write_row4_U0/grp_compute_and_write_row4_Pipeline_Acc_TileN_Conv_KY_Conv_KX_Conv_C_fu_306/mul_16s_16s_32_1_1_U300/tmp_product input design_1_i/cnn_accel_top_0/inst/grp_dataflow_parent_loop_proc2_fu_316/dataflow_parent_loop_proc_U0/dataflow_in_loop_Row_Loop_1_U0/compute_and_write_row4_U0/grp_compute_and_write_row4_Pipeline_Acc_TileN_Conv_KY_Conv_KX_Conv_C_fu_306/mul_16s_16s_32_1_1_U300/tmp_product/B[17:0] is not pipelined. Pipelining DSP48 input will improve performance.
Related violations: <none>

DPIP-2#359 Warning
Input pipelining  
DSP design_1_i/cnn_accel_top_0/inst/grp_dataflow_parent_loop_proc2_fu_316/dataflow_parent_loop_proc_U0/dataflow_in_loop_Row_Loop_1_U0/compute_and_write_row4_U0/grp_compute_and_write_row4_Pipeline_Acc_TileN_Conv_KY_Conv_KX_Conv_C_fu_306/mul_16s_16s_32_1_1_U302/tmp_product input design_1_i/cnn_accel_top_0/inst/grp_dataflow_parent_loop_proc2_fu_316/dataflow_parent_loop_proc_U0/dataflow_in_loop_Row_Loop_1_U0/compute_and_write_row4_U0/grp_compute_and_write_row4_Pipeline_Acc_TileN_Conv_KY_Conv_KX_Conv_C_fu_306/mul_16s_16s_32_1_1_U302/tmp_product/A[29:0] is not pipelined. Pipelining DSP48 input will improve performance.
Related violations: <none>

DPIP-2#360 Warning
Input pipelining  
DSP design_1_i/cnn_accel_top_0/inst/grp_dataflow_parent_loop_proc2_fu_316/dataflow_parent_loop_proc_U0/dataflow_in_loop_Row_Loop_1_U0/compute_and_write_row4_U0/grp_compute_and_write_row4_Pipeline_Acc_TileN_Conv_KY_Conv_KX_Conv_C_fu_306/mul_16s_16s_32_1_1_U302/tmp_product input design_1_i/cnn_accel_top_0/inst/grp_dataflow_parent_loop_proc2_fu_316/dataflow_parent_loop_proc_U0/dataflow_in_loop_Row_Loop_1_U0/compute_and_write_row4_U0/grp_compute_and_write_row4_Pipeline_Acc_TileN_Conv_KY_Conv_KX_Conv_C_fu_306/mul_16s_16s_32_1_1_U302/tmp_product/B[17:0] is not pipelined. Pipelining DSP48 input will improve performance.
Related violations: <none>

DPIP-2#361 Warning
Input pipelining  
DSP design_1_i/cnn_accel_top_0/inst/grp_dataflow_parent_loop_proc2_fu_316/dataflow_parent_loop_proc_U0/dataflow_in_loop_Row_Loop_1_U0/compute_and_write_row4_U0/grp_compute_and_write_row4_Pipeline_Acc_TileN_Conv_KY_Conv_KX_Conv_C_fu_306/mul_16s_16s_32_1_1_U310/tmp_product input design_1_i/cnn_accel_top_0/inst/grp_dataflow_parent_loop_proc2_fu_316/dataflow_parent_loop_proc_U0/dataflow_in_loop_Row_Loop_1_U0/compute_and_write_row4_U0/grp_compute_and_write_row4_Pipeline_Acc_TileN_Conv_KY_Conv_KX_Conv_C_fu_306/mul_16s_16s_32_1_1_U310/tmp_product/A[29:0] is not pipelined. Pipelining DSP48 input will improve performance.
Related violations: <none>

DPIP-2#362 Warning
Input pipelining  
DSP design_1_i/cnn_accel_top_0/inst/grp_dataflow_parent_loop_proc2_fu_316/dataflow_parent_loop_proc_U0/dataflow_in_loop_Row_Loop_1_U0/compute_and_write_row4_U0/grp_compute_and_write_row4_Pipeline_Acc_TileN_Conv_KY_Conv_KX_Conv_C_fu_306/mul_16s_16s_32_1_1_U310/tmp_product input design_1_i/cnn_accel_top_0/inst/grp_dataflow_parent_loop_proc2_fu_316/dataflow_parent_loop_proc_U0/dataflow_in_loop_Row_Loop_1_U0/compute_and_write_row4_U0/grp_compute_and_write_row4_Pipeline_Acc_TileN_Conv_KY_Conv_KX_Conv_C_fu_306/mul_16s_16s_32_1_1_U310/tmp_product/B[17:0] is not pipelined. Pipelining DSP48 input will improve performance.
Related violations: <none>

DPIP-2#363 Warning
Input pipelining  
DSP design_1_i/cnn_accel_top_0/inst/grp_dataflow_parent_loop_proc2_fu_316/dataflow_parent_loop_proc_U0/dataflow_in_loop_Row_Loop_1_U0/compute_and_write_row4_U0/grp_compute_and_write_row4_Pipeline_Acc_TileN_Conv_KY_Conv_KX_Conv_C_fu_306/mul_16s_16s_32_1_1_U312/tmp_product input design_1_i/cnn_accel_top_0/inst/grp_dataflow_parent_loop_proc2_fu_316/dataflow_parent_loop_proc_U0/dataflow_in_loop_Row_Loop_1_U0/compute_and_write_row4_U0/grp_compute_and_write_row4_Pipeline_Acc_TileN_Conv_KY_Conv_KX_Conv_C_fu_306/mul_16s_16s_32_1_1_U312/tmp_product/A[29:0] is not pipelined. Pipelining DSP48 input will improve performance.
Related violations: <none>

DPIP-2#364 Warning
Input pipelining  
DSP design_1_i/cnn_accel_top_0/inst/grp_dataflow_parent_loop_proc2_fu_316/dataflow_parent_loop_proc_U0/dataflow_in_loop_Row_Loop_1_U0/compute_and_write_row4_U0/grp_compute_and_write_row4_Pipeline_Acc_TileN_Conv_KY_Conv_KX_Conv_C_fu_306/mul_16s_16s_32_1_1_U312/tmp_product input design_1_i/cnn_accel_top_0/inst/grp_dataflow_parent_loop_proc2_fu_316/dataflow_parent_loop_proc_U0/dataflow_in_loop_Row_Loop_1_U0/compute_and_write_row4_U0/grp_compute_and_write_row4_Pipeline_Acc_TileN_Conv_KY_Conv_KX_Conv_C_fu_306/mul_16s_16s_32_1_1_U312/tmp_product/B[17:0] is not pipelined. Pipelining DSP48 input will improve performance.
Related violations: <none>

DPIP-2#365 Warning
Input pipelining  
DSP design_1_i/cnn_accel_top_0/inst/grp_dataflow_parent_loop_proc2_fu_316/dataflow_parent_loop_proc_U0/dataflow_in_loop_Row_Loop_1_U0/compute_and_write_row4_U0/grp_compute_and_write_row4_Pipeline_Acc_TileN_Conv_KY_Conv_KX_Conv_C_fu_306/mul_16s_16s_32_1_1_U314/tmp_product input design_1_i/cnn_accel_top_0/inst/grp_dataflow_parent_loop_proc2_fu_316/dataflow_parent_loop_proc_U0/dataflow_in_loop_Row_Loop_1_U0/compute_and_write_row4_U0/grp_compute_and_write_row4_Pipeline_Acc_TileN_Conv_KY_Conv_KX_Conv_C_fu_306/mul_16s_16s_32_1_1_U314/tmp_product/A[29:0] is not pipelined. Pipelining DSP48 input will improve performance.
Related violations: <none>

DPIP-2#366 Warning
Input pipelining  
DSP design_1_i/cnn_accel_top_0/inst/grp_dataflow_parent_loop_proc2_fu_316/dataflow_parent_loop_proc_U0/dataflow_in_loop_Row_Loop_1_U0/compute_and_write_row4_U0/grp_compute_and_write_row4_Pipeline_Acc_TileN_Conv_KY_Conv_KX_Conv_C_fu_306/mul_16s_16s_32_1_1_U314/tmp_product input design_1_i/cnn_accel_top_0/inst/grp_dataflow_parent_loop_proc2_fu_316/dataflow_parent_loop_proc_U0/dataflow_in_loop_Row_Loop_1_U0/compute_and_write_row4_U0/grp_compute_and_write_row4_Pipeline_Acc_TileN_Conv_KY_Conv_KX_Conv_C_fu_306/mul_16s_16s_32_1_1_U314/tmp_product/B[17:0] is not pipelined. Pipelining DSP48 input will improve performance.
Related violations: <none>

DPIP-2#367 Warning
Input pipelining  
DSP design_1_i/cnn_accel_top_0/inst/grp_dataflow_parent_loop_proc2_fu_316/dataflow_parent_loop_proc_U0/dataflow_in_loop_Row_Loop_1_U0/compute_and_write_row4_U0/grp_compute_and_write_row4_Pipeline_Acc_TileN_Conv_KY_Conv_KX_Conv_C_fu_306/mul_16s_16s_32_1_1_U316/tmp_product input design_1_i/cnn_accel_top_0/inst/grp_dataflow_parent_loop_proc2_fu_316/dataflow_parent_loop_proc_U0/dataflow_in_loop_Row_Loop_1_U0/compute_and_write_row4_U0/grp_compute_and_write_row4_Pipeline_Acc_TileN_Conv_KY_Conv_KX_Conv_C_fu_306/mul_16s_16s_32_1_1_U316/tmp_product/A[29:0] is not pipelined. Pipelining DSP48 input will improve performance.
Related violations: <none>

DPIP-2#368 Warning
Input pipelining  
DSP design_1_i/cnn_accel_top_0/inst/grp_dataflow_parent_loop_proc2_fu_316/dataflow_parent_loop_proc_U0/dataflow_in_loop_Row_Loop_1_U0/compute_and_write_row4_U0/grp_compute_and_write_row4_Pipeline_Acc_TileN_Conv_KY_Conv_KX_Conv_C_fu_306/mul_16s_16s_32_1_1_U316/tmp_product input design_1_i/cnn_accel_top_0/inst/grp_dataflow_parent_loop_proc2_fu_316/dataflow_parent_loop_proc_U0/dataflow_in_loop_Row_Loop_1_U0/compute_and_write_row4_U0/grp_compute_and_write_row4_Pipeline_Acc_TileN_Conv_KY_Conv_KX_Conv_C_fu_306/mul_16s_16s_32_1_1_U316/tmp_product/B[17:0] is not pipelined. Pipelining DSP48 input will improve performance.
Related violations: <none>

DPIP-2#369 Warning
Input pipelining  
DSP design_1_i/cnn_accel_top_0/inst/grp_dataflow_parent_loop_proc2_fu_316/dataflow_parent_loop_proc_U0/dataflow_in_loop_Row_Loop_1_U0/compute_and_write_row4_U0/grp_compute_and_write_row4_Pipeline_Acc_TileN_Conv_KY_Conv_KX_Conv_C_fu_306/mul_16s_16s_32_1_1_U324/tmp_product input design_1_i/cnn_accel_top_0/inst/grp_dataflow_parent_loop_proc2_fu_316/dataflow_parent_loop_proc_U0/dataflow_in_loop_Row_Loop_1_U0/compute_and_write_row4_U0/grp_compute_and_write_row4_Pipeline_Acc_TileN_Conv_KY_Conv_KX_Conv_C_fu_306/mul_16s_16s_32_1_1_U324/tmp_product/A[29:0] is not pipelined. Pipelining DSP48 input will improve performance.
Related violations: <none>

DPIP-2#370 Warning
Input pipelining  
DSP design_1_i/cnn_accel_top_0/inst/grp_dataflow_parent_loop_proc2_fu_316/dataflow_parent_loop_proc_U0/dataflow_in_loop_Row_Loop_1_U0/compute_and_write_row4_U0/grp_compute_and_write_row4_Pipeline_Acc_TileN_Conv_KY_Conv_KX_Conv_C_fu_306/mul_16s_16s_32_1_1_U324/tmp_product input design_1_i/cnn_accel_top_0/inst/grp_dataflow_parent_loop_proc2_fu_316/dataflow_parent_loop_proc_U0/dataflow_in_loop_Row_Loop_1_U0/compute_and_write_row4_U0/grp_compute_and_write_row4_Pipeline_Acc_TileN_Conv_KY_Conv_KX_Conv_C_fu_306/mul_16s_16s_32_1_1_U324/tmp_product/B[17:0] is not pipelined. Pipelining DSP48 input will improve performance.
Related violations: <none>

DPIP-2#371 Warning
Input pipelining  
DSP design_1_i/cnn_accel_top_0/inst/grp_dataflow_parent_loop_proc2_fu_316/dataflow_parent_loop_proc_U0/dataflow_in_loop_Row_Loop_1_U0/compute_and_write_row4_U0/grp_compute_and_write_row4_Pipeline_Acc_TileN_Conv_KY_Conv_KX_Conv_C_fu_306/mul_16s_16s_32_1_1_U326/tmp_product input design_1_i/cnn_accel_top_0/inst/grp_dataflow_parent_loop_proc2_fu_316/dataflow_parent_loop_proc_U0/dataflow_in_loop_Row_Loop_1_U0/compute_and_write_row4_U0/grp_compute_and_write_row4_Pipeline_Acc_TileN_Conv_KY_Conv_KX_Conv_C_fu_306/mul_16s_16s_32_1_1_U326/tmp_product/A[29:0] is not pipelined. Pipelining DSP48 input will improve performance.
Related violations: <none>

DPIP-2#372 Warning
Input pipelining  
DSP design_1_i/cnn_accel_top_0/inst/grp_dataflow_parent_loop_proc2_fu_316/dataflow_parent_loop_proc_U0/dataflow_in_loop_Row_Loop_1_U0/compute_and_write_row4_U0/grp_compute_and_write_row4_Pipeline_Acc_TileN_Conv_KY_Conv_KX_Conv_C_fu_306/mul_16s_16s_32_1_1_U326/tmp_product input design_1_i/cnn_accel_top_0/inst/grp_dataflow_parent_loop_proc2_fu_316/dataflow_parent_loop_proc_U0/dataflow_in_loop_Row_Loop_1_U0/compute_and_write_row4_U0/grp_compute_and_write_row4_Pipeline_Acc_TileN_Conv_KY_Conv_KX_Conv_C_fu_306/mul_16s_16s_32_1_1_U326/tmp_product/B[17:0] is not pipelined. Pipelining DSP48 input will improve performance.
Related violations: <none>

DPIP-2#373 Warning
Input pipelining  
DSP design_1_i/cnn_accel_top_0/inst/grp_dataflow_parent_loop_proc2_fu_316/dataflow_parent_loop_proc_U0/dataflow_in_loop_Row_Loop_1_U0/compute_and_write_row4_U0/grp_compute_and_write_row4_Pipeline_Acc_TileN_Conv_KY_Conv_KX_Conv_C_fu_306/mul_16s_16s_32_1_1_U328/tmp_product input design_1_i/cnn_accel_top_0/inst/grp_dataflow_parent_loop_proc2_fu_316/dataflow_parent_loop_proc_U0/dataflow_in_loop_Row_Loop_1_U0/compute_and_write_row4_U0/grp_compute_and_write_row4_Pipeline_Acc_TileN_Conv_KY_Conv_KX_Conv_C_fu_306/mul_16s_16s_32_1_1_U328/tmp_product/A[29:0] is not pipelined. Pipelining DSP48 input will improve performance.
Related violations: <none>

DPIP-2#374 Warning
Input pipelining  
DSP design_1_i/cnn_accel_top_0/inst/grp_dataflow_parent_loop_proc2_fu_316/dataflow_parent_loop_proc_U0/dataflow_in_loop_Row_Loop_1_U0/compute_and_write_row4_U0/grp_compute_and_write_row4_Pipeline_Acc_TileN_Conv_KY_Conv_KX_Conv_C_fu_306/mul_16s_16s_32_1_1_U328/tmp_product input design_1_i/cnn_accel_top_0/inst/grp_dataflow_parent_loop_proc2_fu_316/dataflow_parent_loop_proc_U0/dataflow_in_loop_Row_Loop_1_U0/compute_and_write_row4_U0/grp_compute_and_write_row4_Pipeline_Acc_TileN_Conv_KY_Conv_KX_Conv_C_fu_306/mul_16s_16s_32_1_1_U328/tmp_product/B[17:0] is not pipelined. Pipelining DSP48 input will improve performance.
Related violations: <none>

DPIP-2#375 Warning
Input pipelining  
DSP design_1_i/cnn_accel_top_0/inst/grp_dataflow_parent_loop_proc2_fu_316/dataflow_parent_loop_proc_U0/dataflow_in_loop_Row_Loop_1_U0/compute_and_write_row4_U0/grp_compute_and_write_row4_Pipeline_Acc_TileN_Conv_KY_Conv_KX_Conv_C_fu_306/mul_16s_16s_32_1_1_U330/tmp_product input design_1_i/cnn_accel_top_0/inst/grp_dataflow_parent_loop_proc2_fu_316/dataflow_parent_loop_proc_U0/dataflow_in_loop_Row_Loop_1_U0/compute_and_write_row4_U0/grp_compute_and_write_row4_Pipeline_Acc_TileN_Conv_KY_Conv_KX_Conv_C_fu_306/mul_16s_16s_32_1_1_U330/tmp_product/A[29:0] is not pipelined. Pipelining DSP48 input will improve performance.
Related violations: <none>

DPIP-2#376 Warning
Input pipelining  
DSP design_1_i/cnn_accel_top_0/inst/grp_dataflow_parent_loop_proc2_fu_316/dataflow_parent_loop_proc_U0/dataflow_in_loop_Row_Loop_1_U0/compute_and_write_row4_U0/grp_compute_and_write_row4_Pipeline_Acc_TileN_Conv_KY_Conv_KX_Conv_C_fu_306/mul_16s_16s_32_1_1_U330/tmp_product input design_1_i/cnn_accel_top_0/inst/grp_dataflow_parent_loop_proc2_fu_316/dataflow_parent_loop_proc_U0/dataflow_in_loop_Row_Loop_1_U0/compute_and_write_row4_U0/grp_compute_and_write_row4_Pipeline_Acc_TileN_Conv_KY_Conv_KX_Conv_C_fu_306/mul_16s_16s_32_1_1_U330/tmp_product/B[17:0] is not pipelined. Pipelining DSP48 input will improve performance.
Related violations: <none>

DPIP-2#377 Warning
Input pipelining  
DSP design_1_i/cnn_accel_top_0/inst/grp_dataflow_parent_loop_proc2_fu_316/dataflow_parent_loop_proc_U0/dataflow_in_loop_Row_Loop_1_U0/compute_and_write_row4_U0/grp_compute_and_write_row4_Pipeline_Acc_TileN_Conv_KY_Conv_KX_Conv_C_fu_306/mul_16s_16s_32_1_1_U338/tmp_product input design_1_i/cnn_accel_top_0/inst/grp_dataflow_parent_loop_proc2_fu_316/dataflow_parent_loop_proc_U0/dataflow_in_loop_Row_Loop_1_U0/compute_and_write_row4_U0/grp_compute_and_write_row4_Pipeline_Acc_TileN_Conv_KY_Conv_KX_Conv_C_fu_306/mul_16s_16s_32_1_1_U338/tmp_product/A[29:0] is not pipelined. Pipelining DSP48 input will improve performance.
Related violations: <none>

DPIP-2#378 Warning
Input pipelining  
DSP design_1_i/cnn_accel_top_0/inst/grp_dataflow_parent_loop_proc2_fu_316/dataflow_parent_loop_proc_U0/dataflow_in_loop_Row_Loop_1_U0/compute_and_write_row4_U0/grp_compute_and_write_row4_Pipeline_Acc_TileN_Conv_KY_Conv_KX_Conv_C_fu_306/mul_16s_16s_32_1_1_U338/tmp_product input design_1_i/cnn_accel_top_0/inst/grp_dataflow_parent_loop_proc2_fu_316/dataflow_parent_loop_proc_U0/dataflow_in_loop_Row_Loop_1_U0/compute_and_write_row4_U0/grp_compute_and_write_row4_Pipeline_Acc_TileN_Conv_KY_Conv_KX_Conv_C_fu_306/mul_16s_16s_32_1_1_U338/tmp_product/B[17:0] is not pipelined. Pipelining DSP48 input will improve performance.
Related violations: <none>

DPIP-2#379 Warning
Input pipelining  
DSP design_1_i/cnn_accel_top_0/inst/grp_dataflow_parent_loop_proc2_fu_316/dataflow_parent_loop_proc_U0/dataflow_in_loop_Row_Loop_1_U0/compute_and_write_row4_U0/grp_compute_and_write_row4_Pipeline_Acc_TileN_Conv_KY_Conv_KX_Conv_C_fu_306/mul_16s_16s_32_1_1_U340/tmp_product input design_1_i/cnn_accel_top_0/inst/grp_dataflow_parent_loop_proc2_fu_316/dataflow_parent_loop_proc_U0/dataflow_in_loop_Row_Loop_1_U0/compute_and_write_row4_U0/grp_compute_and_write_row4_Pipeline_Acc_TileN_Conv_KY_Conv_KX_Conv_C_fu_306/mul_16s_16s_32_1_1_U340/tmp_product/A[29:0] is not pipelined. Pipelining DSP48 input will improve performance.
Related violations: <none>

DPIP-2#380 Warning
Input pipelining  
DSP design_1_i/cnn_accel_top_0/inst/grp_dataflow_parent_loop_proc2_fu_316/dataflow_parent_loop_proc_U0/dataflow_in_loop_Row_Loop_1_U0/compute_and_write_row4_U0/grp_compute_and_write_row4_Pipeline_Acc_TileN_Conv_KY_Conv_KX_Conv_C_fu_306/mul_16s_16s_32_1_1_U340/tmp_product input design_1_i/cnn_accel_top_0/inst/grp_dataflow_parent_loop_proc2_fu_316/dataflow_parent_loop_proc_U0/dataflow_in_loop_Row_Loop_1_U0/compute_and_write_row4_U0/grp_compute_and_write_row4_Pipeline_Acc_TileN_Conv_KY_Conv_KX_Conv_C_fu_306/mul_16s_16s_32_1_1_U340/tmp_product/B[17:0] is not pipelined. Pipelining DSP48 input will improve performance.
Related violations: <none>

DPIP-2#381 Warning
Input pipelining  
DSP design_1_i/cnn_accel_top_0/inst/grp_dataflow_parent_loop_proc2_fu_316/dataflow_parent_loop_proc_U0/dataflow_in_loop_Row_Loop_1_U0/compute_and_write_row4_U0/grp_compute_and_write_row4_Pipeline_Acc_TileN_Conv_KY_Conv_KX_Conv_C_fu_306/mul_16s_16s_32_1_1_U342/tmp_product input design_1_i/cnn_accel_top_0/inst/grp_dataflow_parent_loop_proc2_fu_316/dataflow_parent_loop_proc_U0/dataflow_in_loop_Row_Loop_1_U0/compute_and_write_row4_U0/grp_compute_and_write_row4_Pipeline_Acc_TileN_Conv_KY_Conv_KX_Conv_C_fu_306/mul_16s_16s_32_1_1_U342/tmp_product/A[29:0] is not pipelined. Pipelining DSP48 input will improve performance.
Related violations: <none>

DPIP-2#382 Warning
Input pipelining  
DSP design_1_i/cnn_accel_top_0/inst/grp_dataflow_parent_loop_proc2_fu_316/dataflow_parent_loop_proc_U0/dataflow_in_loop_Row_Loop_1_U0/compute_and_write_row4_U0/grp_compute_and_write_row4_Pipeline_Acc_TileN_Conv_KY_Conv_KX_Conv_C_fu_306/mul_16s_16s_32_1_1_U342/tmp_product input design_1_i/cnn_accel_top_0/inst/grp_dataflow_parent_loop_proc2_fu_316/dataflow_parent_loop_proc_U0/dataflow_in_loop_Row_Loop_1_U0/compute_and_write_row4_U0/grp_compute_and_write_row4_Pipeline_Acc_TileN_Conv_KY_Conv_KX_Conv_C_fu_306/mul_16s_16s_32_1_1_U342/tmp_product/B[17:0] is not pipelined. Pipelining DSP48 input will improve performance.
Related violations: <none>

DPIP-2#383 Warning
Input pipelining  
DSP design_1_i/cnn_accel_top_0/inst/grp_dataflow_parent_loop_proc2_fu_316/dataflow_parent_loop_proc_U0/dataflow_in_loop_Row_Loop_1_U0/compute_and_write_row4_U0/grp_compute_and_write_row4_Pipeline_Acc_TileN_Conv_KY_Conv_KX_Conv_C_fu_306/mul_16s_16s_32_1_1_U344/tmp_product input design_1_i/cnn_accel_top_0/inst/grp_dataflow_parent_loop_proc2_fu_316/dataflow_parent_loop_proc_U0/dataflow_in_loop_Row_Loop_1_U0/compute_and_write_row4_U0/grp_compute_and_write_row4_Pipeline_Acc_TileN_Conv_KY_Conv_KX_Conv_C_fu_306/mul_16s_16s_32_1_1_U344/tmp_product/A[29:0] is not pipelined. Pipelining DSP48 input will improve performance.
Related violations: <none>

DPIP-2#384 Warning
Input pipelining  
DSP design_1_i/cnn_accel_top_0/inst/grp_dataflow_parent_loop_proc2_fu_316/dataflow_parent_loop_proc_U0/dataflow_in_loop_Row_Loop_1_U0/compute_and_write_row4_U0/grp_compute_and_write_row4_Pipeline_Acc_TileN_Conv_KY_Conv_KX_Conv_C_fu_306/mul_16s_16s_32_1_1_U344/tmp_product input design_1_i/cnn_accel_top_0/inst/grp_dataflow_parent_loop_proc2_fu_316/dataflow_parent_loop_proc_U0/dataflow_in_loop_Row_Loop_1_U0/compute_and_write_row4_U0/grp_compute_and_write_row4_Pipeline_Acc_TileN_Conv_KY_Conv_KX_Conv_C_fu_306/mul_16s_16s_32_1_1_U344/tmp_product/B[17:0] is not pipelined. Pipelining DSP48 input will improve performance.
Related violations: <none>

DPIP-2#385 Warning
Input pipelining  
DSP design_1_i/cnn_accel_top_0/inst/grp_dataflow_parent_loop_proc2_fu_316/dataflow_parent_loop_proc_U0/dataflow_in_loop_Row_Loop_1_U0/compute_and_write_row4_U0/grp_compute_and_write_row4_Pipeline_Acc_TileN_Conv_KY_Conv_KX_Conv_C_fu_306/mul_16s_16s_32_1_1_U352/tmp_product input design_1_i/cnn_accel_top_0/inst/grp_dataflow_parent_loop_proc2_fu_316/dataflow_parent_loop_proc_U0/dataflow_in_loop_Row_Loop_1_U0/compute_and_write_row4_U0/grp_compute_and_write_row4_Pipeline_Acc_TileN_Conv_KY_Conv_KX_Conv_C_fu_306/mul_16s_16s_32_1_1_U352/tmp_product/A[29:0] is not pipelined. Pipelining DSP48 input will improve performance.
Related violations: <none>

DPIP-2#386 Warning
Input pipelining  
DSP design_1_i/cnn_accel_top_0/inst/grp_dataflow_parent_loop_proc2_fu_316/dataflow_parent_loop_proc_U0/dataflow_in_loop_Row_Loop_1_U0/compute_and_write_row4_U0/grp_compute_and_write_row4_Pipeline_Acc_TileN_Conv_KY_Conv_KX_Conv_C_fu_306/mul_16s_16s_32_1_1_U352/tmp_product input design_1_i/cnn_accel_top_0/inst/grp_dataflow_parent_loop_proc2_fu_316/dataflow_parent_loop_proc_U0/dataflow_in_loop_Row_Loop_1_U0/compute_and_write_row4_U0/grp_compute_and_write_row4_Pipeline_Acc_TileN_Conv_KY_Conv_KX_Conv_C_fu_306/mul_16s_16s_32_1_1_U352/tmp_product/B[17:0] is not pipelined. Pipelining DSP48 input will improve performance.
Related violations: <none>

DPIP-2#387 Warning
Input pipelining  
DSP design_1_i/cnn_accel_top_0/inst/grp_dataflow_parent_loop_proc2_fu_316/dataflow_parent_loop_proc_U0/dataflow_in_loop_Row_Loop_1_U0/compute_and_write_row4_U0/grp_compute_and_write_row4_Pipeline_Acc_TileN_Conv_KY_Conv_KX_Conv_C_fu_306/mul_16s_16s_32_1_1_U354/tmp_product input design_1_i/cnn_accel_top_0/inst/grp_dataflow_parent_loop_proc2_fu_316/dataflow_parent_loop_proc_U0/dataflow_in_loop_Row_Loop_1_U0/compute_and_write_row4_U0/grp_compute_and_write_row4_Pipeline_Acc_TileN_Conv_KY_Conv_KX_Conv_C_fu_306/mul_16s_16s_32_1_1_U354/tmp_product/A[29:0] is not pipelined. Pipelining DSP48 input will improve performance.
Related violations: <none>

DPIP-2#388 Warning
Input pipelining  
DSP design_1_i/cnn_accel_top_0/inst/grp_dataflow_parent_loop_proc2_fu_316/dataflow_parent_loop_proc_U0/dataflow_in_loop_Row_Loop_1_U0/compute_and_write_row4_U0/grp_compute_and_write_row4_Pipeline_Acc_TileN_Conv_KY_Conv_KX_Conv_C_fu_306/mul_16s_16s_32_1_1_U354/tmp_product input design_1_i/cnn_accel_top_0/inst/grp_dataflow_parent_loop_proc2_fu_316/dataflow_parent_loop_proc_U0/dataflow_in_loop_Row_Loop_1_U0/compute_and_write_row4_U0/grp_compute_and_write_row4_Pipeline_Acc_TileN_Conv_KY_Conv_KX_Conv_C_fu_306/mul_16s_16s_32_1_1_U354/tmp_product/B[17:0] is not pipelined. Pipelining DSP48 input will improve performance.
Related violations: <none>

DPIP-2#389 Warning
Input pipelining  
DSP design_1_i/cnn_accel_top_0/inst/grp_dataflow_parent_loop_proc2_fu_316/dataflow_parent_loop_proc_U0/dataflow_in_loop_Row_Loop_1_U0/compute_and_write_row4_U0/grp_compute_and_write_row4_Pipeline_Acc_TileN_Conv_KY_Conv_KX_Conv_C_fu_306/mul_16s_16s_32_1_1_U356/tmp_product input design_1_i/cnn_accel_top_0/inst/grp_dataflow_parent_loop_proc2_fu_316/dataflow_parent_loop_proc_U0/dataflow_in_loop_Row_Loop_1_U0/compute_and_write_row4_U0/grp_compute_and_write_row4_Pipeline_Acc_TileN_Conv_KY_Conv_KX_Conv_C_fu_306/mul_16s_16s_32_1_1_U356/tmp_product/A[29:0] is not pipelined. Pipelining DSP48 input will improve performance.
Related violations: <none>

DPIP-2#390 Warning
Input pipelining  
DSP design_1_i/cnn_accel_top_0/inst/grp_dataflow_parent_loop_proc2_fu_316/dataflow_parent_loop_proc_U0/dataflow_in_loop_Row_Loop_1_U0/compute_and_write_row4_U0/grp_compute_and_write_row4_Pipeline_Acc_TileN_Conv_KY_Conv_KX_Conv_C_fu_306/mul_16s_16s_32_1_1_U356/tmp_product input design_1_i/cnn_accel_top_0/inst/grp_dataflow_parent_loop_proc2_fu_316/dataflow_parent_loop_proc_U0/dataflow_in_loop_Row_Loop_1_U0/compute_and_write_row4_U0/grp_compute_and_write_row4_Pipeline_Acc_TileN_Conv_KY_Conv_KX_Conv_C_fu_306/mul_16s_16s_32_1_1_U356/tmp_product/B[17:0] is not pipelined. Pipelining DSP48 input will improve performance.
Related violations: <none>

DPIP-2#391 Warning
Input pipelining  
DSP design_1_i/cnn_accel_top_0/inst/grp_dataflow_parent_loop_proc2_fu_316/dataflow_parent_loop_proc_U0/dataflow_in_loop_Row_Loop_1_U0/compute_and_write_row4_U0/grp_compute_and_write_row4_Pipeline_Acc_TileN_Conv_KY_Conv_KX_Conv_C_fu_306/mul_16s_16s_32_1_1_U358/tmp_product input design_1_i/cnn_accel_top_0/inst/grp_dataflow_parent_loop_proc2_fu_316/dataflow_parent_loop_proc_U0/dataflow_in_loop_Row_Loop_1_U0/compute_and_write_row4_U0/grp_compute_and_write_row4_Pipeline_Acc_TileN_Conv_KY_Conv_KX_Conv_C_fu_306/mul_16s_16s_32_1_1_U358/tmp_product/A[29:0] is not pipelined. Pipelining DSP48 input will improve performance.
Related violations: <none>

DPIP-2#392 Warning
Input pipelining  
DSP design_1_i/cnn_accel_top_0/inst/grp_dataflow_parent_loop_proc2_fu_316/dataflow_parent_loop_proc_U0/dataflow_in_loop_Row_Loop_1_U0/compute_and_write_row4_U0/grp_compute_and_write_row4_Pipeline_Acc_TileN_Conv_KY_Conv_KX_Conv_C_fu_306/mul_16s_16s_32_1_1_U358/tmp_product input design_1_i/cnn_accel_top_0/inst/grp_dataflow_parent_loop_proc2_fu_316/dataflow_parent_loop_proc_U0/dataflow_in_loop_Row_Loop_1_U0/compute_and_write_row4_U0/grp_compute_and_write_row4_Pipeline_Acc_TileN_Conv_KY_Conv_KX_Conv_C_fu_306/mul_16s_16s_32_1_1_U358/tmp_product/B[17:0] is not pipelined. Pipelining DSP48 input will improve performance.
Related violations: <none>

DPIP-2#393 Warning
Input pipelining  
DSP design_1_i/cnn_accel_top_0/inst/grp_dataflow_parent_loop_proc2_fu_316/dataflow_parent_loop_proc_U0/dataflow_in_loop_Row_Loop_1_U0/compute_and_write_row4_U0/grp_compute_and_write_row4_Pipeline_Acc_TileN_Conv_KY_Conv_KX_Conv_C_fu_306/mul_16s_16s_32_1_1_U366/tmp_product input design_1_i/cnn_accel_top_0/inst/grp_dataflow_parent_loop_proc2_fu_316/dataflow_parent_loop_proc_U0/dataflow_in_loop_Row_Loop_1_U0/compute_and_write_row4_U0/grp_compute_and_write_row4_Pipeline_Acc_TileN_Conv_KY_Conv_KX_Conv_C_fu_306/mul_16s_16s_32_1_1_U366/tmp_product/A[29:0] is not pipelined. Pipelining DSP48 input will improve performance.
Related violations: <none>

DPIP-2#394 Warning
Input pipelining  
DSP design_1_i/cnn_accel_top_0/inst/grp_dataflow_parent_loop_proc2_fu_316/dataflow_parent_loop_proc_U0/dataflow_in_loop_Row_Loop_1_U0/compute_and_write_row4_U0/grp_compute_and_write_row4_Pipeline_Acc_TileN_Conv_KY_Conv_KX_Conv_C_fu_306/mul_16s_16s_32_1_1_U366/tmp_product input design_1_i/cnn_accel_top_0/inst/grp_dataflow_parent_loop_proc2_fu_316/dataflow_parent_loop_proc_U0/dataflow_in_loop_Row_Loop_1_U0/compute_and_write_row4_U0/grp_compute_and_write_row4_Pipeline_Acc_TileN_Conv_KY_Conv_KX_Conv_C_fu_306/mul_16s_16s_32_1_1_U366/tmp_product/B[17:0] is not pipelined. Pipelining DSP48 input will improve performance.
Related violations: <none>

DPIP-2#395 Warning
Input pipelining  
DSP design_1_i/cnn_accel_top_0/inst/grp_dataflow_parent_loop_proc2_fu_316/dataflow_parent_loop_proc_U0/dataflow_in_loop_Row_Loop_1_U0/compute_and_write_row4_U0/grp_compute_and_write_row4_Pipeline_Acc_TileN_Conv_KY_Conv_KX_Conv_C_fu_306/mul_16s_16s_32_1_1_U368/tmp_product input design_1_i/cnn_accel_top_0/inst/grp_dataflow_parent_loop_proc2_fu_316/dataflow_parent_loop_proc_U0/dataflow_in_loop_Row_Loop_1_U0/compute_and_write_row4_U0/grp_compute_and_write_row4_Pipeline_Acc_TileN_Conv_KY_Conv_KX_Conv_C_fu_306/mul_16s_16s_32_1_1_U368/tmp_product/A[29:0] is not pipelined. Pipelining DSP48 input will improve performance.
Related violations: <none>

DPIP-2#396 Warning
Input pipelining  
DSP design_1_i/cnn_accel_top_0/inst/grp_dataflow_parent_loop_proc2_fu_316/dataflow_parent_loop_proc_U0/dataflow_in_loop_Row_Loop_1_U0/compute_and_write_row4_U0/grp_compute_and_write_row4_Pipeline_Acc_TileN_Conv_KY_Conv_KX_Conv_C_fu_306/mul_16s_16s_32_1_1_U368/tmp_product input design_1_i/cnn_accel_top_0/inst/grp_dataflow_parent_loop_proc2_fu_316/dataflow_parent_loop_proc_U0/dataflow_in_loop_Row_Loop_1_U0/compute_and_write_row4_U0/grp_compute_and_write_row4_Pipeline_Acc_TileN_Conv_KY_Conv_KX_Conv_C_fu_306/mul_16s_16s_32_1_1_U368/tmp_product/B[17:0] is not pipelined. Pipelining DSP48 input will improve performance.
Related violations: <none>

DPIP-2#397 Warning
Input pipelining  
DSP design_1_i/cnn_accel_top_0/inst/grp_dataflow_parent_loop_proc2_fu_316/dataflow_parent_loop_proc_U0/dataflow_in_loop_Row_Loop_1_U0/compute_and_write_row4_U0/grp_compute_and_write_row4_Pipeline_Acc_TileN_Conv_KY_Conv_KX_Conv_C_fu_306/mul_16s_16s_32_1_1_U370/tmp_product input design_1_i/cnn_accel_top_0/inst/grp_dataflow_parent_loop_proc2_fu_316/dataflow_parent_loop_proc_U0/dataflow_in_loop_Row_Loop_1_U0/compute_and_write_row4_U0/grp_compute_and_write_row4_Pipeline_Acc_TileN_Conv_KY_Conv_KX_Conv_C_fu_306/mul_16s_16s_32_1_1_U370/tmp_product/A[29:0] is not pipelined. Pipelining DSP48 input will improve performance.
Related violations: <none>

DPIP-2#398 Warning
Input pipelining  
DSP design_1_i/cnn_accel_top_0/inst/grp_dataflow_parent_loop_proc2_fu_316/dataflow_parent_loop_proc_U0/dataflow_in_loop_Row_Loop_1_U0/compute_and_write_row4_U0/grp_compute_and_write_row4_Pipeline_Acc_TileN_Conv_KY_Conv_KX_Conv_C_fu_306/mul_16s_16s_32_1_1_U370/tmp_product input design_1_i/cnn_accel_top_0/inst/grp_dataflow_parent_loop_proc2_fu_316/dataflow_parent_loop_proc_U0/dataflow_in_loop_Row_Loop_1_U0/compute_and_write_row4_U0/grp_compute_and_write_row4_Pipeline_Acc_TileN_Conv_KY_Conv_KX_Conv_C_fu_306/mul_16s_16s_32_1_1_U370/tmp_product/B[17:0] is not pipelined. Pipelining DSP48 input will improve performance.
Related violations: <none>

DPIP-2#399 Warning
Input pipelining  
DSP design_1_i/cnn_accel_top_0/inst/grp_dataflow_parent_loop_proc2_fu_316/dataflow_parent_loop_proc_U0/dataflow_in_loop_Row_Loop_1_U0/compute_and_write_row4_U0/grp_compute_and_write_row4_Pipeline_Acc_TileN_Conv_KY_Conv_KX_Conv_C_fu_306/mul_16s_16s_32_1_1_U372/tmp_product input design_1_i/cnn_accel_top_0/inst/grp_dataflow_parent_loop_proc2_fu_316/dataflow_parent_loop_proc_U0/dataflow_in_loop_Row_Loop_1_U0/compute_and_write_row4_U0/grp_compute_and_write_row4_Pipeline_Acc_TileN_Conv_KY_Conv_KX_Conv_C_fu_306/mul_16s_16s_32_1_1_U372/tmp_product/A[29:0] is not pipelined. Pipelining DSP48 input will improve performance.
Related violations: <none>

DPIP-2#400 Warning
Input pipelining  
DSP design_1_i/cnn_accel_top_0/inst/grp_dataflow_parent_loop_proc2_fu_316/dataflow_parent_loop_proc_U0/dataflow_in_loop_Row_Loop_1_U0/compute_and_write_row4_U0/grp_compute_and_write_row4_Pipeline_Acc_TileN_Conv_KY_Conv_KX_Conv_C_fu_306/mul_16s_16s_32_1_1_U372/tmp_product input design_1_i/cnn_accel_top_0/inst/grp_dataflow_parent_loop_proc2_fu_316/dataflow_parent_loop_proc_U0/dataflow_in_loop_Row_Loop_1_U0/compute_and_write_row4_U0/grp_compute_and_write_row4_Pipeline_Acc_TileN_Conv_KY_Conv_KX_Conv_C_fu_306/mul_16s_16s_32_1_1_U372/tmp_product/B[17:0] is not pipelined. Pipelining DSP48 input will improve performance.
Related violations: <none>

DPIP-2#401 Warning
Input pipelining  
DSP design_1_i/cnn_accel_top_0/inst/grp_dataflow_parent_loop_proc2_fu_316/dataflow_parent_loop_proc_U0/dataflow_in_loop_Row_Loop_1_U0/compute_and_write_row4_U0/grp_compute_and_write_row4_Pipeline_Store_C_Store_M_fu_378/ama_addmuladd_9ns_15ns_8ns_8ns_22_4_1_U455/cnn_accel_top_ama_addmuladd_9ns_15ns_8ns_8ns_22_4_1_DSP48_0_U/p_reg_reg input design_1_i/cnn_accel_top_0/inst/grp_dataflow_parent_loop_proc2_fu_316/dataflow_parent_loop_proc_U0/dataflow_in_loop_Row_Loop_1_U0/compute_and_write_row4_U0/grp_compute_and_write_row4_Pipeline_Store_C_Store_M_fu_378/ama_addmuladd_9ns_15ns_8ns_8ns_22_4_1_U455/cnn_accel_top_ama_addmuladd_9ns_15ns_8ns_8ns_22_4_1_DSP48_0_U/p_reg_reg/A[29:0] is not pipelined. Pipelining DSP48 input will improve performance.
Related violations: <none>

DPIP-2#402 Warning
Input pipelining  
DSP design_1_i/cnn_accel_top_0/inst/grp_dataflow_parent_loop_proc2_fu_316/dataflow_parent_loop_proc_U0/dataflow_in_loop_Row_Loop_1_U0/compute_and_write_row4_U0/grp_compute_and_write_row4_Pipeline_Store_C_Store_M_fu_378/ama_addmuladd_9ns_15ns_8ns_8ns_22_4_1_U455/cnn_accel_top_ama_addmuladd_9ns_15ns_8ns_8ns_22_4_1_DSP48_0_U/p_reg_reg input design_1_i/cnn_accel_top_0/inst/grp_dataflow_parent_loop_proc2_fu_316/dataflow_parent_loop_proc_U0/dataflow_in_loop_Row_Loop_1_U0/compute_and_write_row4_U0/grp_compute_and_write_row4_Pipeline_Store_C_Store_M_fu_378/ama_addmuladd_9ns_15ns_8ns_8ns_22_4_1_U455/cnn_accel_top_ama_addmuladd_9ns_15ns_8ns_8ns_22_4_1_DSP48_0_U/p_reg_reg/C[47:0] is not pipelined. Pipelining DSP48 input will improve performance.
Related violations: <none>

DPIP-2#403 Warning
Input pipelining  
DSP design_1_i/cnn_accel_top_0/inst/grp_dataflow_parent_loop_proc2_fu_316/dataflow_parent_loop_proc_U0/dataflow_in_loop_Row_Loop_1_U0/compute_and_write_row4_U0/mul187_i_reg_829_reg input design_1_i/cnn_accel_top_0/inst/grp_dataflow_parent_loop_proc2_fu_316/dataflow_parent_loop_proc_U0/dataflow_in_loop_Row_Loop_1_U0/compute_and_write_row4_U0/mul187_i_reg_829_reg/A[29:0] is not pipelined. Pipelining DSP48 input will improve performance.
Related violations: <none>

DPIP-2#404 Warning
Input pipelining  
DSP design_1_i/cnn_accel_top_0/inst/grp_dataflow_parent_loop_proc2_fu_316/dataflow_parent_loop_proc_U0/dataflow_in_loop_Row_Loop_1_U0/compute_and_write_row4_U0/mul187_i_reg_829_reg input design_1_i/cnn_accel_top_0/inst/grp_dataflow_parent_loop_proc2_fu_316/dataflow_parent_loop_proc_U0/dataflow_in_loop_Row_Loop_1_U0/compute_and_write_row4_U0/mul187_i_reg_829_reg/B[17:0] is not pipelined. Pipelining DSP48 input will improve performance.
Related violations: <none>

DPIP-2#405 Warning
Input pipelining  
DSP design_1_i/cnn_accel_top_0/inst/grp_dataflow_parent_loop_proc2_fu_316/dataflow_parent_loop_proc_U0/dataflow_in_loop_Row_Loop_1_U0/compute_and_write_row4_U0/mul_ln592_1_reg_844_reg input design_1_i/cnn_accel_top_0/inst/grp_dataflow_parent_loop_proc2_fu_316/dataflow_parent_loop_proc_U0/dataflow_in_loop_Row_Loop_1_U0/compute_and_write_row4_U0/mul_ln592_1_reg_844_reg/A[29:0] is not pipelined. Pipelining DSP48 input will improve performance.
Related violations: <none>

DPIP-2#406 Warning
Input pipelining  
DSP design_1_i/cnn_accel_top_0/inst/grp_dataflow_parent_loop_proc2_fu_316/dataflow_parent_loop_proc_U0/dataflow_in_loop_Row_Loop_1_U0/compute_and_write_row4_U0/mul_ln592_1_reg_844_reg input design_1_i/cnn_accel_top_0/inst/grp_dataflow_parent_loop_proc2_fu_316/dataflow_parent_loop_proc_U0/dataflow_in_loop_Row_Loop_1_U0/compute_and_write_row4_U0/mul_ln592_1_reg_844_reg/B[17:0] is not pipelined. Pipelining DSP48 input will improve performance.
Related violations: <none>

DPIP-2#407 Warning
Input pipelining  
DSP design_1_i/cnn_accel_top_0/inst/grp_dataflow_parent_loop_proc2_fu_316/dataflow_parent_loop_proc_U0/dataflow_in_loop_Row_Loop_1_U0/compute_and_write_row4_U0/mul_ln592_reg_883_reg input design_1_i/cnn_accel_top_0/inst/grp_dataflow_parent_loop_proc2_fu_316/dataflow_parent_loop_proc_U0/dataflow_in_loop_Row_Loop_1_U0/compute_and_write_row4_U0/mul_ln592_reg_883_reg/B[17:0] is not pipelined. Pipelining DSP48 input will improve performance.
Related violations: <none>

DPIP-2#408 Warning
Input pipelining  
DSP design_1_i/cnn_accel_top_0/inst/grp_dataflow_parent_loop_proc2_fu_316/dataflow_parent_loop_proc_U0/dataflow_in_loop_Row_Loop_1_U0/load_line_buffer3_U0/mul_16s_8ns_23_1_1_U117/tmp_product input design_1_i/cnn_accel_top_0/inst/grp_dataflow_parent_loop_proc2_fu_316/dataflow_parent_loop_proc_U0/dataflow_in_loop_Row_Loop_1_U0/load_line_buffer3_U0/mul_16s_8ns_23_1_1_U117/tmp_product/A[29:0] is not pipelined. Pipelining DSP48 input will improve performance.
Related violations: <none>

DPIP-2#409 Warning
Input pipelining  
DSP design_1_i/cnn_accel_top_0/inst/grp_dataflow_parent_loop_proc2_fu_316/dataflow_parent_loop_proc_U0/dataflow_in_loop_Row_Loop_1_U0/load_line_buffer3_U0/mul_ln239_reg_1050_reg input design_1_i/cnn_accel_top_0/inst/grp_dataflow_parent_loop_proc2_fu_316/dataflow_parent_loop_proc_U0/dataflow_in_loop_Row_Loop_1_U0/load_line_buffer3_U0/mul_ln239_reg_1050_reg/A[29:0] is not pipelined. Pipelining DSP48 input will improve performance.
Related violations: <none>

DPIP-2#410 Warning
Input pipelining  
DSP design_1_i/cnn_accel_top_0/inst/grp_dataflow_parent_loop_proc2_fu_316/dataflow_parent_loop_proc_U0/dataflow_in_loop_Row_Loop_1_U0/load_line_buffer3_U0/mul_ln239_reg_1050_reg input design_1_i/cnn_accel_top_0/inst/grp_dataflow_parent_loop_proc2_fu_316/dataflow_parent_loop_proc_U0/dataflow_in_loop_Row_Loop_1_U0/load_line_buffer3_U0/mul_ln239_reg_1050_reg/B[17:0] is not pipelined. Pipelining DSP48 input will improve performance.
Related violations: <none>

DPIP-2#411 Warning
Input pipelining  
DSP design_1_i/cnn_accel_top_0/inst/grp_global_avg_pool_fu_384/grp_global_avg_pool_Pipeline_Acc_Row_Acc_Col_Acc_Ch_fu_1267/add_43s_43s_43_1_1_U725/dout input design_1_i/cnn_accel_top_0/inst/grp_global_avg_pool_fu_384/grp_global_avg_pool_Pipeline_Acc_Row_Acc_Col_Acc_Ch_fu_1267/add_43s_43s_43_1_1_U725/dout/C[47:0] is not pipelined. Pipelining DSP48 input will improve performance.
Related violations: <none>

DPIP-2#412 Warning
Input pipelining  
DSP design_1_i/cnn_accel_top_0/inst/grp_global_avg_pool_fu_384/grp_global_avg_pool_Pipeline_Write_Avg_fu_1533/mul_42s_31ns_73_1_1_U989/tmp_product input design_1_i/cnn_accel_top_0/inst/grp_global_avg_pool_fu_384/grp_global_avg_pool_Pipeline_Write_Avg_fu_1533/mul_42s_31ns_73_1_1_U989/tmp_product/A[29:0] is not pipelined. Pipelining DSP48 input will improve performance.
Related violations: <none>

DPIP-2#413 Warning
Input pipelining  
DSP design_1_i/cnn_accel_top_0/inst/grp_global_avg_pool_fu_384/grp_global_avg_pool_Pipeline_Write_Avg_fu_1533/mul_42s_31ns_73_1_1_U989/tmp_product__0 input design_1_i/cnn_accel_top_0/inst/grp_global_avg_pool_fu_384/grp_global_avg_pool_Pipeline_Write_Avg_fu_1533/mul_42s_31ns_73_1_1_U989/tmp_product__0/A[29:0] is not pipelined. Pipelining DSP48 input will improve performance.
Related violations: <none>

DPIP-2#414 Warning
Input pipelining  
DSP design_1_i/cnn_accel_top_0/inst/grp_global_avg_pool_fu_384/grp_global_avg_pool_Pipeline_Write_Avg_fu_1533/mul_42s_31ns_73_1_1_U989/tmp_product__1 input design_1_i/cnn_accel_top_0/inst/grp_global_avg_pool_fu_384/grp_global_avg_pool_Pipeline_Write_Avg_fu_1533/mul_42s_31ns_73_1_1_U989/tmp_product__1/A[29:0] is not pipelined. Pipelining DSP48 input will improve performance.
Related violations: <none>

DPIP-2#415 Warning
Input pipelining  
DSP design_1_i/cnn_accel_top_0/inst/grp_global_avg_pool_fu_384/mul_8ns_8ns_16_1_1_U1124/tmp_product input design_1_i/cnn_accel_top_0/inst/grp_global_avg_pool_fu_384/mul_8ns_8ns_16_1_1_U1124/tmp_product/A[29:0] is not pipelined. Pipelining DSP48 input will improve performance.
Related violations: <none>

DPIP-2#416 Warning
Input pipelining  
DSP design_1_i/cnn_accel_top_0/inst/grp_global_avg_pool_fu_384/mul_8ns_8ns_16_1_1_U1124/tmp_product input design_1_i/cnn_accel_top_0/inst/grp_global_avg_pool_fu_384/mul_8ns_8ns_16_1_1_U1124/tmp_product/B[17:0] is not pipelined. Pipelining DSP48 input will improve performance.
Related violations: <none>

DPIP-2#417 Warning
Input pipelining  
DSP design_1_i/cnn_accel_top_0/inst/grp_global_avg_pool_fu_384/mul_8ns_8ns_16_1_1_U1128/tmp_product input design_1_i/cnn_accel_top_0/inst/grp_global_avg_pool_fu_384/mul_8ns_8ns_16_1_1_U1128/tmp_product/B[17:0] is not pipelined. Pipelining DSP48 input will improve performance.
Related violations: <none>

DPIP-2#418 Warning
Input pipelining  
DSP design_1_i/cnn_accel_top_0/inst/grp_global_avg_pool_fu_384/mul_ln724_1_reg_4796_reg input design_1_i/cnn_accel_top_0/inst/grp_global_avg_pool_fu_384/mul_ln724_1_reg_4796_reg/A[29:0] is not pipelined. Pipelining DSP48 input will improve performance.
Related violations: <none>

DPIP-2#419 Warning
Input pipelining  
DSP design_1_i/cnn_accel_top_0/inst/grp_global_avg_pool_fu_384/mul_ln724_1_reg_4796_reg input design_1_i/cnn_accel_top_0/inst/grp_global_avg_pool_fu_384/mul_ln724_1_reg_4796_reg/B[17:0] is not pipelined. Pipelining DSP48 input will improve performance.
Related violations: <none>

DPIP-2#420 Warning
Input pipelining  
DSP design_1_i/cnn_accel_top_0/inst/grp_global_avg_pool_fu_384/mul_ln731_1_reg_4382_reg input design_1_i/cnn_accel_top_0/inst/grp_global_avg_pool_fu_384/mul_ln731_1_reg_4382_reg/A[29:0] is not pipelined. Pipelining DSP48 input will improve performance.
Related violations: <none>

DPIP-2#421 Warning
Input pipelining  
DSP design_1_i/cnn_accel_top_0/inst/grp_global_avg_pool_fu_384/mul_ln731_1_reg_4382_reg input design_1_i/cnn_accel_top_0/inst/grp_global_avg_pool_fu_384/mul_ln731_1_reg_4382_reg/B[17:0] is not pipelined. Pipelining DSP48 input will improve performance.
Related violations: <none>

DPIP-2#422 Warning
Input pipelining  
DSP design_1_i/cnn_accel_top_0/inst/grp_load_all_weights_fu_290/am_addmul_7ns_7ns_12ns_19_4_1_U45/cnn_accel_top_am_addmul_7ns_7ns_12ns_19_4_1_DSP48_0_U/b_reg_reg input design_1_i/cnn_accel_top_0/inst/grp_load_all_weights_fu_290/am_addmul_7ns_7ns_12ns_19_4_1_U45/cnn_accel_top_am_addmul_7ns_7ns_12ns_19_4_1_DSP48_0_U/b_reg_reg/A[29:0] is not pipelined. Pipelining DSP48 input will improve performance.
Related violations: <none>

DPIP-2#423 Warning
Input pipelining  
DSP design_1_i/cnn_accel_top_0/inst/grp_load_all_weights_fu_290/am_addmul_7ns_7ns_12ns_19_4_1_U45/cnn_accel_top_am_addmul_7ns_7ns_12ns_19_4_1_DSP48_0_U/b_reg_reg input design_1_i/cnn_accel_top_0/inst/grp_load_all_weights_fu_290/am_addmul_7ns_7ns_12ns_19_4_1_U45/cnn_accel_top_am_addmul_7ns_7ns_12ns_19_4_1_DSP48_0_U/b_reg_reg/B[17:0] is not pipelined. Pipelining DSP48 input will improve performance.
Related violations: <none>

DPIP-2#424 Warning
Input pipelining  
DSP design_1_i/cnn_accel_top_0/inst/grp_load_all_weights_fu_290/am_addmul_7ns_7ns_12ns_19_4_1_U45/cnn_accel_top_am_addmul_7ns_7ns_12ns_19_4_1_DSP48_0_U/p_reg_reg input design_1_i/cnn_accel_top_0/inst/grp_load_all_weights_fu_290/am_addmul_7ns_7ns_12ns_19_4_1_U45/cnn_accel_top_am_addmul_7ns_7ns_12ns_19_4_1_DSP48_0_U/p_reg_reg/B[17:0] is not pipelined. Pipelining DSP48 input will improve performance.
Related violations: <none>

DPIP-2#425 Warning
Input pipelining  
DSP design_1_i/cnn_accel_top_0/inst/grp_load_all_weights_fu_290/empty_232_reg_642_reg input design_1_i/cnn_accel_top_0/inst/grp_load_all_weights_fu_290/empty_232_reg_642_reg/A[29:0] is not pipelined. Pipelining DSP48 input will improve performance.
Related violations: <none>

DPIP-2#426 Warning
Input pipelining  
DSP design_1_i/cnn_accel_top_0/inst/grp_maxpool_2x2_fu_397/mul_8ns_7ns_15_1_1_U1159/tmp_product input design_1_i/cnn_accel_top_0/inst/grp_maxpool_2x2_fu_397/mul_8ns_7ns_15_1_1_U1159/tmp_product/A[29:0] is not pipelined. Pipelining DSP48 input will improve performance.
Related violations: <none>

DPIP-2#427 Warning
Input pipelining  
DSP design_1_i/cnn_accel_top_0/inst/grp_maxpool_2x2_fu_397/mul_8ns_7ns_15_1_1_U1159/tmp_product input design_1_i/cnn_accel_top_0/inst/grp_maxpool_2x2_fu_397/mul_8ns_7ns_15_1_1_U1159/tmp_product/B[17:0] is not pipelined. Pipelining DSP48 input will improve performance.
Related violations: <none>

DPIP-2#428 Warning
Input pipelining  
DSP design_1_i/cnn_accel_top_0/inst/grp_maxpool_2x2_fu_397/mul_8ns_8ns_16_1_1_U1158/tmp_product input design_1_i/cnn_accel_top_0/inst/grp_maxpool_2x2_fu_397/mul_8ns_8ns_16_1_1_U1158/tmp_product/A[29:0] is not pipelined. Pipelining DSP48 input will improve performance.
Related violations: <none>

DPIP-2#429 Warning
Input pipelining  
DSP design_1_i/cnn_accel_top_0/inst/grp_maxpool_2x2_fu_397/mul_8ns_8ns_16_1_1_U1158/tmp_product input design_1_i/cnn_accel_top_0/inst/grp_maxpool_2x2_fu_397/mul_8ns_8ns_16_1_1_U1158/tmp_product/B[17:0] is not pipelined. Pipelining DSP48 input will improve performance.
Related violations: <none>

DPOP-3#1 Warning
PREG Output pipelining  
DSP design_1_i/cnn_accel_top_0/inst/grp_dataflow_parent_loop_proc2_fu_316/dataflow_parent_loop_proc_U0/dataflow_in_loop_Row_Loop_1_U0/compute_and_write_row4_U0/grp_compute_and_write_row4_Pipeline_Acc_TileN_Conv_KY_Conv_KX_Conv_C_fu_306/add_35s_35s_35_1_1_U380/dout output design_1_i/cnn_accel_top_0/inst/grp_dataflow_parent_loop_proc2_fu_316/dataflow_parent_loop_proc_U0/dataflow_in_loop_Row_Loop_1_U0/compute_and_write_row4_U0/grp_compute_and_write_row4_Pipeline_Acc_TileN_Conv_KY_Conv_KX_Conv_C_fu_306/add_35s_35s_35_1_1_U380/dout/P[47:0] is not pipelined (PREG=0). Pipelining the DSP48 output will improve performance and often saves power so it is suggested whenever possible to fully pipeline this function.  If this DSP48 function was inferred, it is suggested to describe an additional register stage after this function.  If the DSP48 was instantiated in the design, it is suggested to set the PREG attribute to 1.
Related violations: <none>

DPOP-3#2 Warning
PREG Output pipelining  
DSP design_1_i/cnn_accel_top_0/inst/grp_dataflow_parent_loop_proc2_fu_316/dataflow_parent_loop_proc_U0/dataflow_in_loop_Row_Loop_1_U0/compute_and_write_row4_U0/grp_compute_and_write_row4_Pipeline_Acc_TileN_Conv_KY_Conv_KX_Conv_C_fu_306/add_35s_35s_35_1_1_U382/dout output design_1_i/cnn_accel_top_0/inst/grp_dataflow_parent_loop_proc2_fu_316/dataflow_parent_loop_proc_U0/dataflow_in_loop_Row_Loop_1_U0/compute_and_write_row4_U0/grp_compute_and_write_row4_Pipeline_Acc_TileN_Conv_KY_Conv_KX_Conv_C_fu_306/add_35s_35s_35_1_1_U382/dout/P[47:0] is not pipelined (PREG=0). Pipelining the DSP48 output will improve performance and often saves power so it is suggested whenever possible to fully pipeline this function.  If this DSP48 function was inferred, it is suggested to describe an additional register stage after this function.  If the DSP48 was instantiated in the design, it is suggested to set the PREG attribute to 1.
Related violations: <none>

DPOP-3#3 Warning
PREG Output pipelining  
DSP design_1_i/cnn_accel_top_0/inst/grp_dataflow_parent_loop_proc2_fu_316/dataflow_parent_loop_proc_U0/dataflow_in_loop_Row_Loop_1_U0/compute_and_write_row4_U0/grp_compute_and_write_row4_Pipeline_Acc_TileN_Conv_KY_Conv_KX_Conv_C_fu_306/add_35s_35s_35_1_1_U384/dout output design_1_i/cnn_accel_top_0/inst/grp_dataflow_parent_loop_proc2_fu_316/dataflow_parent_loop_proc_U0/dataflow_in_loop_Row_Loop_1_U0/compute_and_write_row4_U0/grp_compute_and_write_row4_Pipeline_Acc_TileN_Conv_KY_Conv_KX_Conv_C_fu_306/add_35s_35s_35_1_1_U384/dout/P[47:0] is not pipelined (PREG=0). Pipelining the DSP48 output will improve performance and often saves power so it is suggested whenever possible to fully pipeline this function.  If this DSP48 function was inferred, it is suggested to describe an additional register stage after this function.  If the DSP48 was instantiated in the design, it is suggested to set the PREG attribute to 1.
Related violations: <none>

DPOP-3#4 Warning
PREG Output pipelining  
DSP design_1_i/cnn_accel_top_0/inst/grp_dataflow_parent_loop_proc2_fu_316/dataflow_parent_loop_proc_U0/dataflow_in_loop_Row_Loop_1_U0/compute_and_write_row4_U0/grp_compute_and_write_row4_Pipeline_Acc_TileN_Conv_KY_Conv_KX_Conv_C_fu_306/add_35s_35s_35_1_1_U386/dout output design_1_i/cnn_accel_top_0/inst/grp_dataflow_parent_loop_proc2_fu_316/dataflow_parent_loop_proc_U0/dataflow_in_loop_Row_Loop_1_U0/compute_and_write_row4_U0/grp_compute_and_write_row4_Pipeline_Acc_TileN_Conv_KY_Conv_KX_Conv_C_fu_306/add_35s_35s_35_1_1_U386/dout/P[47:0] is not pipelined (PREG=0). Pipelining the DSP48 output will improve performance and often saves power so it is suggested whenever possible to fully pipeline this function.  If this DSP48 function was inferred, it is suggested to describe an additional register stage after this function.  If the DSP48 was instantiated in the design, it is suggested to set the PREG attribute to 1.
Related violations: <none>

DPOP-3#5 Warning
PREG Output pipelining  
DSP design_1_i/cnn_accel_top_0/inst/grp_dataflow_parent_loop_proc2_fu_316/dataflow_parent_loop_proc_U0/dataflow_in_loop_Row_Loop_1_U0/compute_and_write_row4_U0/grp_compute_and_write_row4_Pipeline_Acc_TileN_Conv_KY_Conv_KX_Conv_C_fu_306/add_35s_35s_35_1_1_U388/dout output design_1_i/cnn_accel_top_0/inst/grp_dataflow_parent_loop_proc2_fu_316/dataflow_parent_loop_proc_U0/dataflow_in_loop_Row_Loop_1_U0/compute_and_write_row4_U0/grp_compute_and_write_row4_Pipeline_Acc_TileN_Conv_KY_Conv_KX_Conv_C_fu_306/add_35s_35s_35_1_1_U388/dout/P[47:0] is not pipelined (PREG=0). Pipelining the DSP48 output will improve performance and often saves power so it is suggested whenever possible to fully pipeline this function.  If this DSP48 function was inferred, it is suggested to describe an additional register stage after this function.  If the DSP48 was instantiated in the design, it is suggested to set the PREG attribute to 1.
Related violations: <none>

DPOP-3#6 Warning
PREG Output pipelining  
DSP design_1_i/cnn_accel_top_0/inst/grp_dataflow_parent_loop_proc2_fu_316/dataflow_parent_loop_proc_U0/dataflow_in_loop_Row_Loop_1_U0/compute_and_write_row4_U0/grp_compute_and_write_row4_Pipeline_Acc_TileN_Conv_KY_Conv_KX_Conv_C_fu_306/add_35s_35s_35_1_1_U390/dout output design_1_i/cnn_accel_top_0/inst/grp_dataflow_parent_loop_proc2_fu_316/dataflow_parent_loop_proc_U0/dataflow_in_loop_Row_Loop_1_U0/compute_and_write_row4_U0/grp_compute_and_write_row4_Pipeline_Acc_TileN_Conv_KY_Conv_KX_Conv_C_fu_306/add_35s_35s_35_1_1_U390/dout/P[47:0] is not pipelined (PREG=0). Pipelining the DSP48 output will improve performance and often saves power so it is suggested whenever possible to fully pipeline this function.  If this DSP48 function was inferred, it is suggested to describe an additional register stage after this function.  If the DSP48 was instantiated in the design, it is suggested to set the PREG attribute to 1.
Related violations: <none>

DPOP-3#7 Warning
PREG Output pipelining  
DSP design_1_i/cnn_accel_top_0/inst/grp_dataflow_parent_loop_proc2_fu_316/dataflow_parent_loop_proc_U0/dataflow_in_loop_Row_Loop_1_U0/compute_and_write_row4_U0/grp_compute_and_write_row4_Pipeline_Acc_TileN_Conv_KY_Conv_KX_Conv_C_fu_306/add_35s_35s_35_1_1_U392/dout output design_1_i/cnn_accel_top_0/inst/grp_dataflow_parent_loop_proc2_fu_316/dataflow_parent_loop_proc_U0/dataflow_in_loop_Row_Loop_1_U0/compute_and_write_row4_U0/grp_compute_and_write_row4_Pipeline_Acc_TileN_Conv_KY_Conv_KX_Conv_C_fu_306/add_35s_35s_35_1_1_U392/dout/P[47:0] is not pipelined (PREG=0). Pipelining the DSP48 output will improve performance and often saves power so it is suggested whenever possible to fully pipeline this function.  If this DSP48 function was inferred, it is suggested to describe an additional register stage after this function.  If the DSP48 was instantiated in the design, it is suggested to set the PREG attribute to 1.
Related violations: <none>

DPOP-3#8 Warning
PREG Output pipelining  
DSP design_1_i/cnn_accel_top_0/inst/grp_dataflow_parent_loop_proc2_fu_316/dataflow_parent_loop_proc_U0/dataflow_in_loop_Row_Loop_1_U0/compute_and_write_row4_U0/grp_compute_and_write_row4_Pipeline_Acc_TileN_Conv_KY_Conv_KX_Conv_C_fu_306/add_35s_35s_35_1_1_U394/dout output design_1_i/cnn_accel_top_0/inst/grp_dataflow_parent_loop_proc2_fu_316/dataflow_parent_loop_proc_U0/dataflow_in_loop_Row_Loop_1_U0/compute_and_write_row4_U0/grp_compute_and_write_row4_Pipeline_Acc_TileN_Conv_KY_Conv_KX_Conv_C_fu_306/add_35s_35s_35_1_1_U394/dout/P[47:0] is not pipelined (PREG=0). Pipelining the DSP48 output will improve performance and often saves power so it is suggested whenever possible to fully pipeline this function.  If this DSP48 function was inferred, it is suggested to describe an additional register stage after this function.  If the DSP48 was instantiated in the design, it is suggested to set the PREG attribute to 1.
Related violations: <none>

DPOP-3#9 Warning
PREG Output pipelining  
DSP design_1_i/cnn_accel_top_0/inst/grp_dataflow_parent_loop_proc2_fu_316/dataflow_parent_loop_proc_U0/dataflow_in_loop_Row_Loop_1_U0/compute_and_write_row4_U0/grp_compute_and_write_row4_Pipeline_Acc_TileN_Conv_KY_Conv_KX_Conv_C_fu_306/add_35s_35s_35_1_1_U396/dout output design_1_i/cnn_accel_top_0/inst/grp_dataflow_parent_loop_proc2_fu_316/dataflow_parent_loop_proc_U0/dataflow_in_loop_Row_Loop_1_U0/compute_and_write_row4_U0/grp_compute_and_write_row4_Pipeline_Acc_TileN_Conv_KY_Conv_KX_Conv_C_fu_306/add_35s_35s_35_1_1_U396/dout/P[47:0] is not pipelined (PREG=0). Pipelining the DSP48 output will improve performance and often saves power so it is suggested whenever possible to fully pipeline this function.  If this DSP48 function was inferred, it is suggested to describe an additional register stage after this function.  If the DSP48 was instantiated in the design, it is suggested to set the PREG attribute to 1.
Related violations: <none>

DPOP-3#10 Warning
PREG Output pipelining  
DSP design_1_i/cnn_accel_top_0/inst/grp_dataflow_parent_loop_proc2_fu_316/dataflow_parent_loop_proc_U0/dataflow_in_loop_Row_Loop_1_U0/compute_and_write_row4_U0/grp_compute_and_write_row4_Pipeline_Acc_TileN_Conv_KY_Conv_KX_Conv_C_fu_306/add_35s_35s_35_1_1_U398/dout output design_1_i/cnn_accel_top_0/inst/grp_dataflow_parent_loop_proc2_fu_316/dataflow_parent_loop_proc_U0/dataflow_in_loop_Row_Loop_1_U0/compute_and_write_row4_U0/grp_compute_and_write_row4_Pipeline_Acc_TileN_Conv_KY_Conv_KX_Conv_C_fu_306/add_35s_35s_35_1_1_U398/dout/P[47:0] is not pipelined (PREG=0). Pipelining the DSP48 output will improve performance and often saves power so it is suggested whenever possible to fully pipeline this function.  If this DSP48 function was inferred, it is suggested to describe an additional register stage after this function.  If the DSP48 was instantiated in the design, it is suggested to set the PREG attribute to 1.
Related violations: <none>

DPOP-3#11 Warning
PREG Output pipelining  
DSP design_1_i/cnn_accel_top_0/inst/grp_dataflow_parent_loop_proc2_fu_316/dataflow_parent_loop_proc_U0/dataflow_in_loop_Row_Loop_1_U0/compute_and_write_row4_U0/grp_compute_and_write_row4_Pipeline_Acc_TileN_Conv_KY_Conv_KX_Conv_C_fu_306/add_35s_35s_35_1_1_U400/dout output design_1_i/cnn_accel_top_0/inst/grp_dataflow_parent_loop_proc2_fu_316/dataflow_parent_loop_proc_U0/dataflow_in_loop_Row_Loop_1_U0/compute_and_write_row4_U0/grp_compute_and_write_row4_Pipeline_Acc_TileN_Conv_KY_Conv_KX_Conv_C_fu_306/add_35s_35s_35_1_1_U400/dout/P[47:0] is not pipelined (PREG=0). Pipelining the DSP48 output will improve performance and often saves power so it is suggested whenever possible to fully pipeline this function.  If this DSP48 function was inferred, it is suggested to describe an additional register stage after this function.  If the DSP48 was instantiated in the design, it is suggested to set the PREG attribute to 1.
Related violations: <none>

DPOP-3#12 Warning
PREG Output pipelining  
DSP design_1_i/cnn_accel_top_0/inst/grp_dataflow_parent_loop_proc2_fu_316/dataflow_parent_loop_proc_U0/dataflow_in_loop_Row_Loop_1_U0/compute_and_write_row4_U0/grp_compute_and_write_row4_Pipeline_Acc_TileN_Conv_KY_Conv_KX_Conv_C_fu_306/add_35s_35s_35_1_1_U402/dout output design_1_i/cnn_accel_top_0/inst/grp_dataflow_parent_loop_proc2_fu_316/dataflow_parent_loop_proc_U0/dataflow_in_loop_Row_Loop_1_U0/compute_and_write_row4_U0/grp_compute_and_write_row4_Pipeline_Acc_TileN_Conv_KY_Conv_KX_Conv_C_fu_306/add_35s_35s_35_1_1_U402/dout/P[47:0] is not pipelined (PREG=0). Pipelining the DSP48 output will improve performance and often saves power so it is suggested whenever possible to fully pipeline this function.  If this DSP48 function was inferred, it is suggested to describe an additional register stage after this function.  If the DSP48 was instantiated in the design, it is suggested to set the PREG attribute to 1.
Related violations: <none>

DPOP-3#13 Warning
PREG Output pipelining  
DSP design_1_i/cnn_accel_top_0/inst/grp_dataflow_parent_loop_proc2_fu_316/dataflow_parent_loop_proc_U0/dataflow_in_loop_Row_Loop_1_U0/compute_and_write_row4_U0/grp_compute_and_write_row4_Pipeline_Acc_TileN_Conv_KY_Conv_KX_Conv_C_fu_306/add_35s_35s_35_1_1_U404/dout output design_1_i/cnn_accel_top_0/inst/grp_dataflow_parent_loop_proc2_fu_316/dataflow_parent_loop_proc_U0/dataflow_in_loop_Row_Loop_1_U0/compute_and_write_row4_U0/grp_compute_and_write_row4_Pipeline_Acc_TileN_Conv_KY_Conv_KX_Conv_C_fu_306/add_35s_35s_35_1_1_U404/dout/P[47:0] is not pipelined (PREG=0). Pipelining the DSP48 output will improve performance and often saves power so it is suggested whenever possible to fully pipeline this function.  If this DSP48 function was inferred, it is suggested to describe an additional register stage after this function.  If the DSP48 was instantiated in the design, it is suggested to set the PREG attribute to 1.
Related violations: <none>

DPOP-3#14 Warning
PREG Output pipelining  
DSP design_1_i/cnn_accel_top_0/inst/grp_dataflow_parent_loop_proc2_fu_316/dataflow_parent_loop_proc_U0/dataflow_in_loop_Row_Loop_1_U0/compute_and_write_row4_U0/grp_compute_and_write_row4_Pipeline_Acc_TileN_Conv_KY_Conv_KX_Conv_C_fu_306/add_35s_35s_35_1_1_U406/dout output design_1_i/cnn_accel_top_0/inst/grp_dataflow_parent_loop_proc2_fu_316/dataflow_parent_loop_proc_U0/dataflow_in_loop_Row_Loop_1_U0/compute_and_write_row4_U0/grp_compute_and_write_row4_Pipeline_Acc_TileN_Conv_KY_Conv_KX_Conv_C_fu_306/add_35s_35s_35_1_1_U406/dout/P[47:0] is not pipelined (PREG=0). Pipelining the DSP48 output will improve performance and often saves power so it is suggested whenever possible to fully pipeline this function.  If this DSP48 function was inferred, it is suggested to describe an additional register stage after this function.  If the DSP48 was instantiated in the design, it is suggested to set the PREG attribute to 1.
Related violations: <none>

DPOP-3#15 Warning
PREG Output pipelining  
DSP design_1_i/cnn_accel_top_0/inst/grp_dataflow_parent_loop_proc2_fu_316/dataflow_parent_loop_proc_U0/dataflow_in_loop_Row_Loop_1_U0/compute_and_write_row4_U0/grp_compute_and_write_row4_Pipeline_Acc_TileN_Conv_KY_Conv_KX_Conv_C_fu_306/add_35s_35s_35_1_1_U408/dout output design_1_i/cnn_accel_top_0/inst/grp_dataflow_parent_loop_proc2_fu_316/dataflow_parent_loop_proc_U0/dataflow_in_loop_Row_Loop_1_U0/compute_and_write_row4_U0/grp_compute_and_write_row4_Pipeline_Acc_TileN_Conv_KY_Conv_KX_Conv_C_fu_306/add_35s_35s_35_1_1_U408/dout/P[47:0] is not pipelined (PREG=0). Pipelining the DSP48 output will improve performance and often saves power so it is suggested whenever possible to fully pipeline this function.  If this DSP48 function was inferred, it is suggested to describe an additional register stage after this function.  If the DSP48 was instantiated in the design, it is suggested to set the PREG attribute to 1.
Related violations: <none>

DPOP-3#16 Warning
PREG Output pipelining  
DSP design_1_i/cnn_accel_top_0/inst/grp_dataflow_parent_loop_proc2_fu_316/dataflow_parent_loop_proc_U0/dataflow_in_loop_Row_Loop_1_U0/compute_and_write_row4_U0/grp_compute_and_write_row4_Pipeline_Acc_TileN_Conv_KY_Conv_KX_Conv_C_fu_306/add_35s_35s_35_1_1_U410/dout output design_1_i/cnn_accel_top_0/inst/grp_dataflow_parent_loop_proc2_fu_316/dataflow_parent_loop_proc_U0/dataflow_in_loop_Row_Loop_1_U0/compute_and_write_row4_U0/grp_compute_and_write_row4_Pipeline_Acc_TileN_Conv_KY_Conv_KX_Conv_C_fu_306/add_35s_35s_35_1_1_U410/dout/P[47:0] is not pipelined (PREG=0). Pipelining the DSP48 output will improve performance and often saves power so it is suggested whenever possible to fully pipeline this function.  If this DSP48 function was inferred, it is suggested to describe an additional register stage after this function.  If the DSP48 was instantiated in the design, it is suggested to set the PREG attribute to 1.
Related violations: <none>

DPOP-3#17 Warning
PREG Output pipelining  
DSP design_1_i/cnn_accel_top_0/inst/grp_dataflow_parent_loop_proc2_fu_316/dataflow_parent_loop_proc_U0/dataflow_in_loop_Row_Loop_1_U0/compute_and_write_row4_U0/grp_compute_and_write_row4_Pipeline_Acc_TileN_Conv_KY_Conv_KX_Conv_C_fu_306/add_42ns_42s_42_1_1_U381/dout output design_1_i/cnn_accel_top_0/inst/grp_dataflow_parent_loop_proc2_fu_316/dataflow_parent_loop_proc_U0/dataflow_in_loop_Row_Loop_1_U0/compute_and_write_row4_U0/grp_compute_and_write_row4_Pipeline_Acc_TileN_Conv_KY_Conv_KX_Conv_C_fu_306/add_42ns_42s_42_1_1_U381/dout/P[47:0] is not pipelined (PREG=0). Pipelining the DSP48 output will improve performance and often saves power so it is suggested whenever possible to fully pipeline this function.  If this DSP48 function was inferred, it is suggested to describe an additional register stage after this function.  If the DSP48 was instantiated in the design, it is suggested to set the PREG attribute to 1.
Related violations: <none>

DPOP-3#18 Warning
PREG Output pipelining  
DSP design_1_i/cnn_accel_top_0/inst/grp_dataflow_parent_loop_proc2_fu_316/dataflow_parent_loop_proc_U0/dataflow_in_loop_Row_Loop_1_U0/compute_and_write_row4_U0/grp_compute_and_write_row4_Pipeline_Acc_TileN_Conv_KY_Conv_KX_Conv_C_fu_306/add_42ns_42s_42_1_1_U383/dout output design_1_i/cnn_accel_top_0/inst/grp_dataflow_parent_loop_proc2_fu_316/dataflow_parent_loop_proc_U0/dataflow_in_loop_Row_Loop_1_U0/compute_and_write_row4_U0/grp_compute_and_write_row4_Pipeline_Acc_TileN_Conv_KY_Conv_KX_Conv_C_fu_306/add_42ns_42s_42_1_1_U383/dout/P[47:0] is not pipelined (PREG=0). Pipelining the DSP48 output will improve performance and often saves power so it is suggested whenever possible to fully pipeline this function.  If this DSP48 function was inferred, it is suggested to describe an additional register stage after this function.  If the DSP48 was instantiated in the design, it is suggested to set the PREG attribute to 1.
Related violations: <none>

DPOP-3#19 Warning
PREG Output pipelining  
DSP design_1_i/cnn_accel_top_0/inst/grp_dataflow_parent_loop_proc2_fu_316/dataflow_parent_loop_proc_U0/dataflow_in_loop_Row_Loop_1_U0/compute_and_write_row4_U0/grp_compute_and_write_row4_Pipeline_Acc_TileN_Conv_KY_Conv_KX_Conv_C_fu_306/add_42ns_42s_42_1_1_U385/dout output design_1_i/cnn_accel_top_0/inst/grp_dataflow_parent_loop_proc2_fu_316/dataflow_parent_loop_proc_U0/dataflow_in_loop_Row_Loop_1_U0/compute_and_write_row4_U0/grp_compute_and_write_row4_Pipeline_Acc_TileN_Conv_KY_Conv_KX_Conv_C_fu_306/add_42ns_42s_42_1_1_U385/dout/P[47:0] is not pipelined (PREG=0). Pipelining the DSP48 output will improve performance and often saves power so it is suggested whenever possible to fully pipeline this function.  If this DSP48 function was inferred, it is suggested to describe an additional register stage after this function.  If the DSP48 was instantiated in the design, it is suggested to set the PREG attribute to 1.
Related violations: <none>

DPOP-3#20 Warning
PREG Output pipelining  
DSP design_1_i/cnn_accel_top_0/inst/grp_dataflow_parent_loop_proc2_fu_316/dataflow_parent_loop_proc_U0/dataflow_in_loop_Row_Loop_1_U0/compute_and_write_row4_U0/grp_compute_and_write_row4_Pipeline_Acc_TileN_Conv_KY_Conv_KX_Conv_C_fu_306/add_42ns_42s_42_1_1_U387/dout output design_1_i/cnn_accel_top_0/inst/grp_dataflow_parent_loop_proc2_fu_316/dataflow_parent_loop_proc_U0/dataflow_in_loop_Row_Loop_1_U0/compute_and_write_row4_U0/grp_compute_and_write_row4_Pipeline_Acc_TileN_Conv_KY_Conv_KX_Conv_C_fu_306/add_42ns_42s_42_1_1_U387/dout/P[47:0] is not pipelined (PREG=0). Pipelining the DSP48 output will improve performance and often saves power so it is suggested whenever possible to fully pipeline this function.  If this DSP48 function was inferred, it is suggested to describe an additional register stage after this function.  If the DSP48 was instantiated in the design, it is suggested to set the PREG attribute to 1.
Related violations: <none>

DPOP-3#21 Warning
PREG Output pipelining  
DSP design_1_i/cnn_accel_top_0/inst/grp_dataflow_parent_loop_proc2_fu_316/dataflow_parent_loop_proc_U0/dataflow_in_loop_Row_Loop_1_U0/compute_and_write_row4_U0/grp_compute_and_write_row4_Pipeline_Acc_TileN_Conv_KY_Conv_KX_Conv_C_fu_306/add_42ns_42s_42_1_1_U389/dout output design_1_i/cnn_accel_top_0/inst/grp_dataflow_parent_loop_proc2_fu_316/dataflow_parent_loop_proc_U0/dataflow_in_loop_Row_Loop_1_U0/compute_and_write_row4_U0/grp_compute_and_write_row4_Pipeline_Acc_TileN_Conv_KY_Conv_KX_Conv_C_fu_306/add_42ns_42s_42_1_1_U389/dout/P[47:0] is not pipelined (PREG=0). Pipelining the DSP48 output will improve performance and often saves power so it is suggested whenever possible to fully pipeline this function.  If this DSP48 function was inferred, it is suggested to describe an additional register stage after this function.  If the DSP48 was instantiated in the design, it is suggested to set the PREG attribute to 1.
Related violations: <none>

DPOP-3#22 Warning
PREG Output pipelining  
DSP design_1_i/cnn_accel_top_0/inst/grp_dataflow_parent_loop_proc2_fu_316/dataflow_parent_loop_proc_U0/dataflow_in_loop_Row_Loop_1_U0/compute_and_write_row4_U0/grp_compute_and_write_row4_Pipeline_Acc_TileN_Conv_KY_Conv_KX_Conv_C_fu_306/add_42ns_42s_42_1_1_U391/dout output design_1_i/cnn_accel_top_0/inst/grp_dataflow_parent_loop_proc2_fu_316/dataflow_parent_loop_proc_U0/dataflow_in_loop_Row_Loop_1_U0/compute_and_write_row4_U0/grp_compute_and_write_row4_Pipeline_Acc_TileN_Conv_KY_Conv_KX_Conv_C_fu_306/add_42ns_42s_42_1_1_U391/dout/P[47:0] is not pipelined (PREG=0). Pipelining the DSP48 output will improve performance and often saves power so it is suggested whenever possible to fully pipeline this function.  If this DSP48 function was inferred, it is suggested to describe an additional register stage after this function.  If the DSP48 was instantiated in the design, it is suggested to set the PREG attribute to 1.
Related violations: <none>

DPOP-3#23 Warning
PREG Output pipelining  
DSP design_1_i/cnn_accel_top_0/inst/grp_dataflow_parent_loop_proc2_fu_316/dataflow_parent_loop_proc_U0/dataflow_in_loop_Row_Loop_1_U0/compute_and_write_row4_U0/grp_compute_and_write_row4_Pipeline_Acc_TileN_Conv_KY_Conv_KX_Conv_C_fu_306/add_42ns_42s_42_1_1_U393/dout output design_1_i/cnn_accel_top_0/inst/grp_dataflow_parent_loop_proc2_fu_316/dataflow_parent_loop_proc_U0/dataflow_in_loop_Row_Loop_1_U0/compute_and_write_row4_U0/grp_compute_and_write_row4_Pipeline_Acc_TileN_Conv_KY_Conv_KX_Conv_C_fu_306/add_42ns_42s_42_1_1_U393/dout/P[47:0] is not pipelined (PREG=0). Pipelining the DSP48 output will improve performance and often saves power so it is suggested whenever possible to fully pipeline this function.  If this DSP48 function was inferred, it is suggested to describe an additional register stage after this function.  If the DSP48 was instantiated in the design, it is suggested to set the PREG attribute to 1.
Related violations: <none>

DPOP-3#24 Warning
PREG Output pipelining  
DSP design_1_i/cnn_accel_top_0/inst/grp_dataflow_parent_loop_proc2_fu_316/dataflow_parent_loop_proc_U0/dataflow_in_loop_Row_Loop_1_U0/compute_and_write_row4_U0/grp_compute_and_write_row4_Pipeline_Acc_TileN_Conv_KY_Conv_KX_Conv_C_fu_306/add_42ns_42s_42_1_1_U395/dout output design_1_i/cnn_accel_top_0/inst/grp_dataflow_parent_loop_proc2_fu_316/dataflow_parent_loop_proc_U0/dataflow_in_loop_Row_Loop_1_U0/compute_and_write_row4_U0/grp_compute_and_write_row4_Pipeline_Acc_TileN_Conv_KY_Conv_KX_Conv_C_fu_306/add_42ns_42s_42_1_1_U395/dout/P[47:0] is not pipelined (PREG=0). Pipelining the DSP48 output will improve performance and often saves power so it is suggested whenever possible to fully pipeline this function.  If this DSP48 function was inferred, it is suggested to describe an additional register stage after this function.  If the DSP48 was instantiated in the design, it is suggested to set the PREG attribute to 1.
Related violations: <none>

DPOP-3#25 Warning
PREG Output pipelining  
DSP design_1_i/cnn_accel_top_0/inst/grp_dataflow_parent_loop_proc2_fu_316/dataflow_parent_loop_proc_U0/dataflow_in_loop_Row_Loop_1_U0/compute_and_write_row4_U0/grp_compute_and_write_row4_Pipeline_Acc_TileN_Conv_KY_Conv_KX_Conv_C_fu_306/add_42ns_42s_42_1_1_U397/dout output design_1_i/cnn_accel_top_0/inst/grp_dataflow_parent_loop_proc2_fu_316/dataflow_parent_loop_proc_U0/dataflow_in_loop_Row_Loop_1_U0/compute_and_write_row4_U0/grp_compute_and_write_row4_Pipeline_Acc_TileN_Conv_KY_Conv_KX_Conv_C_fu_306/add_42ns_42s_42_1_1_U397/dout/P[47:0] is not pipelined (PREG=0). Pipelining the DSP48 output will improve performance and often saves power so it is suggested whenever possible to fully pipeline this function.  If this DSP48 function was inferred, it is suggested to describe an additional register stage after this function.  If the DSP48 was instantiated in the design, it is suggested to set the PREG attribute to 1.
Related violations: <none>

DPOP-3#26 Warning
PREG Output pipelining  
DSP design_1_i/cnn_accel_top_0/inst/grp_dataflow_parent_loop_proc2_fu_316/dataflow_parent_loop_proc_U0/dataflow_in_loop_Row_Loop_1_U0/compute_and_write_row4_U0/grp_compute_and_write_row4_Pipeline_Acc_TileN_Conv_KY_Conv_KX_Conv_C_fu_306/add_42ns_42s_42_1_1_U399/dout output design_1_i/cnn_accel_top_0/inst/grp_dataflow_parent_loop_proc2_fu_316/dataflow_parent_loop_proc_U0/dataflow_in_loop_Row_Loop_1_U0/compute_and_write_row4_U0/grp_compute_and_write_row4_Pipeline_Acc_TileN_Conv_KY_Conv_KX_Conv_C_fu_306/add_42ns_42s_42_1_1_U399/dout/P[47:0] is not pipelined (PREG=0). Pipelining the DSP48 output will improve performance and often saves power so it is suggested whenever possible to fully pipeline this function.  If this DSP48 function was inferred, it is suggested to describe an additional register stage after this function.  If the DSP48 was instantiated in the design, it is suggested to set the PREG attribute to 1.
Related violations: <none>

DPOP-3#27 Warning
PREG Output pipelining  
DSP design_1_i/cnn_accel_top_0/inst/grp_dataflow_parent_loop_proc2_fu_316/dataflow_parent_loop_proc_U0/dataflow_in_loop_Row_Loop_1_U0/compute_and_write_row4_U0/grp_compute_and_write_row4_Pipeline_Acc_TileN_Conv_KY_Conv_KX_Conv_C_fu_306/add_42ns_42s_42_1_1_U401/dout output design_1_i/cnn_accel_top_0/inst/grp_dataflow_parent_loop_proc2_fu_316/dataflow_parent_loop_proc_U0/dataflow_in_loop_Row_Loop_1_U0/compute_and_write_row4_U0/grp_compute_and_write_row4_Pipeline_Acc_TileN_Conv_KY_Conv_KX_Conv_C_fu_306/add_42ns_42s_42_1_1_U401/dout/P[47:0] is not pipelined (PREG=0). Pipelining the DSP48 output will improve performance and often saves power so it is suggested whenever possible to fully pipeline this function.  If this DSP48 function was inferred, it is suggested to describe an additional register stage after this function.  If the DSP48 was instantiated in the design, it is suggested to set the PREG attribute to 1.
Related violations: <none>

DPOP-3#28 Warning
PREG Output pipelining  
DSP design_1_i/cnn_accel_top_0/inst/grp_dataflow_parent_loop_proc2_fu_316/dataflow_parent_loop_proc_U0/dataflow_in_loop_Row_Loop_1_U0/compute_and_write_row4_U0/grp_compute_and_write_row4_Pipeline_Acc_TileN_Conv_KY_Conv_KX_Conv_C_fu_306/add_42ns_42s_42_1_1_U403/dout output design_1_i/cnn_accel_top_0/inst/grp_dataflow_parent_loop_proc2_fu_316/dataflow_parent_loop_proc_U0/dataflow_in_loop_Row_Loop_1_U0/compute_and_write_row4_U0/grp_compute_and_write_row4_Pipeline_Acc_TileN_Conv_KY_Conv_KX_Conv_C_fu_306/add_42ns_42s_42_1_1_U403/dout/P[47:0] is not pipelined (PREG=0). Pipelining the DSP48 output will improve performance and often saves power so it is suggested whenever possible to fully pipeline this function.  If this DSP48 function was inferred, it is suggested to describe an additional register stage after this function.  If the DSP48 was instantiated in the design, it is suggested to set the PREG attribute to 1.
Related violations: <none>

DPOP-3#29 Warning
PREG Output pipelining  
DSP design_1_i/cnn_accel_top_0/inst/grp_dataflow_parent_loop_proc2_fu_316/dataflow_parent_loop_proc_U0/dataflow_in_loop_Row_Loop_1_U0/compute_and_write_row4_U0/grp_compute_and_write_row4_Pipeline_Acc_TileN_Conv_KY_Conv_KX_Conv_C_fu_306/add_42ns_42s_42_1_1_U405/dout output design_1_i/cnn_accel_top_0/inst/grp_dataflow_parent_loop_proc2_fu_316/dataflow_parent_loop_proc_U0/dataflow_in_loop_Row_Loop_1_U0/compute_and_write_row4_U0/grp_compute_and_write_row4_Pipeline_Acc_TileN_Conv_KY_Conv_KX_Conv_C_fu_306/add_42ns_42s_42_1_1_U405/dout/P[47:0] is not pipelined (PREG=0). Pipelining the DSP48 output will improve performance and often saves power so it is suggested whenever possible to fully pipeline this function.  If this DSP48 function was inferred, it is suggested to describe an additional register stage after this function.  If the DSP48 was instantiated in the design, it is suggested to set the PREG attribute to 1.
Related violations: <none>

DPOP-3#30 Warning
PREG Output pipelining  
DSP design_1_i/cnn_accel_top_0/inst/grp_dataflow_parent_loop_proc2_fu_316/dataflow_parent_loop_proc_U0/dataflow_in_loop_Row_Loop_1_U0/compute_and_write_row4_U0/grp_compute_and_write_row4_Pipeline_Acc_TileN_Conv_KY_Conv_KX_Conv_C_fu_306/add_42ns_42s_42_1_1_U407/dout output design_1_i/cnn_accel_top_0/inst/grp_dataflow_parent_loop_proc2_fu_316/dataflow_parent_loop_proc_U0/dataflow_in_loop_Row_Loop_1_U0/compute_and_write_row4_U0/grp_compute_and_write_row4_Pipeline_Acc_TileN_Conv_KY_Conv_KX_Conv_C_fu_306/add_42ns_42s_42_1_1_U407/dout/P[47:0] is not pipelined (PREG=0). Pipelining the DSP48 output will improve performance and often saves power so it is suggested whenever possible to fully pipeline this function.  If this DSP48 function was inferred, it is suggested to describe an additional register stage after this function.  If the DSP48 was instantiated in the design, it is suggested to set the PREG attribute to 1.
Related violations: <none>

DPOP-3#31 Warning
PREG Output pipelining  
DSP design_1_i/cnn_accel_top_0/inst/grp_dataflow_parent_loop_proc2_fu_316/dataflow_parent_loop_proc_U0/dataflow_in_loop_Row_Loop_1_U0/compute_and_write_row4_U0/grp_compute_and_write_row4_Pipeline_Acc_TileN_Conv_KY_Conv_KX_Conv_C_fu_306/add_42ns_42s_42_1_1_U409/dout output design_1_i/cnn_accel_top_0/inst/grp_dataflow_parent_loop_proc2_fu_316/dataflow_parent_loop_proc_U0/dataflow_in_loop_Row_Loop_1_U0/compute_and_write_row4_U0/grp_compute_and_write_row4_Pipeline_Acc_TileN_Conv_KY_Conv_KX_Conv_C_fu_306/add_42ns_42s_42_1_1_U409/dout/P[47:0] is not pipelined (PREG=0). Pipelining the DSP48 output will improve performance and often saves power so it is suggested whenever possible to fully pipeline this function.  If this DSP48 function was inferred, it is suggested to describe an additional register stage after this function.  If the DSP48 was instantiated in the design, it is suggested to set the PREG attribute to 1.
Related violations: <none>

DPOP-3#32 Warning
PREG Output pipelining  
DSP design_1_i/cnn_accel_top_0/inst/grp_dataflow_parent_loop_proc2_fu_316/dataflow_parent_loop_proc_U0/dataflow_in_loop_Row_Loop_1_U0/compute_and_write_row4_U0/grp_compute_and_write_row4_Pipeline_Acc_TileN_Conv_KY_Conv_KX_Conv_C_fu_306/add_42ns_42s_42_1_1_U411/dout output design_1_i/cnn_accel_top_0/inst/grp_dataflow_parent_loop_proc2_fu_316/dataflow_parent_loop_proc_U0/dataflow_in_loop_Row_Loop_1_U0/compute_and_write_row4_U0/grp_compute_and_write_row4_Pipeline_Acc_TileN_Conv_KY_Conv_KX_Conv_C_fu_306/add_42ns_42s_42_1_1_U411/dout/P[47:0] is not pipelined (PREG=0). Pipelining the DSP48 output will improve performance and often saves power so it is suggested whenever possible to fully pipeline this function.  If this DSP48 function was inferred, it is suggested to describe an additional register stage after this function.  If the DSP48 was instantiated in the design, it is suggested to set the PREG attribute to 1.
Related violations: <none>

DPOP-3#33 Warning
PREG Output pipelining  
DSP design_1_i/cnn_accel_top_0/inst/grp_dataflow_parent_loop_proc2_fu_316/dataflow_parent_loop_proc_U0/dataflow_in_loop_Row_Loop_1_U0/compute_and_write_row4_U0/grp_compute_and_write_row4_Pipeline_Acc_TileN_Conv_KY_Conv_KX_Conv_C_fu_306/mul_16s_16s_32_1_1_U156/tmp_product output design_1_i/cnn_accel_top_0/inst/grp_dataflow_parent_loop_proc2_fu_316/dataflow_parent_loop_proc_U0/dataflow_in_loop_Row_Loop_1_U0/compute_and_write_row4_U0/grp_compute_and_write_row4_Pipeline_Acc_TileN_Conv_KY_Conv_KX_Conv_C_fu_306/mul_16s_16s_32_1_1_U156/tmp_product/P[47:0] is not pipelined (PREG=0). Pipelining the DSP48 output will improve performance and often saves power so it is suggested whenever possible to fully pipeline this function.  If this DSP48 function was inferred, it is suggested to describe an additional register stage after this function.  If the DSP48 was instantiated in the design, it is suggested to set the PREG attribute to 1.
Related violations: <none>

DPOP-3#34 Warning
PREG Output pipelining  
DSP design_1_i/cnn_accel_top_0/inst/grp_dataflow_parent_loop_proc2_fu_316/dataflow_parent_loop_proc_U0/dataflow_in_loop_Row_Loop_1_U0/compute_and_write_row4_U0/grp_compute_and_write_row4_Pipeline_Acc_TileN_Conv_KY_Conv_KX_Conv_C_fu_306/mul_16s_16s_32_1_1_U158/tmp_product output design_1_i/cnn_accel_top_0/inst/grp_dataflow_parent_loop_proc2_fu_316/dataflow_parent_loop_proc_U0/dataflow_in_loop_Row_Loop_1_U0/compute_and_write_row4_U0/grp_compute_and_write_row4_Pipeline_Acc_TileN_Conv_KY_Conv_KX_Conv_C_fu_306/mul_16s_16s_32_1_1_U158/tmp_product/P[47:0] is not pipelined (PREG=0). Pipelining the DSP48 output will improve performance and often saves power so it is suggested whenever possible to fully pipeline this function.  If this DSP48 function was inferred, it is suggested to describe an additional register stage after this function.  If the DSP48 was instantiated in the design, it is suggested to set the PREG attribute to 1.
Related violations: <none>

DPOP-3#35 Warning
PREG Output pipelining  
DSP design_1_i/cnn_accel_top_0/inst/grp_dataflow_parent_loop_proc2_fu_316/dataflow_parent_loop_proc_U0/dataflow_in_loop_Row_Loop_1_U0/compute_and_write_row4_U0/grp_compute_and_write_row4_Pipeline_Acc_TileN_Conv_KY_Conv_KX_Conv_C_fu_306/mul_16s_16s_32_1_1_U160/tmp_product output design_1_i/cnn_accel_top_0/inst/grp_dataflow_parent_loop_proc2_fu_316/dataflow_parent_loop_proc_U0/dataflow_in_loop_Row_Loop_1_U0/compute_and_write_row4_U0/grp_compute_and_write_row4_Pipeline_Acc_TileN_Conv_KY_Conv_KX_Conv_C_fu_306/mul_16s_16s_32_1_1_U160/tmp_product/P[47:0] is not pipelined (PREG=0). Pipelining the DSP48 output will improve performance and often saves power so it is suggested whenever possible to fully pipeline this function.  If this DSP48 function was inferred, it is suggested to describe an additional register stage after this function.  If the DSP48 was instantiated in the design, it is suggested to set the PREG attribute to 1.
Related violations: <none>

DPOP-3#36 Warning
PREG Output pipelining  
DSP design_1_i/cnn_accel_top_0/inst/grp_dataflow_parent_loop_proc2_fu_316/dataflow_parent_loop_proc_U0/dataflow_in_loop_Row_Loop_1_U0/compute_and_write_row4_U0/grp_compute_and_write_row4_Pipeline_Acc_TileN_Conv_KY_Conv_KX_Conv_C_fu_306/mul_16s_16s_32_1_1_U162/tmp_product output design_1_i/cnn_accel_top_0/inst/grp_dataflow_parent_loop_proc2_fu_316/dataflow_parent_loop_proc_U0/dataflow_in_loop_Row_Loop_1_U0/compute_and_write_row4_U0/grp_compute_and_write_row4_Pipeline_Acc_TileN_Conv_KY_Conv_KX_Conv_C_fu_306/mul_16s_16s_32_1_1_U162/tmp_product/P[47:0] is not pipelined (PREG=0). Pipelining the DSP48 output will improve performance and often saves power so it is suggested whenever possible to fully pipeline this function.  If this DSP48 function was inferred, it is suggested to describe an additional register stage after this function.  If the DSP48 was instantiated in the design, it is suggested to set the PREG attribute to 1.
Related violations: <none>

DPOP-3#37 Warning
PREG Output pipelining  
DSP design_1_i/cnn_accel_top_0/inst/grp_dataflow_parent_loop_proc2_fu_316/dataflow_parent_loop_proc_U0/dataflow_in_loop_Row_Loop_1_U0/compute_and_write_row4_U0/grp_compute_and_write_row4_Pipeline_Acc_TileN_Conv_KY_Conv_KX_Conv_C_fu_306/mul_16s_16s_32_1_1_U170/tmp_product output design_1_i/cnn_accel_top_0/inst/grp_dataflow_parent_loop_proc2_fu_316/dataflow_parent_loop_proc_U0/dataflow_in_loop_Row_Loop_1_U0/compute_and_write_row4_U0/grp_compute_and_write_row4_Pipeline_Acc_TileN_Conv_KY_Conv_KX_Conv_C_fu_306/mul_16s_16s_32_1_1_U170/tmp_product/P[47:0] is not pipelined (PREG=0). Pipelining the DSP48 output will improve performance and often saves power so it is suggested whenever possible to fully pipeline this function.  If this DSP48 function was inferred, it is suggested to describe an additional register stage after this function.  If the DSP48 was instantiated in the design, it is suggested to set the PREG attribute to 1.
Related violations: <none>

DPOP-3#38 Warning
PREG Output pipelining  
DSP design_1_i/cnn_accel_top_0/inst/grp_dataflow_parent_loop_proc2_fu_316/dataflow_parent_loop_proc_U0/dataflow_in_loop_Row_Loop_1_U0/compute_and_write_row4_U0/grp_compute_and_write_row4_Pipeline_Acc_TileN_Conv_KY_Conv_KX_Conv_C_fu_306/mul_16s_16s_32_1_1_U172/tmp_product output design_1_i/cnn_accel_top_0/inst/grp_dataflow_parent_loop_proc2_fu_316/dataflow_parent_loop_proc_U0/dataflow_in_loop_Row_Loop_1_U0/compute_and_write_row4_U0/grp_compute_and_write_row4_Pipeline_Acc_TileN_Conv_KY_Conv_KX_Conv_C_fu_306/mul_16s_16s_32_1_1_U172/tmp_product/P[47:0] is not pipelined (PREG=0). Pipelining the DSP48 output will improve performance and often saves power so it is suggested whenever possible to fully pipeline this function.  If this DSP48 function was inferred, it is suggested to describe an additional register stage after this function.  If the DSP48 was instantiated in the design, it is suggested to set the PREG attribute to 1.
Related violations: <none>

DPOP-3#39 Warning
PREG Output pipelining  
DSP design_1_i/cnn_accel_top_0/inst/grp_dataflow_parent_loop_proc2_fu_316/dataflow_parent_loop_proc_U0/dataflow_in_loop_Row_Loop_1_U0/compute_and_write_row4_U0/grp_compute_and_write_row4_Pipeline_Acc_TileN_Conv_KY_Conv_KX_Conv_C_fu_306/mul_16s_16s_32_1_1_U174/tmp_product output design_1_i/cnn_accel_top_0/inst/grp_dataflow_parent_loop_proc2_fu_316/dataflow_parent_loop_proc_U0/dataflow_in_loop_Row_Loop_1_U0/compute_and_write_row4_U0/grp_compute_and_write_row4_Pipeline_Acc_TileN_Conv_KY_Conv_KX_Conv_C_fu_306/mul_16s_16s_32_1_1_U174/tmp_product/P[47:0] is not pipelined (PREG=0). Pipelining the DSP48 output will improve performance and often saves power so it is suggested whenever possible to fully pipeline this function.  If this DSP48 function was inferred, it is suggested to describe an additional register stage after this function.  If the DSP48 was instantiated in the design, it is suggested to set the PREG attribute to 1.
Related violations: <none>

DPOP-3#40 Warning
PREG Output pipelining  
DSP design_1_i/cnn_accel_top_0/inst/grp_dataflow_parent_loop_proc2_fu_316/dataflow_parent_loop_proc_U0/dataflow_in_loop_Row_Loop_1_U0/compute_and_write_row4_U0/grp_compute_and_write_row4_Pipeline_Acc_TileN_Conv_KY_Conv_KX_Conv_C_fu_306/mul_16s_16s_32_1_1_U176/tmp_product output design_1_i/cnn_accel_top_0/inst/grp_dataflow_parent_loop_proc2_fu_316/dataflow_parent_loop_proc_U0/dataflow_in_loop_Row_Loop_1_U0/compute_and_write_row4_U0/grp_compute_and_write_row4_Pipeline_Acc_TileN_Conv_KY_Conv_KX_Conv_C_fu_306/mul_16s_16s_32_1_1_U176/tmp_product/P[47:0] is not pipelined (PREG=0). Pipelining the DSP48 output will improve performance and often saves power so it is suggested whenever possible to fully pipeline this function.  If this DSP48 function was inferred, it is suggested to describe an additional register stage after this function.  If the DSP48 was instantiated in the design, it is suggested to set the PREG attribute to 1.
Related violations: <none>

DPOP-3#41 Warning
PREG Output pipelining  
DSP design_1_i/cnn_accel_top_0/inst/grp_dataflow_parent_loop_proc2_fu_316/dataflow_parent_loop_proc_U0/dataflow_in_loop_Row_Loop_1_U0/compute_and_write_row4_U0/grp_compute_and_write_row4_Pipeline_Acc_TileN_Conv_KY_Conv_KX_Conv_C_fu_306/mul_16s_16s_32_1_1_U184/tmp_product output design_1_i/cnn_accel_top_0/inst/grp_dataflow_parent_loop_proc2_fu_316/dataflow_parent_loop_proc_U0/dataflow_in_loop_Row_Loop_1_U0/compute_and_write_row4_U0/grp_compute_and_write_row4_Pipeline_Acc_TileN_Conv_KY_Conv_KX_Conv_C_fu_306/mul_16s_16s_32_1_1_U184/tmp_product/P[47:0] is not pipelined (PREG=0). Pipelining the DSP48 output will improve performance and often saves power so it is suggested whenever possible to fully pipeline this function.  If this DSP48 function was inferred, it is suggested to describe an additional register stage after this function.  If the DSP48 was instantiated in the design, it is suggested to set the PREG attribute to 1.
Related violations: <none>

DPOP-3#42 Warning
PREG Output pipelining  
DSP design_1_i/cnn_accel_top_0/inst/grp_dataflow_parent_loop_proc2_fu_316/dataflow_parent_loop_proc_U0/dataflow_in_loop_Row_Loop_1_U0/compute_and_write_row4_U0/grp_compute_and_write_row4_Pipeline_Acc_TileN_Conv_KY_Conv_KX_Conv_C_fu_306/mul_16s_16s_32_1_1_U186/tmp_product output design_1_i/cnn_accel_top_0/inst/grp_dataflow_parent_loop_proc2_fu_316/dataflow_parent_loop_proc_U0/dataflow_in_loop_Row_Loop_1_U0/compute_and_write_row4_U0/grp_compute_and_write_row4_Pipeline_Acc_TileN_Conv_KY_Conv_KX_Conv_C_fu_306/mul_16s_16s_32_1_1_U186/tmp_product/P[47:0] is not pipelined (PREG=0). Pipelining the DSP48 output will improve performance and often saves power so it is suggested whenever possible to fully pipeline this function.  If this DSP48 function was inferred, it is suggested to describe an additional register stage after this function.  If the DSP48 was instantiated in the design, it is suggested to set the PREG attribute to 1.
Related violations: <none>

DPOP-3#43 Warning
PREG Output pipelining  
DSP design_1_i/cnn_accel_top_0/inst/grp_dataflow_parent_loop_proc2_fu_316/dataflow_parent_loop_proc_U0/dataflow_in_loop_Row_Loop_1_U0/compute_and_write_row4_U0/grp_compute_and_write_row4_Pipeline_Acc_TileN_Conv_KY_Conv_KX_Conv_C_fu_306/mul_16s_16s_32_1_1_U188/tmp_product output design_1_i/cnn_accel_top_0/inst/grp_dataflow_parent_loop_proc2_fu_316/dataflow_parent_loop_proc_U0/dataflow_in_loop_Row_Loop_1_U0/compute_and_write_row4_U0/grp_compute_and_write_row4_Pipeline_Acc_TileN_Conv_KY_Conv_KX_Conv_C_fu_306/mul_16s_16s_32_1_1_U188/tmp_product/P[47:0] is not pipelined (PREG=0). Pipelining the DSP48 output will improve performance and often saves power so it is suggested whenever possible to fully pipeline this function.  If this DSP48 function was inferred, it is suggested to describe an additional register stage after this function.  If the DSP48 was instantiated in the design, it is suggested to set the PREG attribute to 1.
Related violations: <none>

DPOP-3#44 Warning
PREG Output pipelining  
DSP design_1_i/cnn_accel_top_0/inst/grp_dataflow_parent_loop_proc2_fu_316/dataflow_parent_loop_proc_U0/dataflow_in_loop_Row_Loop_1_U0/compute_and_write_row4_U0/grp_compute_and_write_row4_Pipeline_Acc_TileN_Conv_KY_Conv_KX_Conv_C_fu_306/mul_16s_16s_32_1_1_U190/tmp_product output design_1_i/cnn_accel_top_0/inst/grp_dataflow_parent_loop_proc2_fu_316/dataflow_parent_loop_proc_U0/dataflow_in_loop_Row_Loop_1_U0/compute_and_write_row4_U0/grp_compute_and_write_row4_Pipeline_Acc_TileN_Conv_KY_Conv_KX_Conv_C_fu_306/mul_16s_16s_32_1_1_U190/tmp_product/P[47:0] is not pipelined (PREG=0). Pipelining the DSP48 output will improve performance and often saves power so it is suggested whenever possible to fully pipeline this function.  If this DSP48 function was inferred, it is suggested to describe an additional register stage after this function.  If the DSP48 was instantiated in the design, it is suggested to set the PREG attribute to 1.
Related violations: <none>

DPOP-3#45 Warning
PREG Output pipelining  
DSP design_1_i/cnn_accel_top_0/inst/grp_dataflow_parent_loop_proc2_fu_316/dataflow_parent_loop_proc_U0/dataflow_in_loop_Row_Loop_1_U0/compute_and_write_row4_U0/grp_compute_and_write_row4_Pipeline_Acc_TileN_Conv_KY_Conv_KX_Conv_C_fu_306/mul_16s_16s_32_1_1_U198/tmp_product output design_1_i/cnn_accel_top_0/inst/grp_dataflow_parent_loop_proc2_fu_316/dataflow_parent_loop_proc_U0/dataflow_in_loop_Row_Loop_1_U0/compute_and_write_row4_U0/grp_compute_and_write_row4_Pipeline_Acc_TileN_Conv_KY_Conv_KX_Conv_C_fu_306/mul_16s_16s_32_1_1_U198/tmp_product/P[47:0] is not pipelined (PREG=0). Pipelining the DSP48 output will improve performance and often saves power so it is suggested whenever possible to fully pipeline this function.  If this DSP48 function was inferred, it is suggested to describe an additional register stage after this function.  If the DSP48 was instantiated in the design, it is suggested to set the PREG attribute to 1.
Related violations: <none>

DPOP-3#46 Warning
PREG Output pipelining  
DSP design_1_i/cnn_accel_top_0/inst/grp_dataflow_parent_loop_proc2_fu_316/dataflow_parent_loop_proc_U0/dataflow_in_loop_Row_Loop_1_U0/compute_and_write_row4_U0/grp_compute_and_write_row4_Pipeline_Acc_TileN_Conv_KY_Conv_KX_Conv_C_fu_306/mul_16s_16s_32_1_1_U200/tmp_product output design_1_i/cnn_accel_top_0/inst/grp_dataflow_parent_loop_proc2_fu_316/dataflow_parent_loop_proc_U0/dataflow_in_loop_Row_Loop_1_U0/compute_and_write_row4_U0/grp_compute_and_write_row4_Pipeline_Acc_TileN_Conv_KY_Conv_KX_Conv_C_fu_306/mul_16s_16s_32_1_1_U200/tmp_product/P[47:0] is not pipelined (PREG=0). Pipelining the DSP48 output will improve performance and often saves power so it is suggested whenever possible to fully pipeline this function.  If this DSP48 function was inferred, it is suggested to describe an additional register stage after this function.  If the DSP48 was instantiated in the design, it is suggested to set the PREG attribute to 1.
Related violations: <none>

DPOP-3#47 Warning
PREG Output pipelining  
DSP design_1_i/cnn_accel_top_0/inst/grp_dataflow_parent_loop_proc2_fu_316/dataflow_parent_loop_proc_U0/dataflow_in_loop_Row_Loop_1_U0/compute_and_write_row4_U0/grp_compute_and_write_row4_Pipeline_Acc_TileN_Conv_KY_Conv_KX_Conv_C_fu_306/mul_16s_16s_32_1_1_U202/tmp_product output design_1_i/cnn_accel_top_0/inst/grp_dataflow_parent_loop_proc2_fu_316/dataflow_parent_loop_proc_U0/dataflow_in_loop_Row_Loop_1_U0/compute_and_write_row4_U0/grp_compute_and_write_row4_Pipeline_Acc_TileN_Conv_KY_Conv_KX_Conv_C_fu_306/mul_16s_16s_32_1_1_U202/tmp_product/P[47:0] is not pipelined (PREG=0). Pipelining the DSP48 output will improve performance and often saves power so it is suggested whenever possible to fully pipeline this function.  If this DSP48 function was inferred, it is suggested to describe an additional register stage after this function.  If the DSP48 was instantiated in the design, it is suggested to set the PREG attribute to 1.
Related violations: <none>

DPOP-3#48 Warning
PREG Output pipelining  
DSP design_1_i/cnn_accel_top_0/inst/grp_dataflow_parent_loop_proc2_fu_316/dataflow_parent_loop_proc_U0/dataflow_in_loop_Row_Loop_1_U0/compute_and_write_row4_U0/grp_compute_and_write_row4_Pipeline_Acc_TileN_Conv_KY_Conv_KX_Conv_C_fu_306/mul_16s_16s_32_1_1_U204/tmp_product output design_1_i/cnn_accel_top_0/inst/grp_dataflow_parent_loop_proc2_fu_316/dataflow_parent_loop_proc_U0/dataflow_in_loop_Row_Loop_1_U0/compute_and_write_row4_U0/grp_compute_and_write_row4_Pipeline_Acc_TileN_Conv_KY_Conv_KX_Conv_C_fu_306/mul_16s_16s_32_1_1_U204/tmp_product/P[47:0] is not pipelined (PREG=0). Pipelining the DSP48 output will improve performance and often saves power so it is suggested whenever possible to fully pipeline this function.  If this DSP48 function was inferred, it is suggested to describe an additional register stage after this function.  If the DSP48 was instantiated in the design, it is suggested to set the PREG attribute to 1.
Related violations: <none>

DPOP-3#49 Warning
PREG Output pipelining  
DSP design_1_i/cnn_accel_top_0/inst/grp_dataflow_parent_loop_proc2_fu_316/dataflow_parent_loop_proc_U0/dataflow_in_loop_Row_Loop_1_U0/compute_and_write_row4_U0/grp_compute_and_write_row4_Pipeline_Acc_TileN_Conv_KY_Conv_KX_Conv_C_fu_306/mul_16s_16s_32_1_1_U212/tmp_product output design_1_i/cnn_accel_top_0/inst/grp_dataflow_parent_loop_proc2_fu_316/dataflow_parent_loop_proc_U0/dataflow_in_loop_Row_Loop_1_U0/compute_and_write_row4_U0/grp_compute_and_write_row4_Pipeline_Acc_TileN_Conv_KY_Conv_KX_Conv_C_fu_306/mul_16s_16s_32_1_1_U212/tmp_product/P[47:0] is not pipelined (PREG=0). Pipelining the DSP48 output will improve performance and often saves power so it is suggested whenever possible to fully pipeline this function.  If this DSP48 function was inferred, it is suggested to describe an additional register stage after this function.  If the DSP48 was instantiated in the design, it is suggested to set the PREG attribute to 1.
Related violations: <none>

DPOP-3#50 Warning
PREG Output pipelining  
DSP design_1_i/cnn_accel_top_0/inst/grp_dataflow_parent_loop_proc2_fu_316/dataflow_parent_loop_proc_U0/dataflow_in_loop_Row_Loop_1_U0/compute_and_write_row4_U0/grp_compute_and_write_row4_Pipeline_Acc_TileN_Conv_KY_Conv_KX_Conv_C_fu_306/mul_16s_16s_32_1_1_U214/tmp_product output design_1_i/cnn_accel_top_0/inst/grp_dataflow_parent_loop_proc2_fu_316/dataflow_parent_loop_proc_U0/dataflow_in_loop_Row_Loop_1_U0/compute_and_write_row4_U0/grp_compute_and_write_row4_Pipeline_Acc_TileN_Conv_KY_Conv_KX_Conv_C_fu_306/mul_16s_16s_32_1_1_U214/tmp_product/P[47:0] is not pipelined (PREG=0). Pipelining the DSP48 output will improve performance and often saves power so it is suggested whenever possible to fully pipeline this function.  If this DSP48 function was inferred, it is suggested to describe an additional register stage after this function.  If the DSP48 was instantiated in the design, it is suggested to set the PREG attribute to 1.
Related violations: <none>

DPOP-3#51 Warning
PREG Output pipelining  
DSP design_1_i/cnn_accel_top_0/inst/grp_dataflow_parent_loop_proc2_fu_316/dataflow_parent_loop_proc_U0/dataflow_in_loop_Row_Loop_1_U0/compute_and_write_row4_U0/grp_compute_and_write_row4_Pipeline_Acc_TileN_Conv_KY_Conv_KX_Conv_C_fu_306/mul_16s_16s_32_1_1_U216/tmp_product output design_1_i/cnn_accel_top_0/inst/grp_dataflow_parent_loop_proc2_fu_316/dataflow_parent_loop_proc_U0/dataflow_in_loop_Row_Loop_1_U0/compute_and_write_row4_U0/grp_compute_and_write_row4_Pipeline_Acc_TileN_Conv_KY_Conv_KX_Conv_C_fu_306/mul_16s_16s_32_1_1_U216/tmp_product/P[47:0] is not pipelined (PREG=0). Pipelining the DSP48 output will improve performance and often saves power so it is suggested whenever possible to fully pipeline this function.  If this DSP48 function was inferred, it is suggested to describe an additional register stage after this function.  If the DSP48 was instantiated in the design, it is suggested to set the PREG attribute to 1.
Related violations: <none>

DPOP-3#52 Warning
PREG Output pipelining  
DSP design_1_i/cnn_accel_top_0/inst/grp_dataflow_parent_loop_proc2_fu_316/dataflow_parent_loop_proc_U0/dataflow_in_loop_Row_Loop_1_U0/compute_and_write_row4_U0/grp_compute_and_write_row4_Pipeline_Acc_TileN_Conv_KY_Conv_KX_Conv_C_fu_306/mul_16s_16s_32_1_1_U218/tmp_product output design_1_i/cnn_accel_top_0/inst/grp_dataflow_parent_loop_proc2_fu_316/dataflow_parent_loop_proc_U0/dataflow_in_loop_Row_Loop_1_U0/compute_and_write_row4_U0/grp_compute_and_write_row4_Pipeline_Acc_TileN_Conv_KY_Conv_KX_Conv_C_fu_306/mul_16s_16s_32_1_1_U218/tmp_product/P[47:0] is not pipelined (PREG=0). Pipelining the DSP48 output will improve performance and often saves power so it is suggested whenever possible to fully pipeline this function.  If this DSP48 function was inferred, it is suggested to describe an additional register stage after this function.  If the DSP48 was instantiated in the design, it is suggested to set the PREG attribute to 1.
Related violations: <none>

DPOP-3#53 Warning
PREG Output pipelining  
DSP design_1_i/cnn_accel_top_0/inst/grp_dataflow_parent_loop_proc2_fu_316/dataflow_parent_loop_proc_U0/dataflow_in_loop_Row_Loop_1_U0/compute_and_write_row4_U0/grp_compute_and_write_row4_Pipeline_Acc_TileN_Conv_KY_Conv_KX_Conv_C_fu_306/mul_16s_16s_32_1_1_U226/tmp_product output design_1_i/cnn_accel_top_0/inst/grp_dataflow_parent_loop_proc2_fu_316/dataflow_parent_loop_proc_U0/dataflow_in_loop_Row_Loop_1_U0/compute_and_write_row4_U0/grp_compute_and_write_row4_Pipeline_Acc_TileN_Conv_KY_Conv_KX_Conv_C_fu_306/mul_16s_16s_32_1_1_U226/tmp_product/P[47:0] is not pipelined (PREG=0). Pipelining the DSP48 output will improve performance and often saves power so it is suggested whenever possible to fully pipeline this function.  If this DSP48 function was inferred, it is suggested to describe an additional register stage after this function.  If the DSP48 was instantiated in the design, it is suggested to set the PREG attribute to 1.
Related violations: <none>

DPOP-3#54 Warning
PREG Output pipelining  
DSP design_1_i/cnn_accel_top_0/inst/grp_dataflow_parent_loop_proc2_fu_316/dataflow_parent_loop_proc_U0/dataflow_in_loop_Row_Loop_1_U0/compute_and_write_row4_U0/grp_compute_and_write_row4_Pipeline_Acc_TileN_Conv_KY_Conv_KX_Conv_C_fu_306/mul_16s_16s_32_1_1_U228/tmp_product output design_1_i/cnn_accel_top_0/inst/grp_dataflow_parent_loop_proc2_fu_316/dataflow_parent_loop_proc_U0/dataflow_in_loop_Row_Loop_1_U0/compute_and_write_row4_U0/grp_compute_and_write_row4_Pipeline_Acc_TileN_Conv_KY_Conv_KX_Conv_C_fu_306/mul_16s_16s_32_1_1_U228/tmp_product/P[47:0] is not pipelined (PREG=0). Pipelining the DSP48 output will improve performance and often saves power so it is suggested whenever possible to fully pipeline this function.  If this DSP48 function was inferred, it is suggested to describe an additional register stage after this function.  If the DSP48 was instantiated in the design, it is suggested to set the PREG attribute to 1.
Related violations: <none>

DPOP-3#55 Warning
PREG Output pipelining  
DSP design_1_i/cnn_accel_top_0/inst/grp_dataflow_parent_loop_proc2_fu_316/dataflow_parent_loop_proc_U0/dataflow_in_loop_Row_Loop_1_U0/compute_and_write_row4_U0/grp_compute_and_write_row4_Pipeline_Acc_TileN_Conv_KY_Conv_KX_Conv_C_fu_306/mul_16s_16s_32_1_1_U230/tmp_product output design_1_i/cnn_accel_top_0/inst/grp_dataflow_parent_loop_proc2_fu_316/dataflow_parent_loop_proc_U0/dataflow_in_loop_Row_Loop_1_U0/compute_and_write_row4_U0/grp_compute_and_write_row4_Pipeline_Acc_TileN_Conv_KY_Conv_KX_Conv_C_fu_306/mul_16s_16s_32_1_1_U230/tmp_product/P[47:0] is not pipelined (PREG=0). Pipelining the DSP48 output will improve performance and often saves power so it is suggested whenever possible to fully pipeline this function.  If this DSP48 function was inferred, it is suggested to describe an additional register stage after this function.  If the DSP48 was instantiated in the design, it is suggested to set the PREG attribute to 1.
Related violations: <none>

DPOP-3#56 Warning
PREG Output pipelining  
DSP design_1_i/cnn_accel_top_0/inst/grp_dataflow_parent_loop_proc2_fu_316/dataflow_parent_loop_proc_U0/dataflow_in_loop_Row_Loop_1_U0/compute_and_write_row4_U0/grp_compute_and_write_row4_Pipeline_Acc_TileN_Conv_KY_Conv_KX_Conv_C_fu_306/mul_16s_16s_32_1_1_U232/tmp_product output design_1_i/cnn_accel_top_0/inst/grp_dataflow_parent_loop_proc2_fu_316/dataflow_parent_loop_proc_U0/dataflow_in_loop_Row_Loop_1_U0/compute_and_write_row4_U0/grp_compute_and_write_row4_Pipeline_Acc_TileN_Conv_KY_Conv_KX_Conv_C_fu_306/mul_16s_16s_32_1_1_U232/tmp_product/P[47:0] is not pipelined (PREG=0). Pipelining the DSP48 output will improve performance and often saves power so it is suggested whenever possible to fully pipeline this function.  If this DSP48 function was inferred, it is suggested to describe an additional register stage after this function.  If the DSP48 was instantiated in the design, it is suggested to set the PREG attribute to 1.
Related violations: <none>

DPOP-3#57 Warning
PREG Output pipelining  
DSP design_1_i/cnn_accel_top_0/inst/grp_dataflow_parent_loop_proc2_fu_316/dataflow_parent_loop_proc_U0/dataflow_in_loop_Row_Loop_1_U0/compute_and_write_row4_U0/grp_compute_and_write_row4_Pipeline_Acc_TileN_Conv_KY_Conv_KX_Conv_C_fu_306/mul_16s_16s_32_1_1_U240/tmp_product output design_1_i/cnn_accel_top_0/inst/grp_dataflow_parent_loop_proc2_fu_316/dataflow_parent_loop_proc_U0/dataflow_in_loop_Row_Loop_1_U0/compute_and_write_row4_U0/grp_compute_and_write_row4_Pipeline_Acc_TileN_Conv_KY_Conv_KX_Conv_C_fu_306/mul_16s_16s_32_1_1_U240/tmp_product/P[47:0] is not pipelined (PREG=0). Pipelining the DSP48 output will improve performance and often saves power so it is suggested whenever possible to fully pipeline this function.  If this DSP48 function was inferred, it is suggested to describe an additional register stage after this function.  If the DSP48 was instantiated in the design, it is suggested to set the PREG attribute to 1.
Related violations: <none>

DPOP-3#58 Warning
PREG Output pipelining  
DSP design_1_i/cnn_accel_top_0/inst/grp_dataflow_parent_loop_proc2_fu_316/dataflow_parent_loop_proc_U0/dataflow_in_loop_Row_Loop_1_U0/compute_and_write_row4_U0/grp_compute_and_write_row4_Pipeline_Acc_TileN_Conv_KY_Conv_KX_Conv_C_fu_306/mul_16s_16s_32_1_1_U242/tmp_product output design_1_i/cnn_accel_top_0/inst/grp_dataflow_parent_loop_proc2_fu_316/dataflow_parent_loop_proc_U0/dataflow_in_loop_Row_Loop_1_U0/compute_and_write_row4_U0/grp_compute_and_write_row4_Pipeline_Acc_TileN_Conv_KY_Conv_KX_Conv_C_fu_306/mul_16s_16s_32_1_1_U242/tmp_product/P[47:0] is not pipelined (PREG=0). Pipelining the DSP48 output will improve performance and often saves power so it is suggested whenever possible to fully pipeline this function.  If this DSP48 function was inferred, it is suggested to describe an additional register stage after this function.  If the DSP48 was instantiated in the design, it is suggested to set the PREG attribute to 1.
Related violations: <none>

DPOP-3#59 Warning
PREG Output pipelining  
DSP design_1_i/cnn_accel_top_0/inst/grp_dataflow_parent_loop_proc2_fu_316/dataflow_parent_loop_proc_U0/dataflow_in_loop_Row_Loop_1_U0/compute_and_write_row4_U0/grp_compute_and_write_row4_Pipeline_Acc_TileN_Conv_KY_Conv_KX_Conv_C_fu_306/mul_16s_16s_32_1_1_U244/tmp_product output design_1_i/cnn_accel_top_0/inst/grp_dataflow_parent_loop_proc2_fu_316/dataflow_parent_loop_proc_U0/dataflow_in_loop_Row_Loop_1_U0/compute_and_write_row4_U0/grp_compute_and_write_row4_Pipeline_Acc_TileN_Conv_KY_Conv_KX_Conv_C_fu_306/mul_16s_16s_32_1_1_U244/tmp_product/P[47:0] is not pipelined (PREG=0). Pipelining the DSP48 output will improve performance and often saves power so it is suggested whenever possible to fully pipeline this function.  If this DSP48 function was inferred, it is suggested to describe an additional register stage after this function.  If the DSP48 was instantiated in the design, it is suggested to set the PREG attribute to 1.
Related violations: <none>

DPOP-3#60 Warning
PREG Output pipelining  
DSP design_1_i/cnn_accel_top_0/inst/grp_dataflow_parent_loop_proc2_fu_316/dataflow_parent_loop_proc_U0/dataflow_in_loop_Row_Loop_1_U0/compute_and_write_row4_U0/grp_compute_and_write_row4_Pipeline_Acc_TileN_Conv_KY_Conv_KX_Conv_C_fu_306/mul_16s_16s_32_1_1_U246/tmp_product output design_1_i/cnn_accel_top_0/inst/grp_dataflow_parent_loop_proc2_fu_316/dataflow_parent_loop_proc_U0/dataflow_in_loop_Row_Loop_1_U0/compute_and_write_row4_U0/grp_compute_and_write_row4_Pipeline_Acc_TileN_Conv_KY_Conv_KX_Conv_C_fu_306/mul_16s_16s_32_1_1_U246/tmp_product/P[47:0] is not pipelined (PREG=0). Pipelining the DSP48 output will improve performance and often saves power so it is suggested whenever possible to fully pipeline this function.  If this DSP48 function was inferred, it is suggested to describe an additional register stage after this function.  If the DSP48 was instantiated in the design, it is suggested to set the PREG attribute to 1.
Related violations: <none>

DPOP-3#61 Warning
PREG Output pipelining  
DSP design_1_i/cnn_accel_top_0/inst/grp_dataflow_parent_loop_proc2_fu_316/dataflow_parent_loop_proc_U0/dataflow_in_loop_Row_Loop_1_U0/compute_and_write_row4_U0/grp_compute_and_write_row4_Pipeline_Acc_TileN_Conv_KY_Conv_KX_Conv_C_fu_306/mul_16s_16s_32_1_1_U254/tmp_product output design_1_i/cnn_accel_top_0/inst/grp_dataflow_parent_loop_proc2_fu_316/dataflow_parent_loop_proc_U0/dataflow_in_loop_Row_Loop_1_U0/compute_and_write_row4_U0/grp_compute_and_write_row4_Pipeline_Acc_TileN_Conv_KY_Conv_KX_Conv_C_fu_306/mul_16s_16s_32_1_1_U254/tmp_product/P[47:0] is not pipelined (PREG=0). Pipelining the DSP48 output will improve performance and often saves power so it is suggested whenever possible to fully pipeline this function.  If this DSP48 function was inferred, it is suggested to describe an additional register stage after this function.  If the DSP48 was instantiated in the design, it is suggested to set the PREG attribute to 1.
Related violations: <none>

DPOP-3#62 Warning
PREG Output pipelining  
DSP design_1_i/cnn_accel_top_0/inst/grp_dataflow_parent_loop_proc2_fu_316/dataflow_parent_loop_proc_U0/dataflow_in_loop_Row_Loop_1_U0/compute_and_write_row4_U0/grp_compute_and_write_row4_Pipeline_Acc_TileN_Conv_KY_Conv_KX_Conv_C_fu_306/mul_16s_16s_32_1_1_U256/tmp_product output design_1_i/cnn_accel_top_0/inst/grp_dataflow_parent_loop_proc2_fu_316/dataflow_parent_loop_proc_U0/dataflow_in_loop_Row_Loop_1_U0/compute_and_write_row4_U0/grp_compute_and_write_row4_Pipeline_Acc_TileN_Conv_KY_Conv_KX_Conv_C_fu_306/mul_16s_16s_32_1_1_U256/tmp_product/P[47:0] is not pipelined (PREG=0). Pipelining the DSP48 output will improve performance and often saves power so it is suggested whenever possible to fully pipeline this function.  If this DSP48 function was inferred, it is suggested to describe an additional register stage after this function.  If the DSP48 was instantiated in the design, it is suggested to set the PREG attribute to 1.
Related violations: <none>

DPOP-3#63 Warning
PREG Output pipelining  
DSP design_1_i/cnn_accel_top_0/inst/grp_dataflow_parent_loop_proc2_fu_316/dataflow_parent_loop_proc_U0/dataflow_in_loop_Row_Loop_1_U0/compute_and_write_row4_U0/grp_compute_and_write_row4_Pipeline_Acc_TileN_Conv_KY_Conv_KX_Conv_C_fu_306/mul_16s_16s_32_1_1_U258/tmp_product output design_1_i/cnn_accel_top_0/inst/grp_dataflow_parent_loop_proc2_fu_316/dataflow_parent_loop_proc_U0/dataflow_in_loop_Row_Loop_1_U0/compute_and_write_row4_U0/grp_compute_and_write_row4_Pipeline_Acc_TileN_Conv_KY_Conv_KX_Conv_C_fu_306/mul_16s_16s_32_1_1_U258/tmp_product/P[47:0] is not pipelined (PREG=0). Pipelining the DSP48 output will improve performance and often saves power so it is suggested whenever possible to fully pipeline this function.  If this DSP48 function was inferred, it is suggested to describe an additional register stage after this function.  If the DSP48 was instantiated in the design, it is suggested to set the PREG attribute to 1.
Related violations: <none>

DPOP-3#64 Warning
PREG Output pipelining  
DSP design_1_i/cnn_accel_top_0/inst/grp_dataflow_parent_loop_proc2_fu_316/dataflow_parent_loop_proc_U0/dataflow_in_loop_Row_Loop_1_U0/compute_and_write_row4_U0/grp_compute_and_write_row4_Pipeline_Acc_TileN_Conv_KY_Conv_KX_Conv_C_fu_306/mul_16s_16s_32_1_1_U260/tmp_product output design_1_i/cnn_accel_top_0/inst/grp_dataflow_parent_loop_proc2_fu_316/dataflow_parent_loop_proc_U0/dataflow_in_loop_Row_Loop_1_U0/compute_and_write_row4_U0/grp_compute_and_write_row4_Pipeline_Acc_TileN_Conv_KY_Conv_KX_Conv_C_fu_306/mul_16s_16s_32_1_1_U260/tmp_product/P[47:0] is not pipelined (PREG=0). Pipelining the DSP48 output will improve performance and often saves power so it is suggested whenever possible to fully pipeline this function.  If this DSP48 function was inferred, it is suggested to describe an additional register stage after this function.  If the DSP48 was instantiated in the design, it is suggested to set the PREG attribute to 1.
Related violations: <none>

DPOP-3#65 Warning
PREG Output pipelining  
DSP design_1_i/cnn_accel_top_0/inst/grp_dataflow_parent_loop_proc2_fu_316/dataflow_parent_loop_proc_U0/dataflow_in_loop_Row_Loop_1_U0/compute_and_write_row4_U0/grp_compute_and_write_row4_Pipeline_Acc_TileN_Conv_KY_Conv_KX_Conv_C_fu_306/mul_16s_16s_32_1_1_U268/tmp_product output design_1_i/cnn_accel_top_0/inst/grp_dataflow_parent_loop_proc2_fu_316/dataflow_parent_loop_proc_U0/dataflow_in_loop_Row_Loop_1_U0/compute_and_write_row4_U0/grp_compute_and_write_row4_Pipeline_Acc_TileN_Conv_KY_Conv_KX_Conv_C_fu_306/mul_16s_16s_32_1_1_U268/tmp_product/P[47:0] is not pipelined (PREG=0). Pipelining the DSP48 output will improve performance and often saves power so it is suggested whenever possible to fully pipeline this function.  If this DSP48 function was inferred, it is suggested to describe an additional register stage after this function.  If the DSP48 was instantiated in the design, it is suggested to set the PREG attribute to 1.
Related violations: <none>

DPOP-3#66 Warning
PREG Output pipelining  
DSP design_1_i/cnn_accel_top_0/inst/grp_dataflow_parent_loop_proc2_fu_316/dataflow_parent_loop_proc_U0/dataflow_in_loop_Row_Loop_1_U0/compute_and_write_row4_U0/grp_compute_and_write_row4_Pipeline_Acc_TileN_Conv_KY_Conv_KX_Conv_C_fu_306/mul_16s_16s_32_1_1_U270/tmp_product output design_1_i/cnn_accel_top_0/inst/grp_dataflow_parent_loop_proc2_fu_316/dataflow_parent_loop_proc_U0/dataflow_in_loop_Row_Loop_1_U0/compute_and_write_row4_U0/grp_compute_and_write_row4_Pipeline_Acc_TileN_Conv_KY_Conv_KX_Conv_C_fu_306/mul_16s_16s_32_1_1_U270/tmp_product/P[47:0] is not pipelined (PREG=0). Pipelining the DSP48 output will improve performance and often saves power so it is suggested whenever possible to fully pipeline this function.  If this DSP48 function was inferred, it is suggested to describe an additional register stage after this function.  If the DSP48 was instantiated in the design, it is suggested to set the PREG attribute to 1.
Related violations: <none>

DPOP-3#67 Warning
PREG Output pipelining  
DSP design_1_i/cnn_accel_top_0/inst/grp_dataflow_parent_loop_proc2_fu_316/dataflow_parent_loop_proc_U0/dataflow_in_loop_Row_Loop_1_U0/compute_and_write_row4_U0/grp_compute_and_write_row4_Pipeline_Acc_TileN_Conv_KY_Conv_KX_Conv_C_fu_306/mul_16s_16s_32_1_1_U272/tmp_product output design_1_i/cnn_accel_top_0/inst/grp_dataflow_parent_loop_proc2_fu_316/dataflow_parent_loop_proc_U0/dataflow_in_loop_Row_Loop_1_U0/compute_and_write_row4_U0/grp_compute_and_write_row4_Pipeline_Acc_TileN_Conv_KY_Conv_KX_Conv_C_fu_306/mul_16s_16s_32_1_1_U272/tmp_product/P[47:0] is not pipelined (PREG=0). Pipelining the DSP48 output will improve performance and often saves power so it is suggested whenever possible to fully pipeline this function.  If this DSP48 function was inferred, it is suggested to describe an additional register stage after this function.  If the DSP48 was instantiated in the design, it is suggested to set the PREG attribute to 1.
Related violations: <none>

DPOP-3#68 Warning
PREG Output pipelining  
DSP design_1_i/cnn_accel_top_0/inst/grp_dataflow_parent_loop_proc2_fu_316/dataflow_parent_loop_proc_U0/dataflow_in_loop_Row_Loop_1_U0/compute_and_write_row4_U0/grp_compute_and_write_row4_Pipeline_Acc_TileN_Conv_KY_Conv_KX_Conv_C_fu_306/mul_16s_16s_32_1_1_U274/tmp_product output design_1_i/cnn_accel_top_0/inst/grp_dataflow_parent_loop_proc2_fu_316/dataflow_parent_loop_proc_U0/dataflow_in_loop_Row_Loop_1_U0/compute_and_write_row4_U0/grp_compute_and_write_row4_Pipeline_Acc_TileN_Conv_KY_Conv_KX_Conv_C_fu_306/mul_16s_16s_32_1_1_U274/tmp_product/P[47:0] is not pipelined (PREG=0). Pipelining the DSP48 output will improve performance and often saves power so it is suggested whenever possible to fully pipeline this function.  If this DSP48 function was inferred, it is suggested to describe an additional register stage after this function.  If the DSP48 was instantiated in the design, it is suggested to set the PREG attribute to 1.
Related violations: <none>

DPOP-3#69 Warning
PREG Output pipelining  
DSP design_1_i/cnn_accel_top_0/inst/grp_dataflow_parent_loop_proc2_fu_316/dataflow_parent_loop_proc_U0/dataflow_in_loop_Row_Loop_1_U0/compute_and_write_row4_U0/grp_compute_and_write_row4_Pipeline_Acc_TileN_Conv_KY_Conv_KX_Conv_C_fu_306/mul_16s_16s_32_1_1_U282/tmp_product output design_1_i/cnn_accel_top_0/inst/grp_dataflow_parent_loop_proc2_fu_316/dataflow_parent_loop_proc_U0/dataflow_in_loop_Row_Loop_1_U0/compute_and_write_row4_U0/grp_compute_and_write_row4_Pipeline_Acc_TileN_Conv_KY_Conv_KX_Conv_C_fu_306/mul_16s_16s_32_1_1_U282/tmp_product/P[47:0] is not pipelined (PREG=0). Pipelining the DSP48 output will improve performance and often saves power so it is suggested whenever possible to fully pipeline this function.  If this DSP48 function was inferred, it is suggested to describe an additional register stage after this function.  If the DSP48 was instantiated in the design, it is suggested to set the PREG attribute to 1.
Related violations: <none>

DPOP-3#70 Warning
PREG Output pipelining  
DSP design_1_i/cnn_accel_top_0/inst/grp_dataflow_parent_loop_proc2_fu_316/dataflow_parent_loop_proc_U0/dataflow_in_loop_Row_Loop_1_U0/compute_and_write_row4_U0/grp_compute_and_write_row4_Pipeline_Acc_TileN_Conv_KY_Conv_KX_Conv_C_fu_306/mul_16s_16s_32_1_1_U284/tmp_product output design_1_i/cnn_accel_top_0/inst/grp_dataflow_parent_loop_proc2_fu_316/dataflow_parent_loop_proc_U0/dataflow_in_loop_Row_Loop_1_U0/compute_and_write_row4_U0/grp_compute_and_write_row4_Pipeline_Acc_TileN_Conv_KY_Conv_KX_Conv_C_fu_306/mul_16s_16s_32_1_1_U284/tmp_product/P[47:0] is not pipelined (PREG=0). Pipelining the DSP48 output will improve performance and often saves power so it is suggested whenever possible to fully pipeline this function.  If this DSP48 function was inferred, it is suggested to describe an additional register stage after this function.  If the DSP48 was instantiated in the design, it is suggested to set the PREG attribute to 1.
Related violations: <none>

DPOP-3#71 Warning
PREG Output pipelining  
DSP design_1_i/cnn_accel_top_0/inst/grp_dataflow_parent_loop_proc2_fu_316/dataflow_parent_loop_proc_U0/dataflow_in_loop_Row_Loop_1_U0/compute_and_write_row4_U0/grp_compute_and_write_row4_Pipeline_Acc_TileN_Conv_KY_Conv_KX_Conv_C_fu_306/mul_16s_16s_32_1_1_U286/tmp_product output design_1_i/cnn_accel_top_0/inst/grp_dataflow_parent_loop_proc2_fu_316/dataflow_parent_loop_proc_U0/dataflow_in_loop_Row_Loop_1_U0/compute_and_write_row4_U0/grp_compute_and_write_row4_Pipeline_Acc_TileN_Conv_KY_Conv_KX_Conv_C_fu_306/mul_16s_16s_32_1_1_U286/tmp_product/P[47:0] is not pipelined (PREG=0). Pipelining the DSP48 output will improve performance and often saves power so it is suggested whenever possible to fully pipeline this function.  If this DSP48 function was inferred, it is suggested to describe an additional register stage after this function.  If the DSP48 was instantiated in the design, it is suggested to set the PREG attribute to 1.
Related violations: <none>

DPOP-3#72 Warning
PREG Output pipelining  
DSP design_1_i/cnn_accel_top_0/inst/grp_dataflow_parent_loop_proc2_fu_316/dataflow_parent_loop_proc_U0/dataflow_in_loop_Row_Loop_1_U0/compute_and_write_row4_U0/grp_compute_and_write_row4_Pipeline_Acc_TileN_Conv_KY_Conv_KX_Conv_C_fu_306/mul_16s_16s_32_1_1_U288/tmp_product output design_1_i/cnn_accel_top_0/inst/grp_dataflow_parent_loop_proc2_fu_316/dataflow_parent_loop_proc_U0/dataflow_in_loop_Row_Loop_1_U0/compute_and_write_row4_U0/grp_compute_and_write_row4_Pipeline_Acc_TileN_Conv_KY_Conv_KX_Conv_C_fu_306/mul_16s_16s_32_1_1_U288/tmp_product/P[47:0] is not pipelined (PREG=0). Pipelining the DSP48 output will improve performance and often saves power so it is suggested whenever possible to fully pipeline this function.  If this DSP48 function was inferred, it is suggested to describe an additional register stage after this function.  If the DSP48 was instantiated in the design, it is suggested to set the PREG attribute to 1.
Related violations: <none>

DPOP-3#73 Warning
PREG Output pipelining  
DSP design_1_i/cnn_accel_top_0/inst/grp_dataflow_parent_loop_proc2_fu_316/dataflow_parent_loop_proc_U0/dataflow_in_loop_Row_Loop_1_U0/compute_and_write_row4_U0/grp_compute_and_write_row4_Pipeline_Acc_TileN_Conv_KY_Conv_KX_Conv_C_fu_306/mul_16s_16s_32_1_1_U296/tmp_product output design_1_i/cnn_accel_top_0/inst/grp_dataflow_parent_loop_proc2_fu_316/dataflow_parent_loop_proc_U0/dataflow_in_loop_Row_Loop_1_U0/compute_and_write_row4_U0/grp_compute_and_write_row4_Pipeline_Acc_TileN_Conv_KY_Conv_KX_Conv_C_fu_306/mul_16s_16s_32_1_1_U296/tmp_product/P[47:0] is not pipelined (PREG=0). Pipelining the DSP48 output will improve performance and often saves power so it is suggested whenever possible to fully pipeline this function.  If this DSP48 function was inferred, it is suggested to describe an additional register stage after this function.  If the DSP48 was instantiated in the design, it is suggested to set the PREG attribute to 1.
Related violations: <none>

DPOP-3#74 Warning
PREG Output pipelining  
DSP design_1_i/cnn_accel_top_0/inst/grp_dataflow_parent_loop_proc2_fu_316/dataflow_parent_loop_proc_U0/dataflow_in_loop_Row_Loop_1_U0/compute_and_write_row4_U0/grp_compute_and_write_row4_Pipeline_Acc_TileN_Conv_KY_Conv_KX_Conv_C_fu_306/mul_16s_16s_32_1_1_U298/tmp_product output design_1_i/cnn_accel_top_0/inst/grp_dataflow_parent_loop_proc2_fu_316/dataflow_parent_loop_proc_U0/dataflow_in_loop_Row_Loop_1_U0/compute_and_write_row4_U0/grp_compute_and_write_row4_Pipeline_Acc_TileN_Conv_KY_Conv_KX_Conv_C_fu_306/mul_16s_16s_32_1_1_U298/tmp_product/P[47:0] is not pipelined (PREG=0). Pipelining the DSP48 output will improve performance and often saves power so it is suggested whenever possible to fully pipeline this function.  If this DSP48 function was inferred, it is suggested to describe an additional register stage after this function.  If the DSP48 was instantiated in the design, it is suggested to set the PREG attribute to 1.
Related violations: <none>

DPOP-3#75 Warning
PREG Output pipelining  
DSP design_1_i/cnn_accel_top_0/inst/grp_dataflow_parent_loop_proc2_fu_316/dataflow_parent_loop_proc_U0/dataflow_in_loop_Row_Loop_1_U0/compute_and_write_row4_U0/grp_compute_and_write_row4_Pipeline_Acc_TileN_Conv_KY_Conv_KX_Conv_C_fu_306/mul_16s_16s_32_1_1_U300/tmp_product output design_1_i/cnn_accel_top_0/inst/grp_dataflow_parent_loop_proc2_fu_316/dataflow_parent_loop_proc_U0/dataflow_in_loop_Row_Loop_1_U0/compute_and_write_row4_U0/grp_compute_and_write_row4_Pipeline_Acc_TileN_Conv_KY_Conv_KX_Conv_C_fu_306/mul_16s_16s_32_1_1_U300/tmp_product/P[47:0] is not pipelined (PREG=0). Pipelining the DSP48 output will improve performance and often saves power so it is suggested whenever possible to fully pipeline this function.  If this DSP48 function was inferred, it is suggested to describe an additional register stage after this function.  If the DSP48 was instantiated in the design, it is suggested to set the PREG attribute to 1.
Related violations: <none>

DPOP-3#76 Warning
PREG Output pipelining  
DSP design_1_i/cnn_accel_top_0/inst/grp_dataflow_parent_loop_proc2_fu_316/dataflow_parent_loop_proc_U0/dataflow_in_loop_Row_Loop_1_U0/compute_and_write_row4_U0/grp_compute_and_write_row4_Pipeline_Acc_TileN_Conv_KY_Conv_KX_Conv_C_fu_306/mul_16s_16s_32_1_1_U302/tmp_product output design_1_i/cnn_accel_top_0/inst/grp_dataflow_parent_loop_proc2_fu_316/dataflow_parent_loop_proc_U0/dataflow_in_loop_Row_Loop_1_U0/compute_and_write_row4_U0/grp_compute_and_write_row4_Pipeline_Acc_TileN_Conv_KY_Conv_KX_Conv_C_fu_306/mul_16s_16s_32_1_1_U302/tmp_product/P[47:0] is not pipelined (PREG=0). Pipelining the DSP48 output will improve performance and often saves power so it is suggested whenever possible to fully pipeline this function.  If this DSP48 function was inferred, it is suggested to describe an additional register stage after this function.  If the DSP48 was instantiated in the design, it is suggested to set the PREG attribute to 1.
Related violations: <none>

DPOP-3#77 Warning
PREG Output pipelining  
DSP design_1_i/cnn_accel_top_0/inst/grp_dataflow_parent_loop_proc2_fu_316/dataflow_parent_loop_proc_U0/dataflow_in_loop_Row_Loop_1_U0/compute_and_write_row4_U0/grp_compute_and_write_row4_Pipeline_Acc_TileN_Conv_KY_Conv_KX_Conv_C_fu_306/mul_16s_16s_32_1_1_U310/tmp_product output design_1_i/cnn_accel_top_0/inst/grp_dataflow_parent_loop_proc2_fu_316/dataflow_parent_loop_proc_U0/dataflow_in_loop_Row_Loop_1_U0/compute_and_write_row4_U0/grp_compute_and_write_row4_Pipeline_Acc_TileN_Conv_KY_Conv_KX_Conv_C_fu_306/mul_16s_16s_32_1_1_U310/tmp_product/P[47:0] is not pipelined (PREG=0). Pipelining the DSP48 output will improve performance and often saves power so it is suggested whenever possible to fully pipeline this function.  If this DSP48 function was inferred, it is suggested to describe an additional register stage after this function.  If the DSP48 was instantiated in the design, it is suggested to set the PREG attribute to 1.
Related violations: <none>

DPOP-3#78 Warning
PREG Output pipelining  
DSP design_1_i/cnn_accel_top_0/inst/grp_dataflow_parent_loop_proc2_fu_316/dataflow_parent_loop_proc_U0/dataflow_in_loop_Row_Loop_1_U0/compute_and_write_row4_U0/grp_compute_and_write_row4_Pipeline_Acc_TileN_Conv_KY_Conv_KX_Conv_C_fu_306/mul_16s_16s_32_1_1_U312/tmp_product output design_1_i/cnn_accel_top_0/inst/grp_dataflow_parent_loop_proc2_fu_316/dataflow_parent_loop_proc_U0/dataflow_in_loop_Row_Loop_1_U0/compute_and_write_row4_U0/grp_compute_and_write_row4_Pipeline_Acc_TileN_Conv_KY_Conv_KX_Conv_C_fu_306/mul_16s_16s_32_1_1_U312/tmp_product/P[47:0] is not pipelined (PREG=0). Pipelining the DSP48 output will improve performance and often saves power so it is suggested whenever possible to fully pipeline this function.  If this DSP48 function was inferred, it is suggested to describe an additional register stage after this function.  If the DSP48 was instantiated in the design, it is suggested to set the PREG attribute to 1.
Related violations: <none>

DPOP-3#79 Warning
PREG Output pipelining  
DSP design_1_i/cnn_accel_top_0/inst/grp_dataflow_parent_loop_proc2_fu_316/dataflow_parent_loop_proc_U0/dataflow_in_loop_Row_Loop_1_U0/compute_and_write_row4_U0/grp_compute_and_write_row4_Pipeline_Acc_TileN_Conv_KY_Conv_KX_Conv_C_fu_306/mul_16s_16s_32_1_1_U314/tmp_product output design_1_i/cnn_accel_top_0/inst/grp_dataflow_parent_loop_proc2_fu_316/dataflow_parent_loop_proc_U0/dataflow_in_loop_Row_Loop_1_U0/compute_and_write_row4_U0/grp_compute_and_write_row4_Pipeline_Acc_TileN_Conv_KY_Conv_KX_Conv_C_fu_306/mul_16s_16s_32_1_1_U314/tmp_product/P[47:0] is not pipelined (PREG=0). Pipelining the DSP48 output will improve performance and often saves power so it is suggested whenever possible to fully pipeline this function.  If this DSP48 function was inferred, it is suggested to describe an additional register stage after this function.  If the DSP48 was instantiated in the design, it is suggested to set the PREG attribute to 1.
Related violations: <none>

DPOP-3#80 Warning
PREG Output pipelining  
DSP design_1_i/cnn_accel_top_0/inst/grp_dataflow_parent_loop_proc2_fu_316/dataflow_parent_loop_proc_U0/dataflow_in_loop_Row_Loop_1_U0/compute_and_write_row4_U0/grp_compute_and_write_row4_Pipeline_Acc_TileN_Conv_KY_Conv_KX_Conv_C_fu_306/mul_16s_16s_32_1_1_U316/tmp_product output design_1_i/cnn_accel_top_0/inst/grp_dataflow_parent_loop_proc2_fu_316/dataflow_parent_loop_proc_U0/dataflow_in_loop_Row_Loop_1_U0/compute_and_write_row4_U0/grp_compute_and_write_row4_Pipeline_Acc_TileN_Conv_KY_Conv_KX_Conv_C_fu_306/mul_16s_16s_32_1_1_U316/tmp_product/P[47:0] is not pipelined (PREG=0). Pipelining the DSP48 output will improve performance and often saves power so it is suggested whenever possible to fully pipeline this function.  If this DSP48 function was inferred, it is suggested to describe an additional register stage after this function.  If the DSP48 was instantiated in the design, it is suggested to set the PREG attribute to 1.
Related violations: <none>

DPOP-3#81 Warning
PREG Output pipelining  
DSP design_1_i/cnn_accel_top_0/inst/grp_dataflow_parent_loop_proc2_fu_316/dataflow_parent_loop_proc_U0/dataflow_in_loop_Row_Loop_1_U0/compute_and_write_row4_U0/grp_compute_and_write_row4_Pipeline_Acc_TileN_Conv_KY_Conv_KX_Conv_C_fu_306/mul_16s_16s_32_1_1_U324/tmp_product output design_1_i/cnn_accel_top_0/inst/grp_dataflow_parent_loop_proc2_fu_316/dataflow_parent_loop_proc_U0/dataflow_in_loop_Row_Loop_1_U0/compute_and_write_row4_U0/grp_compute_and_write_row4_Pipeline_Acc_TileN_Conv_KY_Conv_KX_Conv_C_fu_306/mul_16s_16s_32_1_1_U324/tmp_product/P[47:0] is not pipelined (PREG=0). Pipelining the DSP48 output will improve performance and often saves power so it is suggested whenever possible to fully pipeline this function.  If this DSP48 function was inferred, it is suggested to describe an additional register stage after this function.  If the DSP48 was instantiated in the design, it is suggested to set the PREG attribute to 1.
Related violations: <none>

DPOP-3#82 Warning
PREG Output pipelining  
DSP design_1_i/cnn_accel_top_0/inst/grp_dataflow_parent_loop_proc2_fu_316/dataflow_parent_loop_proc_U0/dataflow_in_loop_Row_Loop_1_U0/compute_and_write_row4_U0/grp_compute_and_write_row4_Pipeline_Acc_TileN_Conv_KY_Conv_KX_Conv_C_fu_306/mul_16s_16s_32_1_1_U326/tmp_product output design_1_i/cnn_accel_top_0/inst/grp_dataflow_parent_loop_proc2_fu_316/dataflow_parent_loop_proc_U0/dataflow_in_loop_Row_Loop_1_U0/compute_and_write_row4_U0/grp_compute_and_write_row4_Pipeline_Acc_TileN_Conv_KY_Conv_KX_Conv_C_fu_306/mul_16s_16s_32_1_1_U326/tmp_product/P[47:0] is not pipelined (PREG=0). Pipelining the DSP48 output will improve performance and often saves power so it is suggested whenever possible to fully pipeline this function.  If this DSP48 function was inferred, it is suggested to describe an additional register stage after this function.  If the DSP48 was instantiated in the design, it is suggested to set the PREG attribute to 1.
Related violations: <none>

DPOP-3#83 Warning
PREG Output pipelining  
DSP design_1_i/cnn_accel_top_0/inst/grp_dataflow_parent_loop_proc2_fu_316/dataflow_parent_loop_proc_U0/dataflow_in_loop_Row_Loop_1_U0/compute_and_write_row4_U0/grp_compute_and_write_row4_Pipeline_Acc_TileN_Conv_KY_Conv_KX_Conv_C_fu_306/mul_16s_16s_32_1_1_U328/tmp_product output design_1_i/cnn_accel_top_0/inst/grp_dataflow_parent_loop_proc2_fu_316/dataflow_parent_loop_proc_U0/dataflow_in_loop_Row_Loop_1_U0/compute_and_write_row4_U0/grp_compute_and_write_row4_Pipeline_Acc_TileN_Conv_KY_Conv_KX_Conv_C_fu_306/mul_16s_16s_32_1_1_U328/tmp_product/P[47:0] is not pipelined (PREG=0). Pipelining the DSP48 output will improve performance and often saves power so it is suggested whenever possible to fully pipeline this function.  If this DSP48 function was inferred, it is suggested to describe an additional register stage after this function.  If the DSP48 was instantiated in the design, it is suggested to set the PREG attribute to 1.
Related violations: <none>

DPOP-3#84 Warning
PREG Output pipelining  
DSP design_1_i/cnn_accel_top_0/inst/grp_dataflow_parent_loop_proc2_fu_316/dataflow_parent_loop_proc_U0/dataflow_in_loop_Row_Loop_1_U0/compute_and_write_row4_U0/grp_compute_and_write_row4_Pipeline_Acc_TileN_Conv_KY_Conv_KX_Conv_C_fu_306/mul_16s_16s_32_1_1_U330/tmp_product output design_1_i/cnn_accel_top_0/inst/grp_dataflow_parent_loop_proc2_fu_316/dataflow_parent_loop_proc_U0/dataflow_in_loop_Row_Loop_1_U0/compute_and_write_row4_U0/grp_compute_and_write_row4_Pipeline_Acc_TileN_Conv_KY_Conv_KX_Conv_C_fu_306/mul_16s_16s_32_1_1_U330/tmp_product/P[47:0] is not pipelined (PREG=0). Pipelining the DSP48 output will improve performance and often saves power so it is suggested whenever possible to fully pipeline this function.  If this DSP48 function was inferred, it is suggested to describe an additional register stage after this function.  If the DSP48 was instantiated in the design, it is suggested to set the PREG attribute to 1.
Related violations: <none>

DPOP-3#85 Warning
PREG Output pipelining  
DSP design_1_i/cnn_accel_top_0/inst/grp_dataflow_parent_loop_proc2_fu_316/dataflow_parent_loop_proc_U0/dataflow_in_loop_Row_Loop_1_U0/compute_and_write_row4_U0/grp_compute_and_write_row4_Pipeline_Acc_TileN_Conv_KY_Conv_KX_Conv_C_fu_306/mul_16s_16s_32_1_1_U338/tmp_product output design_1_i/cnn_accel_top_0/inst/grp_dataflow_parent_loop_proc2_fu_316/dataflow_parent_loop_proc_U0/dataflow_in_loop_Row_Loop_1_U0/compute_and_write_row4_U0/grp_compute_and_write_row4_Pipeline_Acc_TileN_Conv_KY_Conv_KX_Conv_C_fu_306/mul_16s_16s_32_1_1_U338/tmp_product/P[47:0] is not pipelined (PREG=0). Pipelining the DSP48 output will improve performance and often saves power so it is suggested whenever possible to fully pipeline this function.  If this DSP48 function was inferred, it is suggested to describe an additional register stage after this function.  If the DSP48 was instantiated in the design, it is suggested to set the PREG attribute to 1.
Related violations: <none>

DPOP-3#86 Warning
PREG Output pipelining  
DSP design_1_i/cnn_accel_top_0/inst/grp_dataflow_parent_loop_proc2_fu_316/dataflow_parent_loop_proc_U0/dataflow_in_loop_Row_Loop_1_U0/compute_and_write_row4_U0/grp_compute_and_write_row4_Pipeline_Acc_TileN_Conv_KY_Conv_KX_Conv_C_fu_306/mul_16s_16s_32_1_1_U340/tmp_product output design_1_i/cnn_accel_top_0/inst/grp_dataflow_parent_loop_proc2_fu_316/dataflow_parent_loop_proc_U0/dataflow_in_loop_Row_Loop_1_U0/compute_and_write_row4_U0/grp_compute_and_write_row4_Pipeline_Acc_TileN_Conv_KY_Conv_KX_Conv_C_fu_306/mul_16s_16s_32_1_1_U340/tmp_product/P[47:0] is not pipelined (PREG=0). Pipelining the DSP48 output will improve performance and often saves power so it is suggested whenever possible to fully pipeline this function.  If this DSP48 function was inferred, it is suggested to describe an additional register stage after this function.  If the DSP48 was instantiated in the design, it is suggested to set the PREG attribute to 1.
Related violations: <none>

DPOP-3#87 Warning
PREG Output pipelining  
DSP design_1_i/cnn_accel_top_0/inst/grp_dataflow_parent_loop_proc2_fu_316/dataflow_parent_loop_proc_U0/dataflow_in_loop_Row_Loop_1_U0/compute_and_write_row4_U0/grp_compute_and_write_row4_Pipeline_Acc_TileN_Conv_KY_Conv_KX_Conv_C_fu_306/mul_16s_16s_32_1_1_U342/tmp_product output design_1_i/cnn_accel_top_0/inst/grp_dataflow_parent_loop_proc2_fu_316/dataflow_parent_loop_proc_U0/dataflow_in_loop_Row_Loop_1_U0/compute_and_write_row4_U0/grp_compute_and_write_row4_Pipeline_Acc_TileN_Conv_KY_Conv_KX_Conv_C_fu_306/mul_16s_16s_32_1_1_U342/tmp_product/P[47:0] is not pipelined (PREG=0). Pipelining the DSP48 output will improve performance and often saves power so it is suggested whenever possible to fully pipeline this function.  If this DSP48 function was inferred, it is suggested to describe an additional register stage after this function.  If the DSP48 was instantiated in the design, it is suggested to set the PREG attribute to 1.
Related violations: <none>

DPOP-3#88 Warning
PREG Output pipelining  
DSP design_1_i/cnn_accel_top_0/inst/grp_dataflow_parent_loop_proc2_fu_316/dataflow_parent_loop_proc_U0/dataflow_in_loop_Row_Loop_1_U0/compute_and_write_row4_U0/grp_compute_and_write_row4_Pipeline_Acc_TileN_Conv_KY_Conv_KX_Conv_C_fu_306/mul_16s_16s_32_1_1_U344/tmp_product output design_1_i/cnn_accel_top_0/inst/grp_dataflow_parent_loop_proc2_fu_316/dataflow_parent_loop_proc_U0/dataflow_in_loop_Row_Loop_1_U0/compute_and_write_row4_U0/grp_compute_and_write_row4_Pipeline_Acc_TileN_Conv_KY_Conv_KX_Conv_C_fu_306/mul_16s_16s_32_1_1_U344/tmp_product/P[47:0] is not pipelined (PREG=0). Pipelining the DSP48 output will improve performance and often saves power so it is suggested whenever possible to fully pipeline this function.  If this DSP48 function was inferred, it is suggested to describe an additional register stage after this function.  If the DSP48 was instantiated in the design, it is suggested to set the PREG attribute to 1.
Related violations: <none>

DPOP-3#89 Warning
PREG Output pipelining  
DSP design_1_i/cnn_accel_top_0/inst/grp_dataflow_parent_loop_proc2_fu_316/dataflow_parent_loop_proc_U0/dataflow_in_loop_Row_Loop_1_U0/compute_and_write_row4_U0/grp_compute_and_write_row4_Pipeline_Acc_TileN_Conv_KY_Conv_KX_Conv_C_fu_306/mul_16s_16s_32_1_1_U352/tmp_product output design_1_i/cnn_accel_top_0/inst/grp_dataflow_parent_loop_proc2_fu_316/dataflow_parent_loop_proc_U0/dataflow_in_loop_Row_Loop_1_U0/compute_and_write_row4_U0/grp_compute_and_write_row4_Pipeline_Acc_TileN_Conv_KY_Conv_KX_Conv_C_fu_306/mul_16s_16s_32_1_1_U352/tmp_product/P[47:0] is not pipelined (PREG=0). Pipelining the DSP48 output will improve performance and often saves power so it is suggested whenever possible to fully pipeline this function.  If this DSP48 function was inferred, it is suggested to describe an additional register stage after this function.  If the DSP48 was instantiated in the design, it is suggested to set the PREG attribute to 1.
Related violations: <none>

DPOP-3#90 Warning
PREG Output pipelining  
DSP design_1_i/cnn_accel_top_0/inst/grp_dataflow_parent_loop_proc2_fu_316/dataflow_parent_loop_proc_U0/dataflow_in_loop_Row_Loop_1_U0/compute_and_write_row4_U0/grp_compute_and_write_row4_Pipeline_Acc_TileN_Conv_KY_Conv_KX_Conv_C_fu_306/mul_16s_16s_32_1_1_U354/tmp_product output design_1_i/cnn_accel_top_0/inst/grp_dataflow_parent_loop_proc2_fu_316/dataflow_parent_loop_proc_U0/dataflow_in_loop_Row_Loop_1_U0/compute_and_write_row4_U0/grp_compute_and_write_row4_Pipeline_Acc_TileN_Conv_KY_Conv_KX_Conv_C_fu_306/mul_16s_16s_32_1_1_U354/tmp_product/P[47:0] is not pipelined (PREG=0). Pipelining the DSP48 output will improve performance and often saves power so it is suggested whenever possible to fully pipeline this function.  If this DSP48 function was inferred, it is suggested to describe an additional register stage after this function.  If the DSP48 was instantiated in the design, it is suggested to set the PREG attribute to 1.
Related violations: <none>

DPOP-3#91 Warning
PREG Output pipelining  
DSP design_1_i/cnn_accel_top_0/inst/grp_dataflow_parent_loop_proc2_fu_316/dataflow_parent_loop_proc_U0/dataflow_in_loop_Row_Loop_1_U0/compute_and_write_row4_U0/grp_compute_and_write_row4_Pipeline_Acc_TileN_Conv_KY_Conv_KX_Conv_C_fu_306/mul_16s_16s_32_1_1_U356/tmp_product output design_1_i/cnn_accel_top_0/inst/grp_dataflow_parent_loop_proc2_fu_316/dataflow_parent_loop_proc_U0/dataflow_in_loop_Row_Loop_1_U0/compute_and_write_row4_U0/grp_compute_and_write_row4_Pipeline_Acc_TileN_Conv_KY_Conv_KX_Conv_C_fu_306/mul_16s_16s_32_1_1_U356/tmp_product/P[47:0] is not pipelined (PREG=0). Pipelining the DSP48 output will improve performance and often saves power so it is suggested whenever possible to fully pipeline this function.  If this DSP48 function was inferred, it is suggested to describe an additional register stage after this function.  If the DSP48 was instantiated in the design, it is suggested to set the PREG attribute to 1.
Related violations: <none>

DPOP-3#92 Warning
PREG Output pipelining  
DSP design_1_i/cnn_accel_top_0/inst/grp_dataflow_parent_loop_proc2_fu_316/dataflow_parent_loop_proc_U0/dataflow_in_loop_Row_Loop_1_U0/compute_and_write_row4_U0/grp_compute_and_write_row4_Pipeline_Acc_TileN_Conv_KY_Conv_KX_Conv_C_fu_306/mul_16s_16s_32_1_1_U358/tmp_product output design_1_i/cnn_accel_top_0/inst/grp_dataflow_parent_loop_proc2_fu_316/dataflow_parent_loop_proc_U0/dataflow_in_loop_Row_Loop_1_U0/compute_and_write_row4_U0/grp_compute_and_write_row4_Pipeline_Acc_TileN_Conv_KY_Conv_KX_Conv_C_fu_306/mul_16s_16s_32_1_1_U358/tmp_product/P[47:0] is not pipelined (PREG=0). Pipelining the DSP48 output will improve performance and often saves power so it is suggested whenever possible to fully pipeline this function.  If this DSP48 function was inferred, it is suggested to describe an additional register stage after this function.  If the DSP48 was instantiated in the design, it is suggested to set the PREG attribute to 1.
Related violations: <none>

DPOP-3#93 Warning
PREG Output pipelining  
DSP design_1_i/cnn_accel_top_0/inst/grp_dataflow_parent_loop_proc2_fu_316/dataflow_parent_loop_proc_U0/dataflow_in_loop_Row_Loop_1_U0/compute_and_write_row4_U0/grp_compute_and_write_row4_Pipeline_Acc_TileN_Conv_KY_Conv_KX_Conv_C_fu_306/mul_16s_16s_32_1_1_U366/tmp_product output design_1_i/cnn_accel_top_0/inst/grp_dataflow_parent_loop_proc2_fu_316/dataflow_parent_loop_proc_U0/dataflow_in_loop_Row_Loop_1_U0/compute_and_write_row4_U0/grp_compute_and_write_row4_Pipeline_Acc_TileN_Conv_KY_Conv_KX_Conv_C_fu_306/mul_16s_16s_32_1_1_U366/tmp_product/P[47:0] is not pipelined (PREG=0). Pipelining the DSP48 output will improve performance and often saves power so it is suggested whenever possible to fully pipeline this function.  If this DSP48 function was inferred, it is suggested to describe an additional register stage after this function.  If the DSP48 was instantiated in the design, it is suggested to set the PREG attribute to 1.
Related violations: <none>

DPOP-3#94 Warning
PREG Output pipelining  
DSP design_1_i/cnn_accel_top_0/inst/grp_dataflow_parent_loop_proc2_fu_316/dataflow_parent_loop_proc_U0/dataflow_in_loop_Row_Loop_1_U0/compute_and_write_row4_U0/grp_compute_and_write_row4_Pipeline_Acc_TileN_Conv_KY_Conv_KX_Conv_C_fu_306/mul_16s_16s_32_1_1_U368/tmp_product output design_1_i/cnn_accel_top_0/inst/grp_dataflow_parent_loop_proc2_fu_316/dataflow_parent_loop_proc_U0/dataflow_in_loop_Row_Loop_1_U0/compute_and_write_row4_U0/grp_compute_and_write_row4_Pipeline_Acc_TileN_Conv_KY_Conv_KX_Conv_C_fu_306/mul_16s_16s_32_1_1_U368/tmp_product/P[47:0] is not pipelined (PREG=0). Pipelining the DSP48 output will improve performance and often saves power so it is suggested whenever possible to fully pipeline this function.  If this DSP48 function was inferred, it is suggested to describe an additional register stage after this function.  If the DSP48 was instantiated in the design, it is suggested to set the PREG attribute to 1.
Related violations: <none>

DPOP-3#95 Warning
PREG Output pipelining  
DSP design_1_i/cnn_accel_top_0/inst/grp_dataflow_parent_loop_proc2_fu_316/dataflow_parent_loop_proc_U0/dataflow_in_loop_Row_Loop_1_U0/compute_and_write_row4_U0/grp_compute_and_write_row4_Pipeline_Acc_TileN_Conv_KY_Conv_KX_Conv_C_fu_306/mul_16s_16s_32_1_1_U370/tmp_product output design_1_i/cnn_accel_top_0/inst/grp_dataflow_parent_loop_proc2_fu_316/dataflow_parent_loop_proc_U0/dataflow_in_loop_Row_Loop_1_U0/compute_and_write_row4_U0/grp_compute_and_write_row4_Pipeline_Acc_TileN_Conv_KY_Conv_KX_Conv_C_fu_306/mul_16s_16s_32_1_1_U370/tmp_product/P[47:0] is not pipelined (PREG=0). Pipelining the DSP48 output will improve performance and often saves power so it is suggested whenever possible to fully pipeline this function.  If this DSP48 function was inferred, it is suggested to describe an additional register stage after this function.  If the DSP48 was instantiated in the design, it is suggested to set the PREG attribute to 1.
Related violations: <none>

DPOP-3#96 Warning
PREG Output pipelining  
DSP design_1_i/cnn_accel_top_0/inst/grp_dataflow_parent_loop_proc2_fu_316/dataflow_parent_loop_proc_U0/dataflow_in_loop_Row_Loop_1_U0/compute_and_write_row4_U0/grp_compute_and_write_row4_Pipeline_Acc_TileN_Conv_KY_Conv_KX_Conv_C_fu_306/mul_16s_16s_32_1_1_U372/tmp_product output design_1_i/cnn_accel_top_0/inst/grp_dataflow_parent_loop_proc2_fu_316/dataflow_parent_loop_proc_U0/dataflow_in_loop_Row_Loop_1_U0/compute_and_write_row4_U0/grp_compute_and_write_row4_Pipeline_Acc_TileN_Conv_KY_Conv_KX_Conv_C_fu_306/mul_16s_16s_32_1_1_U372/tmp_product/P[47:0] is not pipelined (PREG=0). Pipelining the DSP48 output will improve performance and often saves power so it is suggested whenever possible to fully pipeline this function.  If this DSP48 function was inferred, it is suggested to describe an additional register stage after this function.  If the DSP48 was instantiated in the design, it is suggested to set the PREG attribute to 1.
Related violations: <none>

DPOP-3#97 Warning
PREG Output pipelining  
DSP design_1_i/cnn_accel_top_0/inst/grp_dataflow_parent_loop_proc2_fu_316/dataflow_parent_loop_proc_U0/dataflow_in_loop_Row_Loop_1_U0/load_line_buffer3_U0/mul_16s_8ns_23_1_1_U117/tmp_product output design_1_i/cnn_accel_top_0/inst/grp_dataflow_parent_loop_proc2_fu_316/dataflow_parent_loop_proc_U0/dataflow_in_loop_Row_Loop_1_U0/load_line_buffer3_U0/mul_16s_8ns_23_1_1_U117/tmp_product/P[47:0] is not pipelined (PREG=0). Pipelining the DSP48 output will improve performance and often saves power so it is suggested whenever possible to fully pipeline this function.  If this DSP48 function was inferred, it is suggested to describe an additional register stage after this function.  If the DSP48 was instantiated in the design, it is suggested to set the PREG attribute to 1.
Related violations: <none>

DPOP-3#98 Warning
PREG Output pipelining  
DSP design_1_i/cnn_accel_top_0/inst/grp_dataflow_parent_loop_proc2_fu_316/dataflow_parent_loop_proc_U0/dataflow_in_loop_Row_Loop_1_U0/load_line_buffer3_U0/mul_64ns_8ns_71_1_1_U114/tmp_product output design_1_i/cnn_accel_top_0/inst/grp_dataflow_parent_loop_proc2_fu_316/dataflow_parent_loop_proc_U0/dataflow_in_loop_Row_Loop_1_U0/load_line_buffer3_U0/mul_64ns_8ns_71_1_1_U114/tmp_product/P[47:0] is not pipelined (PREG=0). Pipelining the DSP48 output will improve performance and often saves power so it is suggested whenever possible to fully pipeline this function.  If this DSP48 function was inferred, it is suggested to describe an additional register stage after this function.  If the DSP48 was instantiated in the design, it is suggested to set the PREG attribute to 1.
Related violations: <none>

DPOP-3#99 Warning
PREG Output pipelining  
DSP design_1_i/cnn_accel_top_0/inst/grp_dataflow_parent_loop_proc2_fu_316/dataflow_parent_loop_proc_U0/dataflow_in_loop_Row_Loop_1_U0/load_line_buffer3_U0/mul_64ns_8ns_71_1_1_U114/tmp_product__0 output design_1_i/cnn_accel_top_0/inst/grp_dataflow_parent_loop_proc2_fu_316/dataflow_parent_loop_proc_U0/dataflow_in_loop_Row_Loop_1_U0/load_line_buffer3_U0/mul_64ns_8ns_71_1_1_U114/tmp_product__0/P[47:0] is not pipelined (PREG=0). Pipelining the DSP48 output will improve performance and often saves power so it is suggested whenever possible to fully pipeline this function.  If this DSP48 function was inferred, it is suggested to describe an additional register stage after this function.  If the DSP48 was instantiated in the design, it is suggested to set the PREG attribute to 1.
Related violations: <none>

DPOP-3#100 Warning
PREG Output pipelining  
DSP design_1_i/cnn_accel_top_0/inst/grp_global_avg_pool_fu_384/grp_global_avg_pool_Pipeline_Acc_Row_Acc_Col_Acc_Ch_fu_1267/add_43s_43s_43_1_1_U725/dout output design_1_i/cnn_accel_top_0/inst/grp_global_avg_pool_fu_384/grp_global_avg_pool_Pipeline_Acc_Row_Acc_Col_Acc_Ch_fu_1267/add_43s_43s_43_1_1_U725/dout/P[47:0] is not pipelined (PREG=0). Pipelining the DSP48 output will improve performance and often saves power so it is suggested whenever possible to fully pipeline this function.  If this DSP48 function was inferred, it is suggested to describe an additional register stage after this function.  If the DSP48 was instantiated in the design, it is suggested to set the PREG attribute to 1.
Related violations: <none>

DPOP-3#101 Warning
PREG Output pipelining  
DSP design_1_i/cnn_accel_top_0/inst/grp_global_avg_pool_fu_384/grp_global_avg_pool_Pipeline_Write_Avg_fu_1533/mul_42s_31ns_73_1_1_U989/tmp_product output design_1_i/cnn_accel_top_0/inst/grp_global_avg_pool_fu_384/grp_global_avg_pool_Pipeline_Write_Avg_fu_1533/mul_42s_31ns_73_1_1_U989/tmp_product/P[47:0] is not pipelined (PREG=0). Pipelining the DSP48 output will improve performance and often saves power so it is suggested whenever possible to fully pipeline this function.  If this DSP48 function was inferred, it is suggested to describe an additional register stage after this function.  If the DSP48 was instantiated in the design, it is suggested to set the PREG attribute to 1.
Related violations: <none>

DPOP-3#102 Warning
PREG Output pipelining  
DSP design_1_i/cnn_accel_top_0/inst/grp_global_avg_pool_fu_384/grp_global_avg_pool_Pipeline_Write_Avg_fu_1533/mul_42s_31ns_73_1_1_U989/tmp_product__0 output design_1_i/cnn_accel_top_0/inst/grp_global_avg_pool_fu_384/grp_global_avg_pool_Pipeline_Write_Avg_fu_1533/mul_42s_31ns_73_1_1_U989/tmp_product__0/P[47:0] is not pipelined (PREG=0). Pipelining the DSP48 output will improve performance and often saves power so it is suggested whenever possible to fully pipeline this function.  If this DSP48 function was inferred, it is suggested to describe an additional register stage after this function.  If the DSP48 was instantiated in the design, it is suggested to set the PREG attribute to 1.
Related violations: <none>

DPOP-3#103 Warning
PREG Output pipelining  
DSP design_1_i/cnn_accel_top_0/inst/grp_global_avg_pool_fu_384/grp_global_avg_pool_Pipeline_Write_Avg_fu_1533/mul_42s_31ns_73_1_1_U989/tmp_product__1 output design_1_i/cnn_accel_top_0/inst/grp_global_avg_pool_fu_384/grp_global_avg_pool_Pipeline_Write_Avg_fu_1533/mul_42s_31ns_73_1_1_U989/tmp_product__1/P[47:0] is not pipelined (PREG=0). Pipelining the DSP48 output will improve performance and often saves power so it is suggested whenever possible to fully pipeline this function.  If this DSP48 function was inferred, it is suggested to describe an additional register stage after this function.  If the DSP48 was instantiated in the design, it is suggested to set the PREG attribute to 1.
Related violations: <none>

DPOP-3#104 Warning
PREG Output pipelining  
DSP design_1_i/cnn_accel_top_0/inst/grp_global_avg_pool_fu_384/grp_global_avg_pool_Pipeline_Write_Avg_fu_1533/mul_42s_31ns_73_1_1_U989/tmp_product__2 output design_1_i/cnn_accel_top_0/inst/grp_global_avg_pool_fu_384/grp_global_avg_pool_Pipeline_Write_Avg_fu_1533/mul_42s_31ns_73_1_1_U989/tmp_product__2/P[47:0] is not pipelined (PREG=0). Pipelining the DSP48 output will improve performance and often saves power so it is suggested whenever possible to fully pipeline this function.  If this DSP48 function was inferred, it is suggested to describe an additional register stage after this function.  If the DSP48 was instantiated in the design, it is suggested to set the PREG attribute to 1.
Related violations: <none>

DPOP-3#105 Warning
PREG Output pipelining  
DSP design_1_i/cnn_accel_top_0/inst/grp_global_avg_pool_fu_384/mul_8ns_8ns_16_1_1_U1124/tmp_product output design_1_i/cnn_accel_top_0/inst/grp_global_avg_pool_fu_384/mul_8ns_8ns_16_1_1_U1124/tmp_product/P[47:0] is not pipelined (PREG=0). Pipelining the DSP48 output will improve performance and often saves power so it is suggested whenever possible to fully pipeline this function.  If this DSP48 function was inferred, it is suggested to describe an additional register stage after this function.  If the DSP48 was instantiated in the design, it is suggested to set the PREG attribute to 1.
Related violations: <none>

DPOP-3#106 Warning
PREG Output pipelining  
DSP design_1_i/cnn_accel_top_0/inst/grp_global_avg_pool_fu_384/mul_8ns_8ns_16_1_1_U1128/tmp_product output design_1_i/cnn_accel_top_0/inst/grp_global_avg_pool_fu_384/mul_8ns_8ns_16_1_1_U1128/tmp_product/P[47:0] is not pipelined (PREG=0). Pipelining the DSP48 output will improve performance and often saves power so it is suggested whenever possible to fully pipeline this function.  If this DSP48 function was inferred, it is suggested to describe an additional register stage after this function.  If the DSP48 was instantiated in the design, it is suggested to set the PREG attribute to 1.
Related violations: <none>

DPOP-3#107 Warning
PREG Output pipelining  
DSP design_1_i/cnn_accel_top_0/inst/grp_maxpool_2x2_fu_397/mul_15ns_7ns_20_1_1_U1161/tmp_product output design_1_i/cnn_accel_top_0/inst/grp_maxpool_2x2_fu_397/mul_15ns_7ns_20_1_1_U1161/tmp_product/P[47:0] is not pipelined (PREG=0). Pipelining the DSP48 output will improve performance and often saves power so it is suggested whenever possible to fully pipeline this function.  If this DSP48 function was inferred, it is suggested to describe an additional register stage after this function.  If the DSP48 was instantiated in the design, it is suggested to set the PREG attribute to 1.
Related violations: <none>

DPOP-3#108 Warning
PREG Output pipelining  
DSP design_1_i/cnn_accel_top_0/inst/grp_maxpool_2x2_fu_397/mul_15ns_7ns_21_1_1_U1160/tmp_product output design_1_i/cnn_accel_top_0/inst/grp_maxpool_2x2_fu_397/mul_15ns_7ns_21_1_1_U1160/tmp_product/P[47:0] is not pipelined (PREG=0). Pipelining the DSP48 output will improve performance and often saves power so it is suggested whenever possible to fully pipeline this function.  If this DSP48 function was inferred, it is suggested to describe an additional register stage after this function.  If the DSP48 was instantiated in the design, it is suggested to set the PREG attribute to 1.
Related violations: <none>

DPOP-3#109 Warning
PREG Output pipelining  
DSP design_1_i/cnn_accel_top_0/inst/grp_maxpool_2x2_fu_397/mul_8ns_7ns_15_1_1_U1159/tmp_product output design_1_i/cnn_accel_top_0/inst/grp_maxpool_2x2_fu_397/mul_8ns_7ns_15_1_1_U1159/tmp_product/P[47:0] is not pipelined (PREG=0). Pipelining the DSP48 output will improve performance and often saves power so it is suggested whenever possible to fully pipeline this function.  If this DSP48 function was inferred, it is suggested to describe an additional register stage after this function.  If the DSP48 was instantiated in the design, it is suggested to set the PREG attribute to 1.
Related violations: <none>

DPOP-3#110 Warning
PREG Output pipelining  
DSP design_1_i/cnn_accel_top_0/inst/grp_maxpool_2x2_fu_397/mul_8ns_8ns_16_1_1_U1158/tmp_product output design_1_i/cnn_accel_top_0/inst/grp_maxpool_2x2_fu_397/mul_8ns_8ns_16_1_1_U1158/tmp_product/P[47:0] is not pipelined (PREG=0). Pipelining the DSP48 output will improve performance and often saves power so it is suggested whenever possible to fully pipeline this function.  If this DSP48 function was inferred, it is suggested to describe an additional register stage after this function.  If the DSP48 was instantiated in the design, it is suggested to set the PREG attribute to 1.
Related violations: <none>

DPOP-4#1 Warning
MREG Output pipelining  
DSP design_1_i/cnn_accel_top_0/inst/grp_dataflow_parent_loop_proc2_fu_316/dataflow_parent_loop_proc_U0/dataflow_in_loop_Row_Loop_1_U0/compute_and_write_row4_U0/grp_compute_and_write_row4_Pipeline_Acc_TileN_Conv_KY_Conv_KX_Conv_C_fu_306/add_33s_33s_33_1_1_U165/dout multiplier stage design_1_i/cnn_accel_top_0/inst/grp_dataflow_parent_loop_proc2_fu_316/dataflow_parent_loop_proc_U0/dataflow_in_loop_Row_Loop_1_U0/compute_and_write_row4_U0/grp_compute_and_write_row4_Pipeline_Acc_TileN_Conv_KY_Conv_KX_Conv_C_fu_306/add_33s_33s_33_1_1_U165/dout/P[47:0] is not pipelined (MREG=0). Pipelining the multiplier function will improve performance and will save significant power so it is suggested whenever possible to fully pipeline this function.  If this multiplier was inferred, it is suggested to describe an additional register stage after this function.  If there is no registered adder/accumulator following the multiply function, two pipeline stages are suggested to allow both the MREG and PREG registers to be used.  If the DSP48 was instantiated in the design, it is suggested to set both the MREG and PREG attributes to 1 when performing multiply functions.
Related violations: <none>

DPOP-4#2 Warning
MREG Output pipelining  
DSP design_1_i/cnn_accel_top_0/inst/grp_dataflow_parent_loop_proc2_fu_316/dataflow_parent_loop_proc_U0/dataflow_in_loop_Row_Loop_1_U0/compute_and_write_row4_U0/grp_compute_and_write_row4_Pipeline_Acc_TileN_Conv_KY_Conv_KX_Conv_C_fu_306/add_33s_33s_33_1_1_U167/dout multiplier stage design_1_i/cnn_accel_top_0/inst/grp_dataflow_parent_loop_proc2_fu_316/dataflow_parent_loop_proc_U0/dataflow_in_loop_Row_Loop_1_U0/compute_and_write_row4_U0/grp_compute_and_write_row4_Pipeline_Acc_TileN_Conv_KY_Conv_KX_Conv_C_fu_306/add_33s_33s_33_1_1_U167/dout/P[47:0] is not pipelined (MREG=0). Pipelining the multiplier function will improve performance and will save significant power so it is suggested whenever possible to fully pipeline this function.  If this multiplier was inferred, it is suggested to describe an additional register stage after this function.  If there is no registered adder/accumulator following the multiply function, two pipeline stages are suggested to allow both the MREG and PREG registers to be used.  If the DSP48 was instantiated in the design, it is suggested to set both the MREG and PREG attributes to 1 when performing multiply functions.
Related violations: <none>

DPOP-4#3 Warning
MREG Output pipelining  
DSP design_1_i/cnn_accel_top_0/inst/grp_dataflow_parent_loop_proc2_fu_316/dataflow_parent_loop_proc_U0/dataflow_in_loop_Row_Loop_1_U0/compute_and_write_row4_U0/grp_compute_and_write_row4_Pipeline_Acc_TileN_Conv_KY_Conv_KX_Conv_C_fu_306/add_33s_33s_33_1_1_U179/dout multiplier stage design_1_i/cnn_accel_top_0/inst/grp_dataflow_parent_loop_proc2_fu_316/dataflow_parent_loop_proc_U0/dataflow_in_loop_Row_Loop_1_U0/compute_and_write_row4_U0/grp_compute_and_write_row4_Pipeline_Acc_TileN_Conv_KY_Conv_KX_Conv_C_fu_306/add_33s_33s_33_1_1_U179/dout/P[47:0] is not pipelined (MREG=0). Pipelining the multiplier function will improve performance and will save significant power so it is suggested whenever possible to fully pipeline this function.  If this multiplier was inferred, it is suggested to describe an additional register stage after this function.  If there is no registered adder/accumulator following the multiply function, two pipeline stages are suggested to allow both the MREG and PREG registers to be used.  If the DSP48 was instantiated in the design, it is suggested to set both the MREG and PREG attributes to 1 when performing multiply functions.
Related violations: <none>

DPOP-4#4 Warning
MREG Output pipelining  
DSP design_1_i/cnn_accel_top_0/inst/grp_dataflow_parent_loop_proc2_fu_316/dataflow_parent_loop_proc_U0/dataflow_in_loop_Row_Loop_1_U0/compute_and_write_row4_U0/grp_compute_and_write_row4_Pipeline_Acc_TileN_Conv_KY_Conv_KX_Conv_C_fu_306/add_33s_33s_33_1_1_U181/dout multiplier stage design_1_i/cnn_accel_top_0/inst/grp_dataflow_parent_loop_proc2_fu_316/dataflow_parent_loop_proc_U0/dataflow_in_loop_Row_Loop_1_U0/compute_and_write_row4_U0/grp_compute_and_write_row4_Pipeline_Acc_TileN_Conv_KY_Conv_KX_Conv_C_fu_306/add_33s_33s_33_1_1_U181/dout/P[47:0] is not pipelined (MREG=0). Pipelining the multiplier function will improve performance and will save significant power so it is suggested whenever possible to fully pipeline this function.  If this multiplier was inferred, it is suggested to describe an additional register stage after this function.  If there is no registered adder/accumulator following the multiply function, two pipeline stages are suggested to allow both the MREG and PREG registers to be used.  If the DSP48 was instantiated in the design, it is suggested to set both the MREG and PREG attributes to 1 when performing multiply functions.
Related violations: <none>

DPOP-4#5 Warning
MREG Output pipelining  
DSP design_1_i/cnn_accel_top_0/inst/grp_dataflow_parent_loop_proc2_fu_316/dataflow_parent_loop_proc_U0/dataflow_in_loop_Row_Loop_1_U0/compute_and_write_row4_U0/grp_compute_and_write_row4_Pipeline_Acc_TileN_Conv_KY_Conv_KX_Conv_C_fu_306/add_33s_33s_33_1_1_U193/dout multiplier stage design_1_i/cnn_accel_top_0/inst/grp_dataflow_parent_loop_proc2_fu_316/dataflow_parent_loop_proc_U0/dataflow_in_loop_Row_Loop_1_U0/compute_and_write_row4_U0/grp_compute_and_write_row4_Pipeline_Acc_TileN_Conv_KY_Conv_KX_Conv_C_fu_306/add_33s_33s_33_1_1_U193/dout/P[47:0] is not pipelined (MREG=0). Pipelining the multiplier function will improve performance and will save significant power so it is suggested whenever possible to fully pipeline this function.  If this multiplier was inferred, it is suggested to describe an additional register stage after this function.  If there is no registered adder/accumulator following the multiply function, two pipeline stages are suggested to allow both the MREG and PREG registers to be used.  If the DSP48 was instantiated in the design, it is suggested to set both the MREG and PREG attributes to 1 when performing multiply functions.
Related violations: <none>

DPOP-4#6 Warning
MREG Output pipelining  
DSP design_1_i/cnn_accel_top_0/inst/grp_dataflow_parent_loop_proc2_fu_316/dataflow_parent_loop_proc_U0/dataflow_in_loop_Row_Loop_1_U0/compute_and_write_row4_U0/grp_compute_and_write_row4_Pipeline_Acc_TileN_Conv_KY_Conv_KX_Conv_C_fu_306/add_33s_33s_33_1_1_U195/dout multiplier stage design_1_i/cnn_accel_top_0/inst/grp_dataflow_parent_loop_proc2_fu_316/dataflow_parent_loop_proc_U0/dataflow_in_loop_Row_Loop_1_U0/compute_and_write_row4_U0/grp_compute_and_write_row4_Pipeline_Acc_TileN_Conv_KY_Conv_KX_Conv_C_fu_306/add_33s_33s_33_1_1_U195/dout/P[47:0] is not pipelined (MREG=0). Pipelining the multiplier function will improve performance and will save significant power so it is suggested whenever possible to fully pipeline this function.  If this multiplier was inferred, it is suggested to describe an additional register stage after this function.  If there is no registered adder/accumulator following the multiply function, two pipeline stages are suggested to allow both the MREG and PREG registers to be used.  If the DSP48 was instantiated in the design, it is suggested to set both the MREG and PREG attributes to 1 when performing multiply functions.
Related violations: <none>

DPOP-4#7 Warning
MREG Output pipelining  
DSP design_1_i/cnn_accel_top_0/inst/grp_dataflow_parent_loop_proc2_fu_316/dataflow_parent_loop_proc_U0/dataflow_in_loop_Row_Loop_1_U0/compute_and_write_row4_U0/grp_compute_and_write_row4_Pipeline_Acc_TileN_Conv_KY_Conv_KX_Conv_C_fu_306/add_33s_33s_33_1_1_U207/dout multiplier stage design_1_i/cnn_accel_top_0/inst/grp_dataflow_parent_loop_proc2_fu_316/dataflow_parent_loop_proc_U0/dataflow_in_loop_Row_Loop_1_U0/compute_and_write_row4_U0/grp_compute_and_write_row4_Pipeline_Acc_TileN_Conv_KY_Conv_KX_Conv_C_fu_306/add_33s_33s_33_1_1_U207/dout/P[47:0] is not pipelined (MREG=0). Pipelining the multiplier function will improve performance and will save significant power so it is suggested whenever possible to fully pipeline this function.  If this multiplier was inferred, it is suggested to describe an additional register stage after this function.  If there is no registered adder/accumulator following the multiply function, two pipeline stages are suggested to allow both the MREG and PREG registers to be used.  If the DSP48 was instantiated in the design, it is suggested to set both the MREG and PREG attributes to 1 when performing multiply functions.
Related violations: <none>

DPOP-4#8 Warning
MREG Output pipelining  
DSP design_1_i/cnn_accel_top_0/inst/grp_dataflow_parent_loop_proc2_fu_316/dataflow_parent_loop_proc_U0/dataflow_in_loop_Row_Loop_1_U0/compute_and_write_row4_U0/grp_compute_and_write_row4_Pipeline_Acc_TileN_Conv_KY_Conv_KX_Conv_C_fu_306/add_33s_33s_33_1_1_U209/dout multiplier stage design_1_i/cnn_accel_top_0/inst/grp_dataflow_parent_loop_proc2_fu_316/dataflow_parent_loop_proc_U0/dataflow_in_loop_Row_Loop_1_U0/compute_and_write_row4_U0/grp_compute_and_write_row4_Pipeline_Acc_TileN_Conv_KY_Conv_KX_Conv_C_fu_306/add_33s_33s_33_1_1_U209/dout/P[47:0] is not pipelined (MREG=0). Pipelining the multiplier function will improve performance and will save significant power so it is suggested whenever possible to fully pipeline this function.  If this multiplier was inferred, it is suggested to describe an additional register stage after this function.  If there is no registered adder/accumulator following the multiply function, two pipeline stages are suggested to allow both the MREG and PREG registers to be used.  If the DSP48 was instantiated in the design, it is suggested to set both the MREG and PREG attributes to 1 when performing multiply functions.
Related violations: <none>

DPOP-4#9 Warning
MREG Output pipelining  
DSP design_1_i/cnn_accel_top_0/inst/grp_dataflow_parent_loop_proc2_fu_316/dataflow_parent_loop_proc_U0/dataflow_in_loop_Row_Loop_1_U0/compute_and_write_row4_U0/grp_compute_and_write_row4_Pipeline_Acc_TileN_Conv_KY_Conv_KX_Conv_C_fu_306/add_33s_33s_33_1_1_U221/dout multiplier stage design_1_i/cnn_accel_top_0/inst/grp_dataflow_parent_loop_proc2_fu_316/dataflow_parent_loop_proc_U0/dataflow_in_loop_Row_Loop_1_U0/compute_and_write_row4_U0/grp_compute_and_write_row4_Pipeline_Acc_TileN_Conv_KY_Conv_KX_Conv_C_fu_306/add_33s_33s_33_1_1_U221/dout/P[47:0] is not pipelined (MREG=0). Pipelining the multiplier function will improve performance and will save significant power so it is suggested whenever possible to fully pipeline this function.  If this multiplier was inferred, it is suggested to describe an additional register stage after this function.  If there is no registered adder/accumulator following the multiply function, two pipeline stages are suggested to allow both the MREG and PREG registers to be used.  If the DSP48 was instantiated in the design, it is suggested to set both the MREG and PREG attributes to 1 when performing multiply functions.
Related violations: <none>

DPOP-4#10 Warning
MREG Output pipelining  
DSP design_1_i/cnn_accel_top_0/inst/grp_dataflow_parent_loop_proc2_fu_316/dataflow_parent_loop_proc_U0/dataflow_in_loop_Row_Loop_1_U0/compute_and_write_row4_U0/grp_compute_and_write_row4_Pipeline_Acc_TileN_Conv_KY_Conv_KX_Conv_C_fu_306/add_33s_33s_33_1_1_U223/dout multiplier stage design_1_i/cnn_accel_top_0/inst/grp_dataflow_parent_loop_proc2_fu_316/dataflow_parent_loop_proc_U0/dataflow_in_loop_Row_Loop_1_U0/compute_and_write_row4_U0/grp_compute_and_write_row4_Pipeline_Acc_TileN_Conv_KY_Conv_KX_Conv_C_fu_306/add_33s_33s_33_1_1_U223/dout/P[47:0] is not pipelined (MREG=0). Pipelining the multiplier function will improve performance and will save significant power so it is suggested whenever possible to fully pipeline this function.  If this multiplier was inferred, it is suggested to describe an additional register stage after this function.  If there is no registered adder/accumulator following the multiply function, two pipeline stages are suggested to allow both the MREG and PREG registers to be used.  If the DSP48 was instantiated in the design, it is suggested to set both the MREG and PREG attributes to 1 when performing multiply functions.
Related violations: <none>

DPOP-4#11 Warning
MREG Output pipelining  
DSP design_1_i/cnn_accel_top_0/inst/grp_dataflow_parent_loop_proc2_fu_316/dataflow_parent_loop_proc_U0/dataflow_in_loop_Row_Loop_1_U0/compute_and_write_row4_U0/grp_compute_and_write_row4_Pipeline_Acc_TileN_Conv_KY_Conv_KX_Conv_C_fu_306/add_33s_33s_33_1_1_U235/dout multiplier stage design_1_i/cnn_accel_top_0/inst/grp_dataflow_parent_loop_proc2_fu_316/dataflow_parent_loop_proc_U0/dataflow_in_loop_Row_Loop_1_U0/compute_and_write_row4_U0/grp_compute_and_write_row4_Pipeline_Acc_TileN_Conv_KY_Conv_KX_Conv_C_fu_306/add_33s_33s_33_1_1_U235/dout/P[47:0] is not pipelined (MREG=0). Pipelining the multiplier function will improve performance and will save significant power so it is suggested whenever possible to fully pipeline this function.  If this multiplier was inferred, it is suggested to describe an additional register stage after this function.  If there is no registered adder/accumulator following the multiply function, two pipeline stages are suggested to allow both the MREG and PREG registers to be used.  If the DSP48 was instantiated in the design, it is suggested to set both the MREG and PREG attributes to 1 when performing multiply functions.
Related violations: <none>

DPOP-4#12 Warning
MREG Output pipelining  
DSP design_1_i/cnn_accel_top_0/inst/grp_dataflow_parent_loop_proc2_fu_316/dataflow_parent_loop_proc_U0/dataflow_in_loop_Row_Loop_1_U0/compute_and_write_row4_U0/grp_compute_and_write_row4_Pipeline_Acc_TileN_Conv_KY_Conv_KX_Conv_C_fu_306/add_33s_33s_33_1_1_U237/dout multiplier stage design_1_i/cnn_accel_top_0/inst/grp_dataflow_parent_loop_proc2_fu_316/dataflow_parent_loop_proc_U0/dataflow_in_loop_Row_Loop_1_U0/compute_and_write_row4_U0/grp_compute_and_write_row4_Pipeline_Acc_TileN_Conv_KY_Conv_KX_Conv_C_fu_306/add_33s_33s_33_1_1_U237/dout/P[47:0] is not pipelined (MREG=0). Pipelining the multiplier function will improve performance and will save significant power so it is suggested whenever possible to fully pipeline this function.  If this multiplier was inferred, it is suggested to describe an additional register stage after this function.  If there is no registered adder/accumulator following the multiply function, two pipeline stages are suggested to allow both the MREG and PREG registers to be used.  If the DSP48 was instantiated in the design, it is suggested to set both the MREG and PREG attributes to 1 when performing multiply functions.
Related violations: <none>

DPOP-4#13 Warning
MREG Output pipelining  
DSP design_1_i/cnn_accel_top_0/inst/grp_dataflow_parent_loop_proc2_fu_316/dataflow_parent_loop_proc_U0/dataflow_in_loop_Row_Loop_1_U0/compute_and_write_row4_U0/grp_compute_and_write_row4_Pipeline_Acc_TileN_Conv_KY_Conv_KX_Conv_C_fu_306/add_33s_33s_33_1_1_U249/dout multiplier stage design_1_i/cnn_accel_top_0/inst/grp_dataflow_parent_loop_proc2_fu_316/dataflow_parent_loop_proc_U0/dataflow_in_loop_Row_Loop_1_U0/compute_and_write_row4_U0/grp_compute_and_write_row4_Pipeline_Acc_TileN_Conv_KY_Conv_KX_Conv_C_fu_306/add_33s_33s_33_1_1_U249/dout/P[47:0] is not pipelined (MREG=0). Pipelining the multiplier function will improve performance and will save significant power so it is suggested whenever possible to fully pipeline this function.  If this multiplier was inferred, it is suggested to describe an additional register stage after this function.  If there is no registered adder/accumulator following the multiply function, two pipeline stages are suggested to allow both the MREG and PREG registers to be used.  If the DSP48 was instantiated in the design, it is suggested to set both the MREG and PREG attributes to 1 when performing multiply functions.
Related violations: <none>

DPOP-4#14 Warning
MREG Output pipelining  
DSP design_1_i/cnn_accel_top_0/inst/grp_dataflow_parent_loop_proc2_fu_316/dataflow_parent_loop_proc_U0/dataflow_in_loop_Row_Loop_1_U0/compute_and_write_row4_U0/grp_compute_and_write_row4_Pipeline_Acc_TileN_Conv_KY_Conv_KX_Conv_C_fu_306/add_33s_33s_33_1_1_U251/dout multiplier stage design_1_i/cnn_accel_top_0/inst/grp_dataflow_parent_loop_proc2_fu_316/dataflow_parent_loop_proc_U0/dataflow_in_loop_Row_Loop_1_U0/compute_and_write_row4_U0/grp_compute_and_write_row4_Pipeline_Acc_TileN_Conv_KY_Conv_KX_Conv_C_fu_306/add_33s_33s_33_1_1_U251/dout/P[47:0] is not pipelined (MREG=0). Pipelining the multiplier function will improve performance and will save significant power so it is suggested whenever possible to fully pipeline this function.  If this multiplier was inferred, it is suggested to describe an additional register stage after this function.  If there is no registered adder/accumulator following the multiply function, two pipeline stages are suggested to allow both the MREG and PREG registers to be used.  If the DSP48 was instantiated in the design, it is suggested to set both the MREG and PREG attributes to 1 when performing multiply functions.
Related violations: <none>

DPOP-4#15 Warning
MREG Output pipelining  
DSP design_1_i/cnn_accel_top_0/inst/grp_dataflow_parent_loop_proc2_fu_316/dataflow_parent_loop_proc_U0/dataflow_in_loop_Row_Loop_1_U0/compute_and_write_row4_U0/grp_compute_and_write_row4_Pipeline_Acc_TileN_Conv_KY_Conv_KX_Conv_C_fu_306/add_33s_33s_33_1_1_U263/dout multiplier stage design_1_i/cnn_accel_top_0/inst/grp_dataflow_parent_loop_proc2_fu_316/dataflow_parent_loop_proc_U0/dataflow_in_loop_Row_Loop_1_U0/compute_and_write_row4_U0/grp_compute_and_write_row4_Pipeline_Acc_TileN_Conv_KY_Conv_KX_Conv_C_fu_306/add_33s_33s_33_1_1_U263/dout/P[47:0] is not pipelined (MREG=0). Pipelining the multiplier function will improve performance and will save significant power so it is suggested whenever possible to fully pipeline this function.  If this multiplier was inferred, it is suggested to describe an additional register stage after this function.  If there is no registered adder/accumulator following the multiply function, two pipeline stages are suggested to allow both the MREG and PREG registers to be used.  If the DSP48 was instantiated in the design, it is suggested to set both the MREG and PREG attributes to 1 when performing multiply functions.
Related violations: <none>

DPOP-4#16 Warning
MREG Output pipelining  
DSP design_1_i/cnn_accel_top_0/inst/grp_dataflow_parent_loop_proc2_fu_316/dataflow_parent_loop_proc_U0/dataflow_in_loop_Row_Loop_1_U0/compute_and_write_row4_U0/grp_compute_and_write_row4_Pipeline_Acc_TileN_Conv_KY_Conv_KX_Conv_C_fu_306/add_33s_33s_33_1_1_U265/dout multiplier stage design_1_i/cnn_accel_top_0/inst/grp_dataflow_parent_loop_proc2_fu_316/dataflow_parent_loop_proc_U0/dataflow_in_loop_Row_Loop_1_U0/compute_and_write_row4_U0/grp_compute_and_write_row4_Pipeline_Acc_TileN_Conv_KY_Conv_KX_Conv_C_fu_306/add_33s_33s_33_1_1_U265/dout/P[47:0] is not pipelined (MREG=0). Pipelining the multiplier function will improve performance and will save significant power so it is suggested whenever possible to fully pipeline this function.  If this multiplier was inferred, it is suggested to describe an additional register stage after this function.  If there is no registered adder/accumulator following the multiply function, two pipeline stages are suggested to allow both the MREG and PREG registers to be used.  If the DSP48 was instantiated in the design, it is suggested to set both the MREG and PREG attributes to 1 when performing multiply functions.
Related violations: <none>

DPOP-4#17 Warning
MREG Output pipelining  
DSP design_1_i/cnn_accel_top_0/inst/grp_dataflow_parent_loop_proc2_fu_316/dataflow_parent_loop_proc_U0/dataflow_in_loop_Row_Loop_1_U0/compute_and_write_row4_U0/grp_compute_and_write_row4_Pipeline_Acc_TileN_Conv_KY_Conv_KX_Conv_C_fu_306/add_33s_33s_33_1_1_U277/dout multiplier stage design_1_i/cnn_accel_top_0/inst/grp_dataflow_parent_loop_proc2_fu_316/dataflow_parent_loop_proc_U0/dataflow_in_loop_Row_Loop_1_U0/compute_and_write_row4_U0/grp_compute_and_write_row4_Pipeline_Acc_TileN_Conv_KY_Conv_KX_Conv_C_fu_306/add_33s_33s_33_1_1_U277/dout/P[47:0] is not pipelined (MREG=0). Pipelining the multiplier function will improve performance and will save significant power so it is suggested whenever possible to fully pipeline this function.  If this multiplier was inferred, it is suggested to describe an additional register stage after this function.  If there is no registered adder/accumulator following the multiply function, two pipeline stages are suggested to allow both the MREG and PREG registers to be used.  If the DSP48 was instantiated in the design, it is suggested to set both the MREG and PREG attributes to 1 when performing multiply functions.
Related violations: <none>

DPOP-4#18 Warning
MREG Output pipelining  
DSP design_1_i/cnn_accel_top_0/inst/grp_dataflow_parent_loop_proc2_fu_316/dataflow_parent_loop_proc_U0/dataflow_in_loop_Row_Loop_1_U0/compute_and_write_row4_U0/grp_compute_and_write_row4_Pipeline_Acc_TileN_Conv_KY_Conv_KX_Conv_C_fu_306/add_33s_33s_33_1_1_U279/dout multiplier stage design_1_i/cnn_accel_top_0/inst/grp_dataflow_parent_loop_proc2_fu_316/dataflow_parent_loop_proc_U0/dataflow_in_loop_Row_Loop_1_U0/compute_and_write_row4_U0/grp_compute_and_write_row4_Pipeline_Acc_TileN_Conv_KY_Conv_KX_Conv_C_fu_306/add_33s_33s_33_1_1_U279/dout/P[47:0] is not pipelined (MREG=0). Pipelining the multiplier function will improve performance and will save significant power so it is suggested whenever possible to fully pipeline this function.  If this multiplier was inferred, it is suggested to describe an additional register stage after this function.  If there is no registered adder/accumulator following the multiply function, two pipeline stages are suggested to allow both the MREG and PREG registers to be used.  If the DSP48 was instantiated in the design, it is suggested to set both the MREG and PREG attributes to 1 when performing multiply functions.
Related violations: <none>

DPOP-4#19 Warning
MREG Output pipelining  
DSP design_1_i/cnn_accel_top_0/inst/grp_dataflow_parent_loop_proc2_fu_316/dataflow_parent_loop_proc_U0/dataflow_in_loop_Row_Loop_1_U0/compute_and_write_row4_U0/grp_compute_and_write_row4_Pipeline_Acc_TileN_Conv_KY_Conv_KX_Conv_C_fu_306/add_33s_33s_33_1_1_U291/dout multiplier stage design_1_i/cnn_accel_top_0/inst/grp_dataflow_parent_loop_proc2_fu_316/dataflow_parent_loop_proc_U0/dataflow_in_loop_Row_Loop_1_U0/compute_and_write_row4_U0/grp_compute_and_write_row4_Pipeline_Acc_TileN_Conv_KY_Conv_KX_Conv_C_fu_306/add_33s_33s_33_1_1_U291/dout/P[47:0] is not pipelined (MREG=0). Pipelining the multiplier function will improve performance and will save significant power so it is suggested whenever possible to fully pipeline this function.  If this multiplier was inferred, it is suggested to describe an additional register stage after this function.  If there is no registered adder/accumulator following the multiply function, two pipeline stages are suggested to allow both the MREG and PREG registers to be used.  If the DSP48 was instantiated in the design, it is suggested to set both the MREG and PREG attributes to 1 when performing multiply functions.
Related violations: <none>

DPOP-4#20 Warning
MREG Output pipelining  
DSP design_1_i/cnn_accel_top_0/inst/grp_dataflow_parent_loop_proc2_fu_316/dataflow_parent_loop_proc_U0/dataflow_in_loop_Row_Loop_1_U0/compute_and_write_row4_U0/grp_compute_and_write_row4_Pipeline_Acc_TileN_Conv_KY_Conv_KX_Conv_C_fu_306/add_33s_33s_33_1_1_U293/dout multiplier stage design_1_i/cnn_accel_top_0/inst/grp_dataflow_parent_loop_proc2_fu_316/dataflow_parent_loop_proc_U0/dataflow_in_loop_Row_Loop_1_U0/compute_and_write_row4_U0/grp_compute_and_write_row4_Pipeline_Acc_TileN_Conv_KY_Conv_KX_Conv_C_fu_306/add_33s_33s_33_1_1_U293/dout/P[47:0] is not pipelined (MREG=0). Pipelining the multiplier function will improve performance and will save significant power so it is suggested whenever possible to fully pipeline this function.  If this multiplier was inferred, it is suggested to describe an additional register stage after this function.  If there is no registered adder/accumulator following the multiply function, two pipeline stages are suggested to allow both the MREG and PREG registers to be used.  If the DSP48 was instantiated in the design, it is suggested to set both the MREG and PREG attributes to 1 when performing multiply functions.
Related violations: <none>

DPOP-4#21 Warning
MREG Output pipelining  
DSP design_1_i/cnn_accel_top_0/inst/grp_dataflow_parent_loop_proc2_fu_316/dataflow_parent_loop_proc_U0/dataflow_in_loop_Row_Loop_1_U0/compute_and_write_row4_U0/grp_compute_and_write_row4_Pipeline_Acc_TileN_Conv_KY_Conv_KX_Conv_C_fu_306/add_33s_33s_33_1_1_U305/dout multiplier stage design_1_i/cnn_accel_top_0/inst/grp_dataflow_parent_loop_proc2_fu_316/dataflow_parent_loop_proc_U0/dataflow_in_loop_Row_Loop_1_U0/compute_and_write_row4_U0/grp_compute_and_write_row4_Pipeline_Acc_TileN_Conv_KY_Conv_KX_Conv_C_fu_306/add_33s_33s_33_1_1_U305/dout/P[47:0] is not pipelined (MREG=0). Pipelining the multiplier function will improve performance and will save significant power so it is suggested whenever possible to fully pipeline this function.  If this multiplier was inferred, it is suggested to describe an additional register stage after this function.  If there is no registered adder/accumulator following the multiply function, two pipeline stages are suggested to allow both the MREG and PREG registers to be used.  If the DSP48 was instantiated in the design, it is suggested to set both the MREG and PREG attributes to 1 when performing multiply functions.
Related violations: <none>

DPOP-4#22 Warning
MREG Output pipelining  
DSP design_1_i/cnn_accel_top_0/inst/grp_dataflow_parent_loop_proc2_fu_316/dataflow_parent_loop_proc_U0/dataflow_in_loop_Row_Loop_1_U0/compute_and_write_row4_U0/grp_compute_and_write_row4_Pipeline_Acc_TileN_Conv_KY_Conv_KX_Conv_C_fu_306/add_33s_33s_33_1_1_U307/dout multiplier stage design_1_i/cnn_accel_top_0/inst/grp_dataflow_parent_loop_proc2_fu_316/dataflow_parent_loop_proc_U0/dataflow_in_loop_Row_Loop_1_U0/compute_and_write_row4_U0/grp_compute_and_write_row4_Pipeline_Acc_TileN_Conv_KY_Conv_KX_Conv_C_fu_306/add_33s_33s_33_1_1_U307/dout/P[47:0] is not pipelined (MREG=0). Pipelining the multiplier function will improve performance and will save significant power so it is suggested whenever possible to fully pipeline this function.  If this multiplier was inferred, it is suggested to describe an additional register stage after this function.  If there is no registered adder/accumulator following the multiply function, two pipeline stages are suggested to allow both the MREG and PREG registers to be used.  If the DSP48 was instantiated in the design, it is suggested to set both the MREG and PREG attributes to 1 when performing multiply functions.
Related violations: <none>

DPOP-4#23 Warning
MREG Output pipelining  
DSP design_1_i/cnn_accel_top_0/inst/grp_dataflow_parent_loop_proc2_fu_316/dataflow_parent_loop_proc_U0/dataflow_in_loop_Row_Loop_1_U0/compute_and_write_row4_U0/grp_compute_and_write_row4_Pipeline_Acc_TileN_Conv_KY_Conv_KX_Conv_C_fu_306/add_33s_33s_33_1_1_U319/dout multiplier stage design_1_i/cnn_accel_top_0/inst/grp_dataflow_parent_loop_proc2_fu_316/dataflow_parent_loop_proc_U0/dataflow_in_loop_Row_Loop_1_U0/compute_and_write_row4_U0/grp_compute_and_write_row4_Pipeline_Acc_TileN_Conv_KY_Conv_KX_Conv_C_fu_306/add_33s_33s_33_1_1_U319/dout/P[47:0] is not pipelined (MREG=0). Pipelining the multiplier function will improve performance and will save significant power so it is suggested whenever possible to fully pipeline this function.  If this multiplier was inferred, it is suggested to describe an additional register stage after this function.  If there is no registered adder/accumulator following the multiply function, two pipeline stages are suggested to allow both the MREG and PREG registers to be used.  If the DSP48 was instantiated in the design, it is suggested to set both the MREG and PREG attributes to 1 when performing multiply functions.
Related violations: <none>

DPOP-4#24 Warning
MREG Output pipelining  
DSP design_1_i/cnn_accel_top_0/inst/grp_dataflow_parent_loop_proc2_fu_316/dataflow_parent_loop_proc_U0/dataflow_in_loop_Row_Loop_1_U0/compute_and_write_row4_U0/grp_compute_and_write_row4_Pipeline_Acc_TileN_Conv_KY_Conv_KX_Conv_C_fu_306/add_33s_33s_33_1_1_U321/dout multiplier stage design_1_i/cnn_accel_top_0/inst/grp_dataflow_parent_loop_proc2_fu_316/dataflow_parent_loop_proc_U0/dataflow_in_loop_Row_Loop_1_U0/compute_and_write_row4_U0/grp_compute_and_write_row4_Pipeline_Acc_TileN_Conv_KY_Conv_KX_Conv_C_fu_306/add_33s_33s_33_1_1_U321/dout/P[47:0] is not pipelined (MREG=0). Pipelining the multiplier function will improve performance and will save significant power so it is suggested whenever possible to fully pipeline this function.  If this multiplier was inferred, it is suggested to describe an additional register stage after this function.  If there is no registered adder/accumulator following the multiply function, two pipeline stages are suggested to allow both the MREG and PREG registers to be used.  If the DSP48 was instantiated in the design, it is suggested to set both the MREG and PREG attributes to 1 when performing multiply functions.
Related violations: <none>

DPOP-4#25 Warning
MREG Output pipelining  
DSP design_1_i/cnn_accel_top_0/inst/grp_dataflow_parent_loop_proc2_fu_316/dataflow_parent_loop_proc_U0/dataflow_in_loop_Row_Loop_1_U0/compute_and_write_row4_U0/grp_compute_and_write_row4_Pipeline_Acc_TileN_Conv_KY_Conv_KX_Conv_C_fu_306/add_33s_33s_33_1_1_U333/dout multiplier stage design_1_i/cnn_accel_top_0/inst/grp_dataflow_parent_loop_proc2_fu_316/dataflow_parent_loop_proc_U0/dataflow_in_loop_Row_Loop_1_U0/compute_and_write_row4_U0/grp_compute_and_write_row4_Pipeline_Acc_TileN_Conv_KY_Conv_KX_Conv_C_fu_306/add_33s_33s_33_1_1_U333/dout/P[47:0] is not pipelined (MREG=0). Pipelining the multiplier function will improve performance and will save significant power so it is suggested whenever possible to fully pipeline this function.  If this multiplier was inferred, it is suggested to describe an additional register stage after this function.  If there is no registered adder/accumulator following the multiply function, two pipeline stages are suggested to allow both the MREG and PREG registers to be used.  If the DSP48 was instantiated in the design, it is suggested to set both the MREG and PREG attributes to 1 when performing multiply functions.
Related violations: <none>

DPOP-4#26 Warning
MREG Output pipelining  
DSP design_1_i/cnn_accel_top_0/inst/grp_dataflow_parent_loop_proc2_fu_316/dataflow_parent_loop_proc_U0/dataflow_in_loop_Row_Loop_1_U0/compute_and_write_row4_U0/grp_compute_and_write_row4_Pipeline_Acc_TileN_Conv_KY_Conv_KX_Conv_C_fu_306/add_33s_33s_33_1_1_U335/dout multiplier stage design_1_i/cnn_accel_top_0/inst/grp_dataflow_parent_loop_proc2_fu_316/dataflow_parent_loop_proc_U0/dataflow_in_loop_Row_Loop_1_U0/compute_and_write_row4_U0/grp_compute_and_write_row4_Pipeline_Acc_TileN_Conv_KY_Conv_KX_Conv_C_fu_306/add_33s_33s_33_1_1_U335/dout/P[47:0] is not pipelined (MREG=0). Pipelining the multiplier function will improve performance and will save significant power so it is suggested whenever possible to fully pipeline this function.  If this multiplier was inferred, it is suggested to describe an additional register stage after this function.  If there is no registered adder/accumulator following the multiply function, two pipeline stages are suggested to allow both the MREG and PREG registers to be used.  If the DSP48 was instantiated in the design, it is suggested to set both the MREG and PREG attributes to 1 when performing multiply functions.
Related violations: <none>

DPOP-4#27 Warning
MREG Output pipelining  
DSP design_1_i/cnn_accel_top_0/inst/grp_dataflow_parent_loop_proc2_fu_316/dataflow_parent_loop_proc_U0/dataflow_in_loop_Row_Loop_1_U0/compute_and_write_row4_U0/grp_compute_and_write_row4_Pipeline_Acc_TileN_Conv_KY_Conv_KX_Conv_C_fu_306/add_33s_33s_33_1_1_U347/dout multiplier stage design_1_i/cnn_accel_top_0/inst/grp_dataflow_parent_loop_proc2_fu_316/dataflow_parent_loop_proc_U0/dataflow_in_loop_Row_Loop_1_U0/compute_and_write_row4_U0/grp_compute_and_write_row4_Pipeline_Acc_TileN_Conv_KY_Conv_KX_Conv_C_fu_306/add_33s_33s_33_1_1_U347/dout/P[47:0] is not pipelined (MREG=0). Pipelining the multiplier function will improve performance and will save significant power so it is suggested whenever possible to fully pipeline this function.  If this multiplier was inferred, it is suggested to describe an additional register stage after this function.  If there is no registered adder/accumulator following the multiply function, two pipeline stages are suggested to allow both the MREG and PREG registers to be used.  If the DSP48 was instantiated in the design, it is suggested to set both the MREG and PREG attributes to 1 when performing multiply functions.
Related violations: <none>

DPOP-4#28 Warning
MREG Output pipelining  
DSP design_1_i/cnn_accel_top_0/inst/grp_dataflow_parent_loop_proc2_fu_316/dataflow_parent_loop_proc_U0/dataflow_in_loop_Row_Loop_1_U0/compute_and_write_row4_U0/grp_compute_and_write_row4_Pipeline_Acc_TileN_Conv_KY_Conv_KX_Conv_C_fu_306/add_33s_33s_33_1_1_U349/dout multiplier stage design_1_i/cnn_accel_top_0/inst/grp_dataflow_parent_loop_proc2_fu_316/dataflow_parent_loop_proc_U0/dataflow_in_loop_Row_Loop_1_U0/compute_and_write_row4_U0/grp_compute_and_write_row4_Pipeline_Acc_TileN_Conv_KY_Conv_KX_Conv_C_fu_306/add_33s_33s_33_1_1_U349/dout/P[47:0] is not pipelined (MREG=0). Pipelining the multiplier function will improve performance and will save significant power so it is suggested whenever possible to fully pipeline this function.  If this multiplier was inferred, it is suggested to describe an additional register stage after this function.  If there is no registered adder/accumulator following the multiply function, two pipeline stages are suggested to allow both the MREG and PREG registers to be used.  If the DSP48 was instantiated in the design, it is suggested to set both the MREG and PREG attributes to 1 when performing multiply functions.
Related violations: <none>

DPOP-4#29 Warning
MREG Output pipelining  
DSP design_1_i/cnn_accel_top_0/inst/grp_dataflow_parent_loop_proc2_fu_316/dataflow_parent_loop_proc_U0/dataflow_in_loop_Row_Loop_1_U0/compute_and_write_row4_U0/grp_compute_and_write_row4_Pipeline_Acc_TileN_Conv_KY_Conv_KX_Conv_C_fu_306/add_33s_33s_33_1_1_U361/dout multiplier stage design_1_i/cnn_accel_top_0/inst/grp_dataflow_parent_loop_proc2_fu_316/dataflow_parent_loop_proc_U0/dataflow_in_loop_Row_Loop_1_U0/compute_and_write_row4_U0/grp_compute_and_write_row4_Pipeline_Acc_TileN_Conv_KY_Conv_KX_Conv_C_fu_306/add_33s_33s_33_1_1_U361/dout/P[47:0] is not pipelined (MREG=0). Pipelining the multiplier function will improve performance and will save significant power so it is suggested whenever possible to fully pipeline this function.  If this multiplier was inferred, it is suggested to describe an additional register stage after this function.  If there is no registered adder/accumulator following the multiply function, two pipeline stages are suggested to allow both the MREG and PREG registers to be used.  If the DSP48 was instantiated in the design, it is suggested to set both the MREG and PREG attributes to 1 when performing multiply functions.
Related violations: <none>

DPOP-4#30 Warning
MREG Output pipelining  
DSP design_1_i/cnn_accel_top_0/inst/grp_dataflow_parent_loop_proc2_fu_316/dataflow_parent_loop_proc_U0/dataflow_in_loop_Row_Loop_1_U0/compute_and_write_row4_U0/grp_compute_and_write_row4_Pipeline_Acc_TileN_Conv_KY_Conv_KX_Conv_C_fu_306/add_33s_33s_33_1_1_U363/dout multiplier stage design_1_i/cnn_accel_top_0/inst/grp_dataflow_parent_loop_proc2_fu_316/dataflow_parent_loop_proc_U0/dataflow_in_loop_Row_Loop_1_U0/compute_and_write_row4_U0/grp_compute_and_write_row4_Pipeline_Acc_TileN_Conv_KY_Conv_KX_Conv_C_fu_306/add_33s_33s_33_1_1_U363/dout/P[47:0] is not pipelined (MREG=0). Pipelining the multiplier function will improve performance and will save significant power so it is suggested whenever possible to fully pipeline this function.  If this multiplier was inferred, it is suggested to describe an additional register stage after this function.  If there is no registered adder/accumulator following the multiply function, two pipeline stages are suggested to allow both the MREG and PREG registers to be used.  If the DSP48 was instantiated in the design, it is suggested to set both the MREG and PREG attributes to 1 when performing multiply functions.
Related violations: <none>

DPOP-4#31 Warning
MREG Output pipelining  
DSP design_1_i/cnn_accel_top_0/inst/grp_dataflow_parent_loop_proc2_fu_316/dataflow_parent_loop_proc_U0/dataflow_in_loop_Row_Loop_1_U0/compute_and_write_row4_U0/grp_compute_and_write_row4_Pipeline_Acc_TileN_Conv_KY_Conv_KX_Conv_C_fu_306/add_33s_33s_33_1_1_U375/dout multiplier stage design_1_i/cnn_accel_top_0/inst/grp_dataflow_parent_loop_proc2_fu_316/dataflow_parent_loop_proc_U0/dataflow_in_loop_Row_Loop_1_U0/compute_and_write_row4_U0/grp_compute_and_write_row4_Pipeline_Acc_TileN_Conv_KY_Conv_KX_Conv_C_fu_306/add_33s_33s_33_1_1_U375/dout/P[47:0] is not pipelined (MREG=0). Pipelining the multiplier function will improve performance and will save significant power so it is suggested whenever possible to fully pipeline this function.  If this multiplier was inferred, it is suggested to describe an additional register stage after this function.  If there is no registered adder/accumulator following the multiply function, two pipeline stages are suggested to allow both the MREG and PREG registers to be used.  If the DSP48 was instantiated in the design, it is suggested to set both the MREG and PREG attributes to 1 when performing multiply functions.
Related violations: <none>

DPOP-4#32 Warning
MREG Output pipelining  
DSP design_1_i/cnn_accel_top_0/inst/grp_dataflow_parent_loop_proc2_fu_316/dataflow_parent_loop_proc_U0/dataflow_in_loop_Row_Loop_1_U0/compute_and_write_row4_U0/grp_compute_and_write_row4_Pipeline_Acc_TileN_Conv_KY_Conv_KX_Conv_C_fu_306/add_33s_33s_33_1_1_U377/dout multiplier stage design_1_i/cnn_accel_top_0/inst/grp_dataflow_parent_loop_proc2_fu_316/dataflow_parent_loop_proc_U0/dataflow_in_loop_Row_Loop_1_U0/compute_and_write_row4_U0/grp_compute_and_write_row4_Pipeline_Acc_TileN_Conv_KY_Conv_KX_Conv_C_fu_306/add_33s_33s_33_1_1_U377/dout/P[47:0] is not pipelined (MREG=0). Pipelining the multiplier function will improve performance and will save significant power so it is suggested whenever possible to fully pipeline this function.  If this multiplier was inferred, it is suggested to describe an additional register stage after this function.  If there is no registered adder/accumulator following the multiply function, two pipeline stages are suggested to allow both the MREG and PREG registers to be used.  If the DSP48 was instantiated in the design, it is suggested to set both the MREG and PREG attributes to 1 when performing multiply functions.
Related violations: <none>

DPOP-4#33 Warning
MREG Output pipelining  
DSP design_1_i/cnn_accel_top_0/inst/grp_dataflow_parent_loop_proc2_fu_316/dataflow_parent_loop_proc_U0/dataflow_in_loop_Row_Loop_1_U0/compute_and_write_row4_U0/grp_compute_and_write_row4_Pipeline_Acc_TileN_Conv_KY_Conv_KX_Conv_C_fu_306/mul_16s_16s_32_1_1_U156/tmp_product multiplier stage design_1_i/cnn_accel_top_0/inst/grp_dataflow_parent_loop_proc2_fu_316/dataflow_parent_loop_proc_U0/dataflow_in_loop_Row_Loop_1_U0/compute_and_write_row4_U0/grp_compute_and_write_row4_Pipeline_Acc_TileN_Conv_KY_Conv_KX_Conv_C_fu_306/mul_16s_16s_32_1_1_U156/tmp_product/P[47:0] is not pipelined (MREG=0). Pipelining the multiplier function will improve performance and will save significant power so it is suggested whenever possible to fully pipeline this function.  If this multiplier was inferred, it is suggested to describe an additional register stage after this function.  If there is no registered adder/accumulator following the multiply function, two pipeline stages are suggested to allow both the MREG and PREG registers to be used.  If the DSP48 was instantiated in the design, it is suggested to set both the MREG and PREG attributes to 1 when performing multiply functions.
Related violations: <none>

DPOP-4#34 Warning
MREG Output pipelining  
DSP design_1_i/cnn_accel_top_0/inst/grp_dataflow_parent_loop_proc2_fu_316/dataflow_parent_loop_proc_U0/dataflow_in_loop_Row_Loop_1_U0/compute_and_write_row4_U0/grp_compute_and_write_row4_Pipeline_Acc_TileN_Conv_KY_Conv_KX_Conv_C_fu_306/mul_16s_16s_32_1_1_U158/tmp_product multiplier stage design_1_i/cnn_accel_top_0/inst/grp_dataflow_parent_loop_proc2_fu_316/dataflow_parent_loop_proc_U0/dataflow_in_loop_Row_Loop_1_U0/compute_and_write_row4_U0/grp_compute_and_write_row4_Pipeline_Acc_TileN_Conv_KY_Conv_KX_Conv_C_fu_306/mul_16s_16s_32_1_1_U158/tmp_product/P[47:0] is not pipelined (MREG=0). Pipelining the multiplier function will improve performance and will save significant power so it is suggested whenever possible to fully pipeline this function.  If this multiplier was inferred, it is suggested to describe an additional register stage after this function.  If there is no registered adder/accumulator following the multiply function, two pipeline stages are suggested to allow both the MREG and PREG registers to be used.  If the DSP48 was instantiated in the design, it is suggested to set both the MREG and PREG attributes to 1 when performing multiply functions.
Related violations: <none>

DPOP-4#35 Warning
MREG Output pipelining  
DSP design_1_i/cnn_accel_top_0/inst/grp_dataflow_parent_loop_proc2_fu_316/dataflow_parent_loop_proc_U0/dataflow_in_loop_Row_Loop_1_U0/compute_and_write_row4_U0/grp_compute_and_write_row4_Pipeline_Acc_TileN_Conv_KY_Conv_KX_Conv_C_fu_306/mul_16s_16s_32_1_1_U160/tmp_product multiplier stage design_1_i/cnn_accel_top_0/inst/grp_dataflow_parent_loop_proc2_fu_316/dataflow_parent_loop_proc_U0/dataflow_in_loop_Row_Loop_1_U0/compute_and_write_row4_U0/grp_compute_and_write_row4_Pipeline_Acc_TileN_Conv_KY_Conv_KX_Conv_C_fu_306/mul_16s_16s_32_1_1_U160/tmp_product/P[47:0] is not pipelined (MREG=0). Pipelining the multiplier function will improve performance and will save significant power so it is suggested whenever possible to fully pipeline this function.  If this multiplier was inferred, it is suggested to describe an additional register stage after this function.  If there is no registered adder/accumulator following the multiply function, two pipeline stages are suggested to allow both the MREG and PREG registers to be used.  If the DSP48 was instantiated in the design, it is suggested to set both the MREG and PREG attributes to 1 when performing multiply functions.
Related violations: <none>

DPOP-4#36 Warning
MREG Output pipelining  
DSP design_1_i/cnn_accel_top_0/inst/grp_dataflow_parent_loop_proc2_fu_316/dataflow_parent_loop_proc_U0/dataflow_in_loop_Row_Loop_1_U0/compute_and_write_row4_U0/grp_compute_and_write_row4_Pipeline_Acc_TileN_Conv_KY_Conv_KX_Conv_C_fu_306/mul_16s_16s_32_1_1_U162/tmp_product multiplier stage design_1_i/cnn_accel_top_0/inst/grp_dataflow_parent_loop_proc2_fu_316/dataflow_parent_loop_proc_U0/dataflow_in_loop_Row_Loop_1_U0/compute_and_write_row4_U0/grp_compute_and_write_row4_Pipeline_Acc_TileN_Conv_KY_Conv_KX_Conv_C_fu_306/mul_16s_16s_32_1_1_U162/tmp_product/P[47:0] is not pipelined (MREG=0). Pipelining the multiplier function will improve performance and will save significant power so it is suggested whenever possible to fully pipeline this function.  If this multiplier was inferred, it is suggested to describe an additional register stage after this function.  If there is no registered adder/accumulator following the multiply function, two pipeline stages are suggested to allow both the MREG and PREG registers to be used.  If the DSP48 was instantiated in the design, it is suggested to set both the MREG and PREG attributes to 1 when performing multiply functions.
Related violations: <none>

DPOP-4#37 Warning
MREG Output pipelining  
DSP design_1_i/cnn_accel_top_0/inst/grp_dataflow_parent_loop_proc2_fu_316/dataflow_parent_loop_proc_U0/dataflow_in_loop_Row_Loop_1_U0/compute_and_write_row4_U0/grp_compute_and_write_row4_Pipeline_Acc_TileN_Conv_KY_Conv_KX_Conv_C_fu_306/mul_16s_16s_32_1_1_U170/tmp_product multiplier stage design_1_i/cnn_accel_top_0/inst/grp_dataflow_parent_loop_proc2_fu_316/dataflow_parent_loop_proc_U0/dataflow_in_loop_Row_Loop_1_U0/compute_and_write_row4_U0/grp_compute_and_write_row4_Pipeline_Acc_TileN_Conv_KY_Conv_KX_Conv_C_fu_306/mul_16s_16s_32_1_1_U170/tmp_product/P[47:0] is not pipelined (MREG=0). Pipelining the multiplier function will improve performance and will save significant power so it is suggested whenever possible to fully pipeline this function.  If this multiplier was inferred, it is suggested to describe an additional register stage after this function.  If there is no registered adder/accumulator following the multiply function, two pipeline stages are suggested to allow both the MREG and PREG registers to be used.  If the DSP48 was instantiated in the design, it is suggested to set both the MREG and PREG attributes to 1 when performing multiply functions.
Related violations: <none>

DPOP-4#38 Warning
MREG Output pipelining  
DSP design_1_i/cnn_accel_top_0/inst/grp_dataflow_parent_loop_proc2_fu_316/dataflow_parent_loop_proc_U0/dataflow_in_loop_Row_Loop_1_U0/compute_and_write_row4_U0/grp_compute_and_write_row4_Pipeline_Acc_TileN_Conv_KY_Conv_KX_Conv_C_fu_306/mul_16s_16s_32_1_1_U172/tmp_product multiplier stage design_1_i/cnn_accel_top_0/inst/grp_dataflow_parent_loop_proc2_fu_316/dataflow_parent_loop_proc_U0/dataflow_in_loop_Row_Loop_1_U0/compute_and_write_row4_U0/grp_compute_and_write_row4_Pipeline_Acc_TileN_Conv_KY_Conv_KX_Conv_C_fu_306/mul_16s_16s_32_1_1_U172/tmp_product/P[47:0] is not pipelined (MREG=0). Pipelining the multiplier function will improve performance and will save significant power so it is suggested whenever possible to fully pipeline this function.  If this multiplier was inferred, it is suggested to describe an additional register stage after this function.  If there is no registered adder/accumulator following the multiply function, two pipeline stages are suggested to allow both the MREG and PREG registers to be used.  If the DSP48 was instantiated in the design, it is suggested to set both the MREG and PREG attributes to 1 when performing multiply functions.
Related violations: <none>

DPOP-4#39 Warning
MREG Output pipelining  
DSP design_1_i/cnn_accel_top_0/inst/grp_dataflow_parent_loop_proc2_fu_316/dataflow_parent_loop_proc_U0/dataflow_in_loop_Row_Loop_1_U0/compute_and_write_row4_U0/grp_compute_and_write_row4_Pipeline_Acc_TileN_Conv_KY_Conv_KX_Conv_C_fu_306/mul_16s_16s_32_1_1_U174/tmp_product multiplier stage design_1_i/cnn_accel_top_0/inst/grp_dataflow_parent_loop_proc2_fu_316/dataflow_parent_loop_proc_U0/dataflow_in_loop_Row_Loop_1_U0/compute_and_write_row4_U0/grp_compute_and_write_row4_Pipeline_Acc_TileN_Conv_KY_Conv_KX_Conv_C_fu_306/mul_16s_16s_32_1_1_U174/tmp_product/P[47:0] is not pipelined (MREG=0). Pipelining the multiplier function will improve performance and will save significant power so it is suggested whenever possible to fully pipeline this function.  If this multiplier was inferred, it is suggested to describe an additional register stage after this function.  If there is no registered adder/accumulator following the multiply function, two pipeline stages are suggested to allow both the MREG and PREG registers to be used.  If the DSP48 was instantiated in the design, it is suggested to set both the MREG and PREG attributes to 1 when performing multiply functions.
Related violations: <none>

DPOP-4#40 Warning
MREG Output pipelining  
DSP design_1_i/cnn_accel_top_0/inst/grp_dataflow_parent_loop_proc2_fu_316/dataflow_parent_loop_proc_U0/dataflow_in_loop_Row_Loop_1_U0/compute_and_write_row4_U0/grp_compute_and_write_row4_Pipeline_Acc_TileN_Conv_KY_Conv_KX_Conv_C_fu_306/mul_16s_16s_32_1_1_U176/tmp_product multiplier stage design_1_i/cnn_accel_top_0/inst/grp_dataflow_parent_loop_proc2_fu_316/dataflow_parent_loop_proc_U0/dataflow_in_loop_Row_Loop_1_U0/compute_and_write_row4_U0/grp_compute_and_write_row4_Pipeline_Acc_TileN_Conv_KY_Conv_KX_Conv_C_fu_306/mul_16s_16s_32_1_1_U176/tmp_product/P[47:0] is not pipelined (MREG=0). Pipelining the multiplier function will improve performance and will save significant power so it is suggested whenever possible to fully pipeline this function.  If this multiplier was inferred, it is suggested to describe an additional register stage after this function.  If there is no registered adder/accumulator following the multiply function, two pipeline stages are suggested to allow both the MREG and PREG registers to be used.  If the DSP48 was instantiated in the design, it is suggested to set both the MREG and PREG attributes to 1 when performing multiply functions.
Related violations: <none>

DPOP-4#41 Warning
MREG Output pipelining  
DSP design_1_i/cnn_accel_top_0/inst/grp_dataflow_parent_loop_proc2_fu_316/dataflow_parent_loop_proc_U0/dataflow_in_loop_Row_Loop_1_U0/compute_and_write_row4_U0/grp_compute_and_write_row4_Pipeline_Acc_TileN_Conv_KY_Conv_KX_Conv_C_fu_306/mul_16s_16s_32_1_1_U184/tmp_product multiplier stage design_1_i/cnn_accel_top_0/inst/grp_dataflow_parent_loop_proc2_fu_316/dataflow_parent_loop_proc_U0/dataflow_in_loop_Row_Loop_1_U0/compute_and_write_row4_U0/grp_compute_and_write_row4_Pipeline_Acc_TileN_Conv_KY_Conv_KX_Conv_C_fu_306/mul_16s_16s_32_1_1_U184/tmp_product/P[47:0] is not pipelined (MREG=0). Pipelining the multiplier function will improve performance and will save significant power so it is suggested whenever possible to fully pipeline this function.  If this multiplier was inferred, it is suggested to describe an additional register stage after this function.  If there is no registered adder/accumulator following the multiply function, two pipeline stages are suggested to allow both the MREG and PREG registers to be used.  If the DSP48 was instantiated in the design, it is suggested to set both the MREG and PREG attributes to 1 when performing multiply functions.
Related violations: <none>

DPOP-4#42 Warning
MREG Output pipelining  
DSP design_1_i/cnn_accel_top_0/inst/grp_dataflow_parent_loop_proc2_fu_316/dataflow_parent_loop_proc_U0/dataflow_in_loop_Row_Loop_1_U0/compute_and_write_row4_U0/grp_compute_and_write_row4_Pipeline_Acc_TileN_Conv_KY_Conv_KX_Conv_C_fu_306/mul_16s_16s_32_1_1_U186/tmp_product multiplier stage design_1_i/cnn_accel_top_0/inst/grp_dataflow_parent_loop_proc2_fu_316/dataflow_parent_loop_proc_U0/dataflow_in_loop_Row_Loop_1_U0/compute_and_write_row4_U0/grp_compute_and_write_row4_Pipeline_Acc_TileN_Conv_KY_Conv_KX_Conv_C_fu_306/mul_16s_16s_32_1_1_U186/tmp_product/P[47:0] is not pipelined (MREG=0). Pipelining the multiplier function will improve performance and will save significant power so it is suggested whenever possible to fully pipeline this function.  If this multiplier was inferred, it is suggested to describe an additional register stage after this function.  If there is no registered adder/accumulator following the multiply function, two pipeline stages are suggested to allow both the MREG and PREG registers to be used.  If the DSP48 was instantiated in the design, it is suggested to set both the MREG and PREG attributes to 1 when performing multiply functions.
Related violations: <none>

DPOP-4#43 Warning
MREG Output pipelining  
DSP design_1_i/cnn_accel_top_0/inst/grp_dataflow_parent_loop_proc2_fu_316/dataflow_parent_loop_proc_U0/dataflow_in_loop_Row_Loop_1_U0/compute_and_write_row4_U0/grp_compute_and_write_row4_Pipeline_Acc_TileN_Conv_KY_Conv_KX_Conv_C_fu_306/mul_16s_16s_32_1_1_U188/tmp_product multiplier stage design_1_i/cnn_accel_top_0/inst/grp_dataflow_parent_loop_proc2_fu_316/dataflow_parent_loop_proc_U0/dataflow_in_loop_Row_Loop_1_U0/compute_and_write_row4_U0/grp_compute_and_write_row4_Pipeline_Acc_TileN_Conv_KY_Conv_KX_Conv_C_fu_306/mul_16s_16s_32_1_1_U188/tmp_product/P[47:0] is not pipelined (MREG=0). Pipelining the multiplier function will improve performance and will save significant power so it is suggested whenever possible to fully pipeline this function.  If this multiplier was inferred, it is suggested to describe an additional register stage after this function.  If there is no registered adder/accumulator following the multiply function, two pipeline stages are suggested to allow both the MREG and PREG registers to be used.  If the DSP48 was instantiated in the design, it is suggested to set both the MREG and PREG attributes to 1 when performing multiply functions.
Related violations: <none>

DPOP-4#44 Warning
MREG Output pipelining  
DSP design_1_i/cnn_accel_top_0/inst/grp_dataflow_parent_loop_proc2_fu_316/dataflow_parent_loop_proc_U0/dataflow_in_loop_Row_Loop_1_U0/compute_and_write_row4_U0/grp_compute_and_write_row4_Pipeline_Acc_TileN_Conv_KY_Conv_KX_Conv_C_fu_306/mul_16s_16s_32_1_1_U190/tmp_product multiplier stage design_1_i/cnn_accel_top_0/inst/grp_dataflow_parent_loop_proc2_fu_316/dataflow_parent_loop_proc_U0/dataflow_in_loop_Row_Loop_1_U0/compute_and_write_row4_U0/grp_compute_and_write_row4_Pipeline_Acc_TileN_Conv_KY_Conv_KX_Conv_C_fu_306/mul_16s_16s_32_1_1_U190/tmp_product/P[47:0] is not pipelined (MREG=0). Pipelining the multiplier function will improve performance and will save significant power so it is suggested whenever possible to fully pipeline this function.  If this multiplier was inferred, it is suggested to describe an additional register stage after this function.  If there is no registered adder/accumulator following the multiply function, two pipeline stages are suggested to allow both the MREG and PREG registers to be used.  If the DSP48 was instantiated in the design, it is suggested to set both the MREG and PREG attributes to 1 when performing multiply functions.
Related violations: <none>

DPOP-4#45 Warning
MREG Output pipelining  
DSP design_1_i/cnn_accel_top_0/inst/grp_dataflow_parent_loop_proc2_fu_316/dataflow_parent_loop_proc_U0/dataflow_in_loop_Row_Loop_1_U0/compute_and_write_row4_U0/grp_compute_and_write_row4_Pipeline_Acc_TileN_Conv_KY_Conv_KX_Conv_C_fu_306/mul_16s_16s_32_1_1_U198/tmp_product multiplier stage design_1_i/cnn_accel_top_0/inst/grp_dataflow_parent_loop_proc2_fu_316/dataflow_parent_loop_proc_U0/dataflow_in_loop_Row_Loop_1_U0/compute_and_write_row4_U0/grp_compute_and_write_row4_Pipeline_Acc_TileN_Conv_KY_Conv_KX_Conv_C_fu_306/mul_16s_16s_32_1_1_U198/tmp_product/P[47:0] is not pipelined (MREG=0). Pipelining the multiplier function will improve performance and will save significant power so it is suggested whenever possible to fully pipeline this function.  If this multiplier was inferred, it is suggested to describe an additional register stage after this function.  If there is no registered adder/accumulator following the multiply function, two pipeline stages are suggested to allow both the MREG and PREG registers to be used.  If the DSP48 was instantiated in the design, it is suggested to set both the MREG and PREG attributes to 1 when performing multiply functions.
Related violations: <none>

DPOP-4#46 Warning
MREG Output pipelining  
DSP design_1_i/cnn_accel_top_0/inst/grp_dataflow_parent_loop_proc2_fu_316/dataflow_parent_loop_proc_U0/dataflow_in_loop_Row_Loop_1_U0/compute_and_write_row4_U0/grp_compute_and_write_row4_Pipeline_Acc_TileN_Conv_KY_Conv_KX_Conv_C_fu_306/mul_16s_16s_32_1_1_U200/tmp_product multiplier stage design_1_i/cnn_accel_top_0/inst/grp_dataflow_parent_loop_proc2_fu_316/dataflow_parent_loop_proc_U0/dataflow_in_loop_Row_Loop_1_U0/compute_and_write_row4_U0/grp_compute_and_write_row4_Pipeline_Acc_TileN_Conv_KY_Conv_KX_Conv_C_fu_306/mul_16s_16s_32_1_1_U200/tmp_product/P[47:0] is not pipelined (MREG=0). Pipelining the multiplier function will improve performance and will save significant power so it is suggested whenever possible to fully pipeline this function.  If this multiplier was inferred, it is suggested to describe an additional register stage after this function.  If there is no registered adder/accumulator following the multiply function, two pipeline stages are suggested to allow both the MREG and PREG registers to be used.  If the DSP48 was instantiated in the design, it is suggested to set both the MREG and PREG attributes to 1 when performing multiply functions.
Related violations: <none>

DPOP-4#47 Warning
MREG Output pipelining  
DSP design_1_i/cnn_accel_top_0/inst/grp_dataflow_parent_loop_proc2_fu_316/dataflow_parent_loop_proc_U0/dataflow_in_loop_Row_Loop_1_U0/compute_and_write_row4_U0/grp_compute_and_write_row4_Pipeline_Acc_TileN_Conv_KY_Conv_KX_Conv_C_fu_306/mul_16s_16s_32_1_1_U202/tmp_product multiplier stage design_1_i/cnn_accel_top_0/inst/grp_dataflow_parent_loop_proc2_fu_316/dataflow_parent_loop_proc_U0/dataflow_in_loop_Row_Loop_1_U0/compute_and_write_row4_U0/grp_compute_and_write_row4_Pipeline_Acc_TileN_Conv_KY_Conv_KX_Conv_C_fu_306/mul_16s_16s_32_1_1_U202/tmp_product/P[47:0] is not pipelined (MREG=0). Pipelining the multiplier function will improve performance and will save significant power so it is suggested whenever possible to fully pipeline this function.  If this multiplier was inferred, it is suggested to describe an additional register stage after this function.  If there is no registered adder/accumulator following the multiply function, two pipeline stages are suggested to allow both the MREG and PREG registers to be used.  If the DSP48 was instantiated in the design, it is suggested to set both the MREG and PREG attributes to 1 when performing multiply functions.
Related violations: <none>

DPOP-4#48 Warning
MREG Output pipelining  
DSP design_1_i/cnn_accel_top_0/inst/grp_dataflow_parent_loop_proc2_fu_316/dataflow_parent_loop_proc_U0/dataflow_in_loop_Row_Loop_1_U0/compute_and_write_row4_U0/grp_compute_and_write_row4_Pipeline_Acc_TileN_Conv_KY_Conv_KX_Conv_C_fu_306/mul_16s_16s_32_1_1_U204/tmp_product multiplier stage design_1_i/cnn_accel_top_0/inst/grp_dataflow_parent_loop_proc2_fu_316/dataflow_parent_loop_proc_U0/dataflow_in_loop_Row_Loop_1_U0/compute_and_write_row4_U0/grp_compute_and_write_row4_Pipeline_Acc_TileN_Conv_KY_Conv_KX_Conv_C_fu_306/mul_16s_16s_32_1_1_U204/tmp_product/P[47:0] is not pipelined (MREG=0). Pipelining the multiplier function will improve performance and will save significant power so it is suggested whenever possible to fully pipeline this function.  If this multiplier was inferred, it is suggested to describe an additional register stage after this function.  If there is no registered adder/accumulator following the multiply function, two pipeline stages are suggested to allow both the MREG and PREG registers to be used.  If the DSP48 was instantiated in the design, it is suggested to set both the MREG and PREG attributes to 1 when performing multiply functions.
Related violations: <none>

DPOP-4#49 Warning
MREG Output pipelining  
DSP design_1_i/cnn_accel_top_0/inst/grp_dataflow_parent_loop_proc2_fu_316/dataflow_parent_loop_proc_U0/dataflow_in_loop_Row_Loop_1_U0/compute_and_write_row4_U0/grp_compute_and_write_row4_Pipeline_Acc_TileN_Conv_KY_Conv_KX_Conv_C_fu_306/mul_16s_16s_32_1_1_U212/tmp_product multiplier stage design_1_i/cnn_accel_top_0/inst/grp_dataflow_parent_loop_proc2_fu_316/dataflow_parent_loop_proc_U0/dataflow_in_loop_Row_Loop_1_U0/compute_and_write_row4_U0/grp_compute_and_write_row4_Pipeline_Acc_TileN_Conv_KY_Conv_KX_Conv_C_fu_306/mul_16s_16s_32_1_1_U212/tmp_product/P[47:0] is not pipelined (MREG=0). Pipelining the multiplier function will improve performance and will save significant power so it is suggested whenever possible to fully pipeline this function.  If this multiplier was inferred, it is suggested to describe an additional register stage after this function.  If there is no registered adder/accumulator following the multiply function, two pipeline stages are suggested to allow both the MREG and PREG registers to be used.  If the DSP48 was instantiated in the design, it is suggested to set both the MREG and PREG attributes to 1 when performing multiply functions.
Related violations: <none>

DPOP-4#50 Warning
MREG Output pipelining  
DSP design_1_i/cnn_accel_top_0/inst/grp_dataflow_parent_loop_proc2_fu_316/dataflow_parent_loop_proc_U0/dataflow_in_loop_Row_Loop_1_U0/compute_and_write_row4_U0/grp_compute_and_write_row4_Pipeline_Acc_TileN_Conv_KY_Conv_KX_Conv_C_fu_306/mul_16s_16s_32_1_1_U214/tmp_product multiplier stage design_1_i/cnn_accel_top_0/inst/grp_dataflow_parent_loop_proc2_fu_316/dataflow_parent_loop_proc_U0/dataflow_in_loop_Row_Loop_1_U0/compute_and_write_row4_U0/grp_compute_and_write_row4_Pipeline_Acc_TileN_Conv_KY_Conv_KX_Conv_C_fu_306/mul_16s_16s_32_1_1_U214/tmp_product/P[47:0] is not pipelined (MREG=0). Pipelining the multiplier function will improve performance and will save significant power so it is suggested whenever possible to fully pipeline this function.  If this multiplier was inferred, it is suggested to describe an additional register stage after this function.  If there is no registered adder/accumulator following the multiply function, two pipeline stages are suggested to allow both the MREG and PREG registers to be used.  If the DSP48 was instantiated in the design, it is suggested to set both the MREG and PREG attributes to 1 when performing multiply functions.
Related violations: <none>

DPOP-4#51 Warning
MREG Output pipelining  
DSP design_1_i/cnn_accel_top_0/inst/grp_dataflow_parent_loop_proc2_fu_316/dataflow_parent_loop_proc_U0/dataflow_in_loop_Row_Loop_1_U0/compute_and_write_row4_U0/grp_compute_and_write_row4_Pipeline_Acc_TileN_Conv_KY_Conv_KX_Conv_C_fu_306/mul_16s_16s_32_1_1_U216/tmp_product multiplier stage design_1_i/cnn_accel_top_0/inst/grp_dataflow_parent_loop_proc2_fu_316/dataflow_parent_loop_proc_U0/dataflow_in_loop_Row_Loop_1_U0/compute_and_write_row4_U0/grp_compute_and_write_row4_Pipeline_Acc_TileN_Conv_KY_Conv_KX_Conv_C_fu_306/mul_16s_16s_32_1_1_U216/tmp_product/P[47:0] is not pipelined (MREG=0). Pipelining the multiplier function will improve performance and will save significant power so it is suggested whenever possible to fully pipeline this function.  If this multiplier was inferred, it is suggested to describe an additional register stage after this function.  If there is no registered adder/accumulator following the multiply function, two pipeline stages are suggested to allow both the MREG and PREG registers to be used.  If the DSP48 was instantiated in the design, it is suggested to set both the MREG and PREG attributes to 1 when performing multiply functions.
Related violations: <none>

DPOP-4#52 Warning
MREG Output pipelining  
DSP design_1_i/cnn_accel_top_0/inst/grp_dataflow_parent_loop_proc2_fu_316/dataflow_parent_loop_proc_U0/dataflow_in_loop_Row_Loop_1_U0/compute_and_write_row4_U0/grp_compute_and_write_row4_Pipeline_Acc_TileN_Conv_KY_Conv_KX_Conv_C_fu_306/mul_16s_16s_32_1_1_U218/tmp_product multiplier stage design_1_i/cnn_accel_top_0/inst/grp_dataflow_parent_loop_proc2_fu_316/dataflow_parent_loop_proc_U0/dataflow_in_loop_Row_Loop_1_U0/compute_and_write_row4_U0/grp_compute_and_write_row4_Pipeline_Acc_TileN_Conv_KY_Conv_KX_Conv_C_fu_306/mul_16s_16s_32_1_1_U218/tmp_product/P[47:0] is not pipelined (MREG=0). Pipelining the multiplier function will improve performance and will save significant power so it is suggested whenever possible to fully pipeline this function.  If this multiplier was inferred, it is suggested to describe an additional register stage after this function.  If there is no registered adder/accumulator following the multiply function, two pipeline stages are suggested to allow both the MREG and PREG registers to be used.  If the DSP48 was instantiated in the design, it is suggested to set both the MREG and PREG attributes to 1 when performing multiply functions.
Related violations: <none>

DPOP-4#53 Warning
MREG Output pipelining  
DSP design_1_i/cnn_accel_top_0/inst/grp_dataflow_parent_loop_proc2_fu_316/dataflow_parent_loop_proc_U0/dataflow_in_loop_Row_Loop_1_U0/compute_and_write_row4_U0/grp_compute_and_write_row4_Pipeline_Acc_TileN_Conv_KY_Conv_KX_Conv_C_fu_306/mul_16s_16s_32_1_1_U226/tmp_product multiplier stage design_1_i/cnn_accel_top_0/inst/grp_dataflow_parent_loop_proc2_fu_316/dataflow_parent_loop_proc_U0/dataflow_in_loop_Row_Loop_1_U0/compute_and_write_row4_U0/grp_compute_and_write_row4_Pipeline_Acc_TileN_Conv_KY_Conv_KX_Conv_C_fu_306/mul_16s_16s_32_1_1_U226/tmp_product/P[47:0] is not pipelined (MREG=0). Pipelining the multiplier function will improve performance and will save significant power so it is suggested whenever possible to fully pipeline this function.  If this multiplier was inferred, it is suggested to describe an additional register stage after this function.  If there is no registered adder/accumulator following the multiply function, two pipeline stages are suggested to allow both the MREG and PREG registers to be used.  If the DSP48 was instantiated in the design, it is suggested to set both the MREG and PREG attributes to 1 when performing multiply functions.
Related violations: <none>

DPOP-4#54 Warning
MREG Output pipelining  
DSP design_1_i/cnn_accel_top_0/inst/grp_dataflow_parent_loop_proc2_fu_316/dataflow_parent_loop_proc_U0/dataflow_in_loop_Row_Loop_1_U0/compute_and_write_row4_U0/grp_compute_and_write_row4_Pipeline_Acc_TileN_Conv_KY_Conv_KX_Conv_C_fu_306/mul_16s_16s_32_1_1_U228/tmp_product multiplier stage design_1_i/cnn_accel_top_0/inst/grp_dataflow_parent_loop_proc2_fu_316/dataflow_parent_loop_proc_U0/dataflow_in_loop_Row_Loop_1_U0/compute_and_write_row4_U0/grp_compute_and_write_row4_Pipeline_Acc_TileN_Conv_KY_Conv_KX_Conv_C_fu_306/mul_16s_16s_32_1_1_U228/tmp_product/P[47:0] is not pipelined (MREG=0). Pipelining the multiplier function will improve performance and will save significant power so it is suggested whenever possible to fully pipeline this function.  If this multiplier was inferred, it is suggested to describe an additional register stage after this function.  If there is no registered adder/accumulator following the multiply function, two pipeline stages are suggested to allow both the MREG and PREG registers to be used.  If the DSP48 was instantiated in the design, it is suggested to set both the MREG and PREG attributes to 1 when performing multiply functions.
Related violations: <none>

DPOP-4#55 Warning
MREG Output pipelining  
DSP design_1_i/cnn_accel_top_0/inst/grp_dataflow_parent_loop_proc2_fu_316/dataflow_parent_loop_proc_U0/dataflow_in_loop_Row_Loop_1_U0/compute_and_write_row4_U0/grp_compute_and_write_row4_Pipeline_Acc_TileN_Conv_KY_Conv_KX_Conv_C_fu_306/mul_16s_16s_32_1_1_U230/tmp_product multiplier stage design_1_i/cnn_accel_top_0/inst/grp_dataflow_parent_loop_proc2_fu_316/dataflow_parent_loop_proc_U0/dataflow_in_loop_Row_Loop_1_U0/compute_and_write_row4_U0/grp_compute_and_write_row4_Pipeline_Acc_TileN_Conv_KY_Conv_KX_Conv_C_fu_306/mul_16s_16s_32_1_1_U230/tmp_product/P[47:0] is not pipelined (MREG=0). Pipelining the multiplier function will improve performance and will save significant power so it is suggested whenever possible to fully pipeline this function.  If this multiplier was inferred, it is suggested to describe an additional register stage after this function.  If there is no registered adder/accumulator following the multiply function, two pipeline stages are suggested to allow both the MREG and PREG registers to be used.  If the DSP48 was instantiated in the design, it is suggested to set both the MREG and PREG attributes to 1 when performing multiply functions.
Related violations: <none>

DPOP-4#56 Warning
MREG Output pipelining  
DSP design_1_i/cnn_accel_top_0/inst/grp_dataflow_parent_loop_proc2_fu_316/dataflow_parent_loop_proc_U0/dataflow_in_loop_Row_Loop_1_U0/compute_and_write_row4_U0/grp_compute_and_write_row4_Pipeline_Acc_TileN_Conv_KY_Conv_KX_Conv_C_fu_306/mul_16s_16s_32_1_1_U232/tmp_product multiplier stage design_1_i/cnn_accel_top_0/inst/grp_dataflow_parent_loop_proc2_fu_316/dataflow_parent_loop_proc_U0/dataflow_in_loop_Row_Loop_1_U0/compute_and_write_row4_U0/grp_compute_and_write_row4_Pipeline_Acc_TileN_Conv_KY_Conv_KX_Conv_C_fu_306/mul_16s_16s_32_1_1_U232/tmp_product/P[47:0] is not pipelined (MREG=0). Pipelining the multiplier function will improve performance and will save significant power so it is suggested whenever possible to fully pipeline this function.  If this multiplier was inferred, it is suggested to describe an additional register stage after this function.  If there is no registered adder/accumulator following the multiply function, two pipeline stages are suggested to allow both the MREG and PREG registers to be used.  If the DSP48 was instantiated in the design, it is suggested to set both the MREG and PREG attributes to 1 when performing multiply functions.
Related violations: <none>

DPOP-4#57 Warning
MREG Output pipelining  
DSP design_1_i/cnn_accel_top_0/inst/grp_dataflow_parent_loop_proc2_fu_316/dataflow_parent_loop_proc_U0/dataflow_in_loop_Row_Loop_1_U0/compute_and_write_row4_U0/grp_compute_and_write_row4_Pipeline_Acc_TileN_Conv_KY_Conv_KX_Conv_C_fu_306/mul_16s_16s_32_1_1_U240/tmp_product multiplier stage design_1_i/cnn_accel_top_0/inst/grp_dataflow_parent_loop_proc2_fu_316/dataflow_parent_loop_proc_U0/dataflow_in_loop_Row_Loop_1_U0/compute_and_write_row4_U0/grp_compute_and_write_row4_Pipeline_Acc_TileN_Conv_KY_Conv_KX_Conv_C_fu_306/mul_16s_16s_32_1_1_U240/tmp_product/P[47:0] is not pipelined (MREG=0). Pipelining the multiplier function will improve performance and will save significant power so it is suggested whenever possible to fully pipeline this function.  If this multiplier was inferred, it is suggested to describe an additional register stage after this function.  If there is no registered adder/accumulator following the multiply function, two pipeline stages are suggested to allow both the MREG and PREG registers to be used.  If the DSP48 was instantiated in the design, it is suggested to set both the MREG and PREG attributes to 1 when performing multiply functions.
Related violations: <none>

DPOP-4#58 Warning
MREG Output pipelining  
DSP design_1_i/cnn_accel_top_0/inst/grp_dataflow_parent_loop_proc2_fu_316/dataflow_parent_loop_proc_U0/dataflow_in_loop_Row_Loop_1_U0/compute_and_write_row4_U0/grp_compute_and_write_row4_Pipeline_Acc_TileN_Conv_KY_Conv_KX_Conv_C_fu_306/mul_16s_16s_32_1_1_U242/tmp_product multiplier stage design_1_i/cnn_accel_top_0/inst/grp_dataflow_parent_loop_proc2_fu_316/dataflow_parent_loop_proc_U0/dataflow_in_loop_Row_Loop_1_U0/compute_and_write_row4_U0/grp_compute_and_write_row4_Pipeline_Acc_TileN_Conv_KY_Conv_KX_Conv_C_fu_306/mul_16s_16s_32_1_1_U242/tmp_product/P[47:0] is not pipelined (MREG=0). Pipelining the multiplier function will improve performance and will save significant power so it is suggested whenever possible to fully pipeline this function.  If this multiplier was inferred, it is suggested to describe an additional register stage after this function.  If there is no registered adder/accumulator following the multiply function, two pipeline stages are suggested to allow both the MREG and PREG registers to be used.  If the DSP48 was instantiated in the design, it is suggested to set both the MREG and PREG attributes to 1 when performing multiply functions.
Related violations: <none>

DPOP-4#59 Warning
MREG Output pipelining  
DSP design_1_i/cnn_accel_top_0/inst/grp_dataflow_parent_loop_proc2_fu_316/dataflow_parent_loop_proc_U0/dataflow_in_loop_Row_Loop_1_U0/compute_and_write_row4_U0/grp_compute_and_write_row4_Pipeline_Acc_TileN_Conv_KY_Conv_KX_Conv_C_fu_306/mul_16s_16s_32_1_1_U244/tmp_product multiplier stage design_1_i/cnn_accel_top_0/inst/grp_dataflow_parent_loop_proc2_fu_316/dataflow_parent_loop_proc_U0/dataflow_in_loop_Row_Loop_1_U0/compute_and_write_row4_U0/grp_compute_and_write_row4_Pipeline_Acc_TileN_Conv_KY_Conv_KX_Conv_C_fu_306/mul_16s_16s_32_1_1_U244/tmp_product/P[47:0] is not pipelined (MREG=0). Pipelining the multiplier function will improve performance and will save significant power so it is suggested whenever possible to fully pipeline this function.  If this multiplier was inferred, it is suggested to describe an additional register stage after this function.  If there is no registered adder/accumulator following the multiply function, two pipeline stages are suggested to allow both the MREG and PREG registers to be used.  If the DSP48 was instantiated in the design, it is suggested to set both the MREG and PREG attributes to 1 when performing multiply functions.
Related violations: <none>

DPOP-4#60 Warning
MREG Output pipelining  
DSP design_1_i/cnn_accel_top_0/inst/grp_dataflow_parent_loop_proc2_fu_316/dataflow_parent_loop_proc_U0/dataflow_in_loop_Row_Loop_1_U0/compute_and_write_row4_U0/grp_compute_and_write_row4_Pipeline_Acc_TileN_Conv_KY_Conv_KX_Conv_C_fu_306/mul_16s_16s_32_1_1_U246/tmp_product multiplier stage design_1_i/cnn_accel_top_0/inst/grp_dataflow_parent_loop_proc2_fu_316/dataflow_parent_loop_proc_U0/dataflow_in_loop_Row_Loop_1_U0/compute_and_write_row4_U0/grp_compute_and_write_row4_Pipeline_Acc_TileN_Conv_KY_Conv_KX_Conv_C_fu_306/mul_16s_16s_32_1_1_U246/tmp_product/P[47:0] is not pipelined (MREG=0). Pipelining the multiplier function will improve performance and will save significant power so it is suggested whenever possible to fully pipeline this function.  If this multiplier was inferred, it is suggested to describe an additional register stage after this function.  If there is no registered adder/accumulator following the multiply function, two pipeline stages are suggested to allow both the MREG and PREG registers to be used.  If the DSP48 was instantiated in the design, it is suggested to set both the MREG and PREG attributes to 1 when performing multiply functions.
Related violations: <none>

DPOP-4#61 Warning
MREG Output pipelining  
DSP design_1_i/cnn_accel_top_0/inst/grp_dataflow_parent_loop_proc2_fu_316/dataflow_parent_loop_proc_U0/dataflow_in_loop_Row_Loop_1_U0/compute_and_write_row4_U0/grp_compute_and_write_row4_Pipeline_Acc_TileN_Conv_KY_Conv_KX_Conv_C_fu_306/mul_16s_16s_32_1_1_U254/tmp_product multiplier stage design_1_i/cnn_accel_top_0/inst/grp_dataflow_parent_loop_proc2_fu_316/dataflow_parent_loop_proc_U0/dataflow_in_loop_Row_Loop_1_U0/compute_and_write_row4_U0/grp_compute_and_write_row4_Pipeline_Acc_TileN_Conv_KY_Conv_KX_Conv_C_fu_306/mul_16s_16s_32_1_1_U254/tmp_product/P[47:0] is not pipelined (MREG=0). Pipelining the multiplier function will improve performance and will save significant power so it is suggested whenever possible to fully pipeline this function.  If this multiplier was inferred, it is suggested to describe an additional register stage after this function.  If there is no registered adder/accumulator following the multiply function, two pipeline stages are suggested to allow both the MREG and PREG registers to be used.  If the DSP48 was instantiated in the design, it is suggested to set both the MREG and PREG attributes to 1 when performing multiply functions.
Related violations: <none>

DPOP-4#62 Warning
MREG Output pipelining  
DSP design_1_i/cnn_accel_top_0/inst/grp_dataflow_parent_loop_proc2_fu_316/dataflow_parent_loop_proc_U0/dataflow_in_loop_Row_Loop_1_U0/compute_and_write_row4_U0/grp_compute_and_write_row4_Pipeline_Acc_TileN_Conv_KY_Conv_KX_Conv_C_fu_306/mul_16s_16s_32_1_1_U256/tmp_product multiplier stage design_1_i/cnn_accel_top_0/inst/grp_dataflow_parent_loop_proc2_fu_316/dataflow_parent_loop_proc_U0/dataflow_in_loop_Row_Loop_1_U0/compute_and_write_row4_U0/grp_compute_and_write_row4_Pipeline_Acc_TileN_Conv_KY_Conv_KX_Conv_C_fu_306/mul_16s_16s_32_1_1_U256/tmp_product/P[47:0] is not pipelined (MREG=0). Pipelining the multiplier function will improve performance and will save significant power so it is suggested whenever possible to fully pipeline this function.  If this multiplier was inferred, it is suggested to describe an additional register stage after this function.  If there is no registered adder/accumulator following the multiply function, two pipeline stages are suggested to allow both the MREG and PREG registers to be used.  If the DSP48 was instantiated in the design, it is suggested to set both the MREG and PREG attributes to 1 when performing multiply functions.
Related violations: <none>

DPOP-4#63 Warning
MREG Output pipelining  
DSP design_1_i/cnn_accel_top_0/inst/grp_dataflow_parent_loop_proc2_fu_316/dataflow_parent_loop_proc_U0/dataflow_in_loop_Row_Loop_1_U0/compute_and_write_row4_U0/grp_compute_and_write_row4_Pipeline_Acc_TileN_Conv_KY_Conv_KX_Conv_C_fu_306/mul_16s_16s_32_1_1_U258/tmp_product multiplier stage design_1_i/cnn_accel_top_0/inst/grp_dataflow_parent_loop_proc2_fu_316/dataflow_parent_loop_proc_U0/dataflow_in_loop_Row_Loop_1_U0/compute_and_write_row4_U0/grp_compute_and_write_row4_Pipeline_Acc_TileN_Conv_KY_Conv_KX_Conv_C_fu_306/mul_16s_16s_32_1_1_U258/tmp_product/P[47:0] is not pipelined (MREG=0). Pipelining the multiplier function will improve performance and will save significant power so it is suggested whenever possible to fully pipeline this function.  If this multiplier was inferred, it is suggested to describe an additional register stage after this function.  If there is no registered adder/accumulator following the multiply function, two pipeline stages are suggested to allow both the MREG and PREG registers to be used.  If the DSP48 was instantiated in the design, it is suggested to set both the MREG and PREG attributes to 1 when performing multiply functions.
Related violations: <none>

DPOP-4#64 Warning
MREG Output pipelining  
DSP design_1_i/cnn_accel_top_0/inst/grp_dataflow_parent_loop_proc2_fu_316/dataflow_parent_loop_proc_U0/dataflow_in_loop_Row_Loop_1_U0/compute_and_write_row4_U0/grp_compute_and_write_row4_Pipeline_Acc_TileN_Conv_KY_Conv_KX_Conv_C_fu_306/mul_16s_16s_32_1_1_U260/tmp_product multiplier stage design_1_i/cnn_accel_top_0/inst/grp_dataflow_parent_loop_proc2_fu_316/dataflow_parent_loop_proc_U0/dataflow_in_loop_Row_Loop_1_U0/compute_and_write_row4_U0/grp_compute_and_write_row4_Pipeline_Acc_TileN_Conv_KY_Conv_KX_Conv_C_fu_306/mul_16s_16s_32_1_1_U260/tmp_product/P[47:0] is not pipelined (MREG=0). Pipelining the multiplier function will improve performance and will save significant power so it is suggested whenever possible to fully pipeline this function.  If this multiplier was inferred, it is suggested to describe an additional register stage after this function.  If there is no registered adder/accumulator following the multiply function, two pipeline stages are suggested to allow both the MREG and PREG registers to be used.  If the DSP48 was instantiated in the design, it is suggested to set both the MREG and PREG attributes to 1 when performing multiply functions.
Related violations: <none>

DPOP-4#65 Warning
MREG Output pipelining  
DSP design_1_i/cnn_accel_top_0/inst/grp_dataflow_parent_loop_proc2_fu_316/dataflow_parent_loop_proc_U0/dataflow_in_loop_Row_Loop_1_U0/compute_and_write_row4_U0/grp_compute_and_write_row4_Pipeline_Acc_TileN_Conv_KY_Conv_KX_Conv_C_fu_306/mul_16s_16s_32_1_1_U268/tmp_product multiplier stage design_1_i/cnn_accel_top_0/inst/grp_dataflow_parent_loop_proc2_fu_316/dataflow_parent_loop_proc_U0/dataflow_in_loop_Row_Loop_1_U0/compute_and_write_row4_U0/grp_compute_and_write_row4_Pipeline_Acc_TileN_Conv_KY_Conv_KX_Conv_C_fu_306/mul_16s_16s_32_1_1_U268/tmp_product/P[47:0] is not pipelined (MREG=0). Pipelining the multiplier function will improve performance and will save significant power so it is suggested whenever possible to fully pipeline this function.  If this multiplier was inferred, it is suggested to describe an additional register stage after this function.  If there is no registered adder/accumulator following the multiply function, two pipeline stages are suggested to allow both the MREG and PREG registers to be used.  If the DSP48 was instantiated in the design, it is suggested to set both the MREG and PREG attributes to 1 when performing multiply functions.
Related violations: <none>

DPOP-4#66 Warning
MREG Output pipelining  
DSP design_1_i/cnn_accel_top_0/inst/grp_dataflow_parent_loop_proc2_fu_316/dataflow_parent_loop_proc_U0/dataflow_in_loop_Row_Loop_1_U0/compute_and_write_row4_U0/grp_compute_and_write_row4_Pipeline_Acc_TileN_Conv_KY_Conv_KX_Conv_C_fu_306/mul_16s_16s_32_1_1_U270/tmp_product multiplier stage design_1_i/cnn_accel_top_0/inst/grp_dataflow_parent_loop_proc2_fu_316/dataflow_parent_loop_proc_U0/dataflow_in_loop_Row_Loop_1_U0/compute_and_write_row4_U0/grp_compute_and_write_row4_Pipeline_Acc_TileN_Conv_KY_Conv_KX_Conv_C_fu_306/mul_16s_16s_32_1_1_U270/tmp_product/P[47:0] is not pipelined (MREG=0). Pipelining the multiplier function will improve performance and will save significant power so it is suggested whenever possible to fully pipeline this function.  If this multiplier was inferred, it is suggested to describe an additional register stage after this function.  If there is no registered adder/accumulator following the multiply function, two pipeline stages are suggested to allow both the MREG and PREG registers to be used.  If the DSP48 was instantiated in the design, it is suggested to set both the MREG and PREG attributes to 1 when performing multiply functions.
Related violations: <none>

DPOP-4#67 Warning
MREG Output pipelining  
DSP design_1_i/cnn_accel_top_0/inst/grp_dataflow_parent_loop_proc2_fu_316/dataflow_parent_loop_proc_U0/dataflow_in_loop_Row_Loop_1_U0/compute_and_write_row4_U0/grp_compute_and_write_row4_Pipeline_Acc_TileN_Conv_KY_Conv_KX_Conv_C_fu_306/mul_16s_16s_32_1_1_U272/tmp_product multiplier stage design_1_i/cnn_accel_top_0/inst/grp_dataflow_parent_loop_proc2_fu_316/dataflow_parent_loop_proc_U0/dataflow_in_loop_Row_Loop_1_U0/compute_and_write_row4_U0/grp_compute_and_write_row4_Pipeline_Acc_TileN_Conv_KY_Conv_KX_Conv_C_fu_306/mul_16s_16s_32_1_1_U272/tmp_product/P[47:0] is not pipelined (MREG=0). Pipelining the multiplier function will improve performance and will save significant power so it is suggested whenever possible to fully pipeline this function.  If this multiplier was inferred, it is suggested to describe an additional register stage after this function.  If there is no registered adder/accumulator following the multiply function, two pipeline stages are suggested to allow both the MREG and PREG registers to be used.  If the DSP48 was instantiated in the design, it is suggested to set both the MREG and PREG attributes to 1 when performing multiply functions.
Related violations: <none>

DPOP-4#68 Warning
MREG Output pipelining  
DSP design_1_i/cnn_accel_top_0/inst/grp_dataflow_parent_loop_proc2_fu_316/dataflow_parent_loop_proc_U0/dataflow_in_loop_Row_Loop_1_U0/compute_and_write_row4_U0/grp_compute_and_write_row4_Pipeline_Acc_TileN_Conv_KY_Conv_KX_Conv_C_fu_306/mul_16s_16s_32_1_1_U274/tmp_product multiplier stage design_1_i/cnn_accel_top_0/inst/grp_dataflow_parent_loop_proc2_fu_316/dataflow_parent_loop_proc_U0/dataflow_in_loop_Row_Loop_1_U0/compute_and_write_row4_U0/grp_compute_and_write_row4_Pipeline_Acc_TileN_Conv_KY_Conv_KX_Conv_C_fu_306/mul_16s_16s_32_1_1_U274/tmp_product/P[47:0] is not pipelined (MREG=0). Pipelining the multiplier function will improve performance and will save significant power so it is suggested whenever possible to fully pipeline this function.  If this multiplier was inferred, it is suggested to describe an additional register stage after this function.  If there is no registered adder/accumulator following the multiply function, two pipeline stages are suggested to allow both the MREG and PREG registers to be used.  If the DSP48 was instantiated in the design, it is suggested to set both the MREG and PREG attributes to 1 when performing multiply functions.
Related violations: <none>

DPOP-4#69 Warning
MREG Output pipelining  
DSP design_1_i/cnn_accel_top_0/inst/grp_dataflow_parent_loop_proc2_fu_316/dataflow_parent_loop_proc_U0/dataflow_in_loop_Row_Loop_1_U0/compute_and_write_row4_U0/grp_compute_and_write_row4_Pipeline_Acc_TileN_Conv_KY_Conv_KX_Conv_C_fu_306/mul_16s_16s_32_1_1_U282/tmp_product multiplier stage design_1_i/cnn_accel_top_0/inst/grp_dataflow_parent_loop_proc2_fu_316/dataflow_parent_loop_proc_U0/dataflow_in_loop_Row_Loop_1_U0/compute_and_write_row4_U0/grp_compute_and_write_row4_Pipeline_Acc_TileN_Conv_KY_Conv_KX_Conv_C_fu_306/mul_16s_16s_32_1_1_U282/tmp_product/P[47:0] is not pipelined (MREG=0). Pipelining the multiplier function will improve performance and will save significant power so it is suggested whenever possible to fully pipeline this function.  If this multiplier was inferred, it is suggested to describe an additional register stage after this function.  If there is no registered adder/accumulator following the multiply function, two pipeline stages are suggested to allow both the MREG and PREG registers to be used.  If the DSP48 was instantiated in the design, it is suggested to set both the MREG and PREG attributes to 1 when performing multiply functions.
Related violations: <none>

DPOP-4#70 Warning
MREG Output pipelining  
DSP design_1_i/cnn_accel_top_0/inst/grp_dataflow_parent_loop_proc2_fu_316/dataflow_parent_loop_proc_U0/dataflow_in_loop_Row_Loop_1_U0/compute_and_write_row4_U0/grp_compute_and_write_row4_Pipeline_Acc_TileN_Conv_KY_Conv_KX_Conv_C_fu_306/mul_16s_16s_32_1_1_U284/tmp_product multiplier stage design_1_i/cnn_accel_top_0/inst/grp_dataflow_parent_loop_proc2_fu_316/dataflow_parent_loop_proc_U0/dataflow_in_loop_Row_Loop_1_U0/compute_and_write_row4_U0/grp_compute_and_write_row4_Pipeline_Acc_TileN_Conv_KY_Conv_KX_Conv_C_fu_306/mul_16s_16s_32_1_1_U284/tmp_product/P[47:0] is not pipelined (MREG=0). Pipelining the multiplier function will improve performance and will save significant power so it is suggested whenever possible to fully pipeline this function.  If this multiplier was inferred, it is suggested to describe an additional register stage after this function.  If there is no registered adder/accumulator following the multiply function, two pipeline stages are suggested to allow both the MREG and PREG registers to be used.  If the DSP48 was instantiated in the design, it is suggested to set both the MREG and PREG attributes to 1 when performing multiply functions.
Related violations: <none>

DPOP-4#71 Warning
MREG Output pipelining  
DSP design_1_i/cnn_accel_top_0/inst/grp_dataflow_parent_loop_proc2_fu_316/dataflow_parent_loop_proc_U0/dataflow_in_loop_Row_Loop_1_U0/compute_and_write_row4_U0/grp_compute_and_write_row4_Pipeline_Acc_TileN_Conv_KY_Conv_KX_Conv_C_fu_306/mul_16s_16s_32_1_1_U286/tmp_product multiplier stage design_1_i/cnn_accel_top_0/inst/grp_dataflow_parent_loop_proc2_fu_316/dataflow_parent_loop_proc_U0/dataflow_in_loop_Row_Loop_1_U0/compute_and_write_row4_U0/grp_compute_and_write_row4_Pipeline_Acc_TileN_Conv_KY_Conv_KX_Conv_C_fu_306/mul_16s_16s_32_1_1_U286/tmp_product/P[47:0] is not pipelined (MREG=0). Pipelining the multiplier function will improve performance and will save significant power so it is suggested whenever possible to fully pipeline this function.  If this multiplier was inferred, it is suggested to describe an additional register stage after this function.  If there is no registered adder/accumulator following the multiply function, two pipeline stages are suggested to allow both the MREG and PREG registers to be used.  If the DSP48 was instantiated in the design, it is suggested to set both the MREG and PREG attributes to 1 when performing multiply functions.
Related violations: <none>

DPOP-4#72 Warning
MREG Output pipelining  
DSP design_1_i/cnn_accel_top_0/inst/grp_dataflow_parent_loop_proc2_fu_316/dataflow_parent_loop_proc_U0/dataflow_in_loop_Row_Loop_1_U0/compute_and_write_row4_U0/grp_compute_and_write_row4_Pipeline_Acc_TileN_Conv_KY_Conv_KX_Conv_C_fu_306/mul_16s_16s_32_1_1_U288/tmp_product multiplier stage design_1_i/cnn_accel_top_0/inst/grp_dataflow_parent_loop_proc2_fu_316/dataflow_parent_loop_proc_U0/dataflow_in_loop_Row_Loop_1_U0/compute_and_write_row4_U0/grp_compute_and_write_row4_Pipeline_Acc_TileN_Conv_KY_Conv_KX_Conv_C_fu_306/mul_16s_16s_32_1_1_U288/tmp_product/P[47:0] is not pipelined (MREG=0). Pipelining the multiplier function will improve performance and will save significant power so it is suggested whenever possible to fully pipeline this function.  If this multiplier was inferred, it is suggested to describe an additional register stage after this function.  If there is no registered adder/accumulator following the multiply function, two pipeline stages are suggested to allow both the MREG and PREG registers to be used.  If the DSP48 was instantiated in the design, it is suggested to set both the MREG and PREG attributes to 1 when performing multiply functions.
Related violations: <none>

DPOP-4#73 Warning
MREG Output pipelining  
DSP design_1_i/cnn_accel_top_0/inst/grp_dataflow_parent_loop_proc2_fu_316/dataflow_parent_loop_proc_U0/dataflow_in_loop_Row_Loop_1_U0/compute_and_write_row4_U0/grp_compute_and_write_row4_Pipeline_Acc_TileN_Conv_KY_Conv_KX_Conv_C_fu_306/mul_16s_16s_32_1_1_U296/tmp_product multiplier stage design_1_i/cnn_accel_top_0/inst/grp_dataflow_parent_loop_proc2_fu_316/dataflow_parent_loop_proc_U0/dataflow_in_loop_Row_Loop_1_U0/compute_and_write_row4_U0/grp_compute_and_write_row4_Pipeline_Acc_TileN_Conv_KY_Conv_KX_Conv_C_fu_306/mul_16s_16s_32_1_1_U296/tmp_product/P[47:0] is not pipelined (MREG=0). Pipelining the multiplier function will improve performance and will save significant power so it is suggested whenever possible to fully pipeline this function.  If this multiplier was inferred, it is suggested to describe an additional register stage after this function.  If there is no registered adder/accumulator following the multiply function, two pipeline stages are suggested to allow both the MREG and PREG registers to be used.  If the DSP48 was instantiated in the design, it is suggested to set both the MREG and PREG attributes to 1 when performing multiply functions.
Related violations: <none>

DPOP-4#74 Warning
MREG Output pipelining  
DSP design_1_i/cnn_accel_top_0/inst/grp_dataflow_parent_loop_proc2_fu_316/dataflow_parent_loop_proc_U0/dataflow_in_loop_Row_Loop_1_U0/compute_and_write_row4_U0/grp_compute_and_write_row4_Pipeline_Acc_TileN_Conv_KY_Conv_KX_Conv_C_fu_306/mul_16s_16s_32_1_1_U298/tmp_product multiplier stage design_1_i/cnn_accel_top_0/inst/grp_dataflow_parent_loop_proc2_fu_316/dataflow_parent_loop_proc_U0/dataflow_in_loop_Row_Loop_1_U0/compute_and_write_row4_U0/grp_compute_and_write_row4_Pipeline_Acc_TileN_Conv_KY_Conv_KX_Conv_C_fu_306/mul_16s_16s_32_1_1_U298/tmp_product/P[47:0] is not pipelined (MREG=0). Pipelining the multiplier function will improve performance and will save significant power so it is suggested whenever possible to fully pipeline this function.  If this multiplier was inferred, it is suggested to describe an additional register stage after this function.  If there is no registered adder/accumulator following the multiply function, two pipeline stages are suggested to allow both the MREG and PREG registers to be used.  If the DSP48 was instantiated in the design, it is suggested to set both the MREG and PREG attributes to 1 when performing multiply functions.
Related violations: <none>

DPOP-4#75 Warning
MREG Output pipelining  
DSP design_1_i/cnn_accel_top_0/inst/grp_dataflow_parent_loop_proc2_fu_316/dataflow_parent_loop_proc_U0/dataflow_in_loop_Row_Loop_1_U0/compute_and_write_row4_U0/grp_compute_and_write_row4_Pipeline_Acc_TileN_Conv_KY_Conv_KX_Conv_C_fu_306/mul_16s_16s_32_1_1_U300/tmp_product multiplier stage design_1_i/cnn_accel_top_0/inst/grp_dataflow_parent_loop_proc2_fu_316/dataflow_parent_loop_proc_U0/dataflow_in_loop_Row_Loop_1_U0/compute_and_write_row4_U0/grp_compute_and_write_row4_Pipeline_Acc_TileN_Conv_KY_Conv_KX_Conv_C_fu_306/mul_16s_16s_32_1_1_U300/tmp_product/P[47:0] is not pipelined (MREG=0). Pipelining the multiplier function will improve performance and will save significant power so it is suggested whenever possible to fully pipeline this function.  If this multiplier was inferred, it is suggested to describe an additional register stage after this function.  If there is no registered adder/accumulator following the multiply function, two pipeline stages are suggested to allow both the MREG and PREG registers to be used.  If the DSP48 was instantiated in the design, it is suggested to set both the MREG and PREG attributes to 1 when performing multiply functions.
Related violations: <none>

DPOP-4#76 Warning
MREG Output pipelining  
DSP design_1_i/cnn_accel_top_0/inst/grp_dataflow_parent_loop_proc2_fu_316/dataflow_parent_loop_proc_U0/dataflow_in_loop_Row_Loop_1_U0/compute_and_write_row4_U0/grp_compute_and_write_row4_Pipeline_Acc_TileN_Conv_KY_Conv_KX_Conv_C_fu_306/mul_16s_16s_32_1_1_U302/tmp_product multiplier stage design_1_i/cnn_accel_top_0/inst/grp_dataflow_parent_loop_proc2_fu_316/dataflow_parent_loop_proc_U0/dataflow_in_loop_Row_Loop_1_U0/compute_and_write_row4_U0/grp_compute_and_write_row4_Pipeline_Acc_TileN_Conv_KY_Conv_KX_Conv_C_fu_306/mul_16s_16s_32_1_1_U302/tmp_product/P[47:0] is not pipelined (MREG=0). Pipelining the multiplier function will improve performance and will save significant power so it is suggested whenever possible to fully pipeline this function.  If this multiplier was inferred, it is suggested to describe an additional register stage after this function.  If there is no registered adder/accumulator following the multiply function, two pipeline stages are suggested to allow both the MREG and PREG registers to be used.  If the DSP48 was instantiated in the design, it is suggested to set both the MREG and PREG attributes to 1 when performing multiply functions.
Related violations: <none>

DPOP-4#77 Warning
MREG Output pipelining  
DSP design_1_i/cnn_accel_top_0/inst/grp_dataflow_parent_loop_proc2_fu_316/dataflow_parent_loop_proc_U0/dataflow_in_loop_Row_Loop_1_U0/compute_and_write_row4_U0/grp_compute_and_write_row4_Pipeline_Acc_TileN_Conv_KY_Conv_KX_Conv_C_fu_306/mul_16s_16s_32_1_1_U310/tmp_product multiplier stage design_1_i/cnn_accel_top_0/inst/grp_dataflow_parent_loop_proc2_fu_316/dataflow_parent_loop_proc_U0/dataflow_in_loop_Row_Loop_1_U0/compute_and_write_row4_U0/grp_compute_and_write_row4_Pipeline_Acc_TileN_Conv_KY_Conv_KX_Conv_C_fu_306/mul_16s_16s_32_1_1_U310/tmp_product/P[47:0] is not pipelined (MREG=0). Pipelining the multiplier function will improve performance and will save significant power so it is suggested whenever possible to fully pipeline this function.  If this multiplier was inferred, it is suggested to describe an additional register stage after this function.  If there is no registered adder/accumulator following the multiply function, two pipeline stages are suggested to allow both the MREG and PREG registers to be used.  If the DSP48 was instantiated in the design, it is suggested to set both the MREG and PREG attributes to 1 when performing multiply functions.
Related violations: <none>

DPOP-4#78 Warning
MREG Output pipelining  
DSP design_1_i/cnn_accel_top_0/inst/grp_dataflow_parent_loop_proc2_fu_316/dataflow_parent_loop_proc_U0/dataflow_in_loop_Row_Loop_1_U0/compute_and_write_row4_U0/grp_compute_and_write_row4_Pipeline_Acc_TileN_Conv_KY_Conv_KX_Conv_C_fu_306/mul_16s_16s_32_1_1_U312/tmp_product multiplier stage design_1_i/cnn_accel_top_0/inst/grp_dataflow_parent_loop_proc2_fu_316/dataflow_parent_loop_proc_U0/dataflow_in_loop_Row_Loop_1_U0/compute_and_write_row4_U0/grp_compute_and_write_row4_Pipeline_Acc_TileN_Conv_KY_Conv_KX_Conv_C_fu_306/mul_16s_16s_32_1_1_U312/tmp_product/P[47:0] is not pipelined (MREG=0). Pipelining the multiplier function will improve performance and will save significant power so it is suggested whenever possible to fully pipeline this function.  If this multiplier was inferred, it is suggested to describe an additional register stage after this function.  If there is no registered adder/accumulator following the multiply function, two pipeline stages are suggested to allow both the MREG and PREG registers to be used.  If the DSP48 was instantiated in the design, it is suggested to set both the MREG and PREG attributes to 1 when performing multiply functions.
Related violations: <none>

DPOP-4#79 Warning
MREG Output pipelining  
DSP design_1_i/cnn_accel_top_0/inst/grp_dataflow_parent_loop_proc2_fu_316/dataflow_parent_loop_proc_U0/dataflow_in_loop_Row_Loop_1_U0/compute_and_write_row4_U0/grp_compute_and_write_row4_Pipeline_Acc_TileN_Conv_KY_Conv_KX_Conv_C_fu_306/mul_16s_16s_32_1_1_U314/tmp_product multiplier stage design_1_i/cnn_accel_top_0/inst/grp_dataflow_parent_loop_proc2_fu_316/dataflow_parent_loop_proc_U0/dataflow_in_loop_Row_Loop_1_U0/compute_and_write_row4_U0/grp_compute_and_write_row4_Pipeline_Acc_TileN_Conv_KY_Conv_KX_Conv_C_fu_306/mul_16s_16s_32_1_1_U314/tmp_product/P[47:0] is not pipelined (MREG=0). Pipelining the multiplier function will improve performance and will save significant power so it is suggested whenever possible to fully pipeline this function.  If this multiplier was inferred, it is suggested to describe an additional register stage after this function.  If there is no registered adder/accumulator following the multiply function, two pipeline stages are suggested to allow both the MREG and PREG registers to be used.  If the DSP48 was instantiated in the design, it is suggested to set both the MREG and PREG attributes to 1 when performing multiply functions.
Related violations: <none>

DPOP-4#80 Warning
MREG Output pipelining  
DSP design_1_i/cnn_accel_top_0/inst/grp_dataflow_parent_loop_proc2_fu_316/dataflow_parent_loop_proc_U0/dataflow_in_loop_Row_Loop_1_U0/compute_and_write_row4_U0/grp_compute_and_write_row4_Pipeline_Acc_TileN_Conv_KY_Conv_KX_Conv_C_fu_306/mul_16s_16s_32_1_1_U316/tmp_product multiplier stage design_1_i/cnn_accel_top_0/inst/grp_dataflow_parent_loop_proc2_fu_316/dataflow_parent_loop_proc_U0/dataflow_in_loop_Row_Loop_1_U0/compute_and_write_row4_U0/grp_compute_and_write_row4_Pipeline_Acc_TileN_Conv_KY_Conv_KX_Conv_C_fu_306/mul_16s_16s_32_1_1_U316/tmp_product/P[47:0] is not pipelined (MREG=0). Pipelining the multiplier function will improve performance and will save significant power so it is suggested whenever possible to fully pipeline this function.  If this multiplier was inferred, it is suggested to describe an additional register stage after this function.  If there is no registered adder/accumulator following the multiply function, two pipeline stages are suggested to allow both the MREG and PREG registers to be used.  If the DSP48 was instantiated in the design, it is suggested to set both the MREG and PREG attributes to 1 when performing multiply functions.
Related violations: <none>

DPOP-4#81 Warning
MREG Output pipelining  
DSP design_1_i/cnn_accel_top_0/inst/grp_dataflow_parent_loop_proc2_fu_316/dataflow_parent_loop_proc_U0/dataflow_in_loop_Row_Loop_1_U0/compute_and_write_row4_U0/grp_compute_and_write_row4_Pipeline_Acc_TileN_Conv_KY_Conv_KX_Conv_C_fu_306/mul_16s_16s_32_1_1_U324/tmp_product multiplier stage design_1_i/cnn_accel_top_0/inst/grp_dataflow_parent_loop_proc2_fu_316/dataflow_parent_loop_proc_U0/dataflow_in_loop_Row_Loop_1_U0/compute_and_write_row4_U0/grp_compute_and_write_row4_Pipeline_Acc_TileN_Conv_KY_Conv_KX_Conv_C_fu_306/mul_16s_16s_32_1_1_U324/tmp_product/P[47:0] is not pipelined (MREG=0). Pipelining the multiplier function will improve performance and will save significant power so it is suggested whenever possible to fully pipeline this function.  If this multiplier was inferred, it is suggested to describe an additional register stage after this function.  If there is no registered adder/accumulator following the multiply function, two pipeline stages are suggested to allow both the MREG and PREG registers to be used.  If the DSP48 was instantiated in the design, it is suggested to set both the MREG and PREG attributes to 1 when performing multiply functions.
Related violations: <none>

DPOP-4#82 Warning
MREG Output pipelining  
DSP design_1_i/cnn_accel_top_0/inst/grp_dataflow_parent_loop_proc2_fu_316/dataflow_parent_loop_proc_U0/dataflow_in_loop_Row_Loop_1_U0/compute_and_write_row4_U0/grp_compute_and_write_row4_Pipeline_Acc_TileN_Conv_KY_Conv_KX_Conv_C_fu_306/mul_16s_16s_32_1_1_U326/tmp_product multiplier stage design_1_i/cnn_accel_top_0/inst/grp_dataflow_parent_loop_proc2_fu_316/dataflow_parent_loop_proc_U0/dataflow_in_loop_Row_Loop_1_U0/compute_and_write_row4_U0/grp_compute_and_write_row4_Pipeline_Acc_TileN_Conv_KY_Conv_KX_Conv_C_fu_306/mul_16s_16s_32_1_1_U326/tmp_product/P[47:0] is not pipelined (MREG=0). Pipelining the multiplier function will improve performance and will save significant power so it is suggested whenever possible to fully pipeline this function.  If this multiplier was inferred, it is suggested to describe an additional register stage after this function.  If there is no registered adder/accumulator following the multiply function, two pipeline stages are suggested to allow both the MREG and PREG registers to be used.  If the DSP48 was instantiated in the design, it is suggested to set both the MREG and PREG attributes to 1 when performing multiply functions.
Related violations: <none>

DPOP-4#83 Warning
MREG Output pipelining  
DSP design_1_i/cnn_accel_top_0/inst/grp_dataflow_parent_loop_proc2_fu_316/dataflow_parent_loop_proc_U0/dataflow_in_loop_Row_Loop_1_U0/compute_and_write_row4_U0/grp_compute_and_write_row4_Pipeline_Acc_TileN_Conv_KY_Conv_KX_Conv_C_fu_306/mul_16s_16s_32_1_1_U328/tmp_product multiplier stage design_1_i/cnn_accel_top_0/inst/grp_dataflow_parent_loop_proc2_fu_316/dataflow_parent_loop_proc_U0/dataflow_in_loop_Row_Loop_1_U0/compute_and_write_row4_U0/grp_compute_and_write_row4_Pipeline_Acc_TileN_Conv_KY_Conv_KX_Conv_C_fu_306/mul_16s_16s_32_1_1_U328/tmp_product/P[47:0] is not pipelined (MREG=0). Pipelining the multiplier function will improve performance and will save significant power so it is suggested whenever possible to fully pipeline this function.  If this multiplier was inferred, it is suggested to describe an additional register stage after this function.  If there is no registered adder/accumulator following the multiply function, two pipeline stages are suggested to allow both the MREG and PREG registers to be used.  If the DSP48 was instantiated in the design, it is suggested to set both the MREG and PREG attributes to 1 when performing multiply functions.
Related violations: <none>

DPOP-4#84 Warning
MREG Output pipelining  
DSP design_1_i/cnn_accel_top_0/inst/grp_dataflow_parent_loop_proc2_fu_316/dataflow_parent_loop_proc_U0/dataflow_in_loop_Row_Loop_1_U0/compute_and_write_row4_U0/grp_compute_and_write_row4_Pipeline_Acc_TileN_Conv_KY_Conv_KX_Conv_C_fu_306/mul_16s_16s_32_1_1_U330/tmp_product multiplier stage design_1_i/cnn_accel_top_0/inst/grp_dataflow_parent_loop_proc2_fu_316/dataflow_parent_loop_proc_U0/dataflow_in_loop_Row_Loop_1_U0/compute_and_write_row4_U0/grp_compute_and_write_row4_Pipeline_Acc_TileN_Conv_KY_Conv_KX_Conv_C_fu_306/mul_16s_16s_32_1_1_U330/tmp_product/P[47:0] is not pipelined (MREG=0). Pipelining the multiplier function will improve performance and will save significant power so it is suggested whenever possible to fully pipeline this function.  If this multiplier was inferred, it is suggested to describe an additional register stage after this function.  If there is no registered adder/accumulator following the multiply function, two pipeline stages are suggested to allow both the MREG and PREG registers to be used.  If the DSP48 was instantiated in the design, it is suggested to set both the MREG and PREG attributes to 1 when performing multiply functions.
Related violations: <none>

DPOP-4#85 Warning
MREG Output pipelining  
DSP design_1_i/cnn_accel_top_0/inst/grp_dataflow_parent_loop_proc2_fu_316/dataflow_parent_loop_proc_U0/dataflow_in_loop_Row_Loop_1_U0/compute_and_write_row4_U0/grp_compute_and_write_row4_Pipeline_Acc_TileN_Conv_KY_Conv_KX_Conv_C_fu_306/mul_16s_16s_32_1_1_U338/tmp_product multiplier stage design_1_i/cnn_accel_top_0/inst/grp_dataflow_parent_loop_proc2_fu_316/dataflow_parent_loop_proc_U0/dataflow_in_loop_Row_Loop_1_U0/compute_and_write_row4_U0/grp_compute_and_write_row4_Pipeline_Acc_TileN_Conv_KY_Conv_KX_Conv_C_fu_306/mul_16s_16s_32_1_1_U338/tmp_product/P[47:0] is not pipelined (MREG=0). Pipelining the multiplier function will improve performance and will save significant power so it is suggested whenever possible to fully pipeline this function.  If this multiplier was inferred, it is suggested to describe an additional register stage after this function.  If there is no registered adder/accumulator following the multiply function, two pipeline stages are suggested to allow both the MREG and PREG registers to be used.  If the DSP48 was instantiated in the design, it is suggested to set both the MREG and PREG attributes to 1 when performing multiply functions.
Related violations: <none>

DPOP-4#86 Warning
MREG Output pipelining  
DSP design_1_i/cnn_accel_top_0/inst/grp_dataflow_parent_loop_proc2_fu_316/dataflow_parent_loop_proc_U0/dataflow_in_loop_Row_Loop_1_U0/compute_and_write_row4_U0/grp_compute_and_write_row4_Pipeline_Acc_TileN_Conv_KY_Conv_KX_Conv_C_fu_306/mul_16s_16s_32_1_1_U340/tmp_product multiplier stage design_1_i/cnn_accel_top_0/inst/grp_dataflow_parent_loop_proc2_fu_316/dataflow_parent_loop_proc_U0/dataflow_in_loop_Row_Loop_1_U0/compute_and_write_row4_U0/grp_compute_and_write_row4_Pipeline_Acc_TileN_Conv_KY_Conv_KX_Conv_C_fu_306/mul_16s_16s_32_1_1_U340/tmp_product/P[47:0] is not pipelined (MREG=0). Pipelining the multiplier function will improve performance and will save significant power so it is suggested whenever possible to fully pipeline this function.  If this multiplier was inferred, it is suggested to describe an additional register stage after this function.  If there is no registered adder/accumulator following the multiply function, two pipeline stages are suggested to allow both the MREG and PREG registers to be used.  If the DSP48 was instantiated in the design, it is suggested to set both the MREG and PREG attributes to 1 when performing multiply functions.
Related violations: <none>

DPOP-4#87 Warning
MREG Output pipelining  
DSP design_1_i/cnn_accel_top_0/inst/grp_dataflow_parent_loop_proc2_fu_316/dataflow_parent_loop_proc_U0/dataflow_in_loop_Row_Loop_1_U0/compute_and_write_row4_U0/grp_compute_and_write_row4_Pipeline_Acc_TileN_Conv_KY_Conv_KX_Conv_C_fu_306/mul_16s_16s_32_1_1_U342/tmp_product multiplier stage design_1_i/cnn_accel_top_0/inst/grp_dataflow_parent_loop_proc2_fu_316/dataflow_parent_loop_proc_U0/dataflow_in_loop_Row_Loop_1_U0/compute_and_write_row4_U0/grp_compute_and_write_row4_Pipeline_Acc_TileN_Conv_KY_Conv_KX_Conv_C_fu_306/mul_16s_16s_32_1_1_U342/tmp_product/P[47:0] is not pipelined (MREG=0). Pipelining the multiplier function will improve performance and will save significant power so it is suggested whenever possible to fully pipeline this function.  If this multiplier was inferred, it is suggested to describe an additional register stage after this function.  If there is no registered adder/accumulator following the multiply function, two pipeline stages are suggested to allow both the MREG and PREG registers to be used.  If the DSP48 was instantiated in the design, it is suggested to set both the MREG and PREG attributes to 1 when performing multiply functions.
Related violations: <none>

DPOP-4#88 Warning
MREG Output pipelining  
DSP design_1_i/cnn_accel_top_0/inst/grp_dataflow_parent_loop_proc2_fu_316/dataflow_parent_loop_proc_U0/dataflow_in_loop_Row_Loop_1_U0/compute_and_write_row4_U0/grp_compute_and_write_row4_Pipeline_Acc_TileN_Conv_KY_Conv_KX_Conv_C_fu_306/mul_16s_16s_32_1_1_U344/tmp_product multiplier stage design_1_i/cnn_accel_top_0/inst/grp_dataflow_parent_loop_proc2_fu_316/dataflow_parent_loop_proc_U0/dataflow_in_loop_Row_Loop_1_U0/compute_and_write_row4_U0/grp_compute_and_write_row4_Pipeline_Acc_TileN_Conv_KY_Conv_KX_Conv_C_fu_306/mul_16s_16s_32_1_1_U344/tmp_product/P[47:0] is not pipelined (MREG=0). Pipelining the multiplier function will improve performance and will save significant power so it is suggested whenever possible to fully pipeline this function.  If this multiplier was inferred, it is suggested to describe an additional register stage after this function.  If there is no registered adder/accumulator following the multiply function, two pipeline stages are suggested to allow both the MREG and PREG registers to be used.  If the DSP48 was instantiated in the design, it is suggested to set both the MREG and PREG attributes to 1 when performing multiply functions.
Related violations: <none>

DPOP-4#89 Warning
MREG Output pipelining  
DSP design_1_i/cnn_accel_top_0/inst/grp_dataflow_parent_loop_proc2_fu_316/dataflow_parent_loop_proc_U0/dataflow_in_loop_Row_Loop_1_U0/compute_and_write_row4_U0/grp_compute_and_write_row4_Pipeline_Acc_TileN_Conv_KY_Conv_KX_Conv_C_fu_306/mul_16s_16s_32_1_1_U352/tmp_product multiplier stage design_1_i/cnn_accel_top_0/inst/grp_dataflow_parent_loop_proc2_fu_316/dataflow_parent_loop_proc_U0/dataflow_in_loop_Row_Loop_1_U0/compute_and_write_row4_U0/grp_compute_and_write_row4_Pipeline_Acc_TileN_Conv_KY_Conv_KX_Conv_C_fu_306/mul_16s_16s_32_1_1_U352/tmp_product/P[47:0] is not pipelined (MREG=0). Pipelining the multiplier function will improve performance and will save significant power so it is suggested whenever possible to fully pipeline this function.  If this multiplier was inferred, it is suggested to describe an additional register stage after this function.  If there is no registered adder/accumulator following the multiply function, two pipeline stages are suggested to allow both the MREG and PREG registers to be used.  If the DSP48 was instantiated in the design, it is suggested to set both the MREG and PREG attributes to 1 when performing multiply functions.
Related violations: <none>

DPOP-4#90 Warning
MREG Output pipelining  
DSP design_1_i/cnn_accel_top_0/inst/grp_dataflow_parent_loop_proc2_fu_316/dataflow_parent_loop_proc_U0/dataflow_in_loop_Row_Loop_1_U0/compute_and_write_row4_U0/grp_compute_and_write_row4_Pipeline_Acc_TileN_Conv_KY_Conv_KX_Conv_C_fu_306/mul_16s_16s_32_1_1_U354/tmp_product multiplier stage design_1_i/cnn_accel_top_0/inst/grp_dataflow_parent_loop_proc2_fu_316/dataflow_parent_loop_proc_U0/dataflow_in_loop_Row_Loop_1_U0/compute_and_write_row4_U0/grp_compute_and_write_row4_Pipeline_Acc_TileN_Conv_KY_Conv_KX_Conv_C_fu_306/mul_16s_16s_32_1_1_U354/tmp_product/P[47:0] is not pipelined (MREG=0). Pipelining the multiplier function will improve performance and will save significant power so it is suggested whenever possible to fully pipeline this function.  If this multiplier was inferred, it is suggested to describe an additional register stage after this function.  If there is no registered adder/accumulator following the multiply function, two pipeline stages are suggested to allow both the MREG and PREG registers to be used.  If the DSP48 was instantiated in the design, it is suggested to set both the MREG and PREG attributes to 1 when performing multiply functions.
Related violations: <none>

DPOP-4#91 Warning
MREG Output pipelining  
DSP design_1_i/cnn_accel_top_0/inst/grp_dataflow_parent_loop_proc2_fu_316/dataflow_parent_loop_proc_U0/dataflow_in_loop_Row_Loop_1_U0/compute_and_write_row4_U0/grp_compute_and_write_row4_Pipeline_Acc_TileN_Conv_KY_Conv_KX_Conv_C_fu_306/mul_16s_16s_32_1_1_U356/tmp_product multiplier stage design_1_i/cnn_accel_top_0/inst/grp_dataflow_parent_loop_proc2_fu_316/dataflow_parent_loop_proc_U0/dataflow_in_loop_Row_Loop_1_U0/compute_and_write_row4_U0/grp_compute_and_write_row4_Pipeline_Acc_TileN_Conv_KY_Conv_KX_Conv_C_fu_306/mul_16s_16s_32_1_1_U356/tmp_product/P[47:0] is not pipelined (MREG=0). Pipelining the multiplier function will improve performance and will save significant power so it is suggested whenever possible to fully pipeline this function.  If this multiplier was inferred, it is suggested to describe an additional register stage after this function.  If there is no registered adder/accumulator following the multiply function, two pipeline stages are suggested to allow both the MREG and PREG registers to be used.  If the DSP48 was instantiated in the design, it is suggested to set both the MREG and PREG attributes to 1 when performing multiply functions.
Related violations: <none>

DPOP-4#92 Warning
MREG Output pipelining  
DSP design_1_i/cnn_accel_top_0/inst/grp_dataflow_parent_loop_proc2_fu_316/dataflow_parent_loop_proc_U0/dataflow_in_loop_Row_Loop_1_U0/compute_and_write_row4_U0/grp_compute_and_write_row4_Pipeline_Acc_TileN_Conv_KY_Conv_KX_Conv_C_fu_306/mul_16s_16s_32_1_1_U358/tmp_product multiplier stage design_1_i/cnn_accel_top_0/inst/grp_dataflow_parent_loop_proc2_fu_316/dataflow_parent_loop_proc_U0/dataflow_in_loop_Row_Loop_1_U0/compute_and_write_row4_U0/grp_compute_and_write_row4_Pipeline_Acc_TileN_Conv_KY_Conv_KX_Conv_C_fu_306/mul_16s_16s_32_1_1_U358/tmp_product/P[47:0] is not pipelined (MREG=0). Pipelining the multiplier function will improve performance and will save significant power so it is suggested whenever possible to fully pipeline this function.  If this multiplier was inferred, it is suggested to describe an additional register stage after this function.  If there is no registered adder/accumulator following the multiply function, two pipeline stages are suggested to allow both the MREG and PREG registers to be used.  If the DSP48 was instantiated in the design, it is suggested to set both the MREG and PREG attributes to 1 when performing multiply functions.
Related violations: <none>

DPOP-4#93 Warning
MREG Output pipelining  
DSP design_1_i/cnn_accel_top_0/inst/grp_dataflow_parent_loop_proc2_fu_316/dataflow_parent_loop_proc_U0/dataflow_in_loop_Row_Loop_1_U0/compute_and_write_row4_U0/grp_compute_and_write_row4_Pipeline_Acc_TileN_Conv_KY_Conv_KX_Conv_C_fu_306/mul_16s_16s_32_1_1_U366/tmp_product multiplier stage design_1_i/cnn_accel_top_0/inst/grp_dataflow_parent_loop_proc2_fu_316/dataflow_parent_loop_proc_U0/dataflow_in_loop_Row_Loop_1_U0/compute_and_write_row4_U0/grp_compute_and_write_row4_Pipeline_Acc_TileN_Conv_KY_Conv_KX_Conv_C_fu_306/mul_16s_16s_32_1_1_U366/tmp_product/P[47:0] is not pipelined (MREG=0). Pipelining the multiplier function will improve performance and will save significant power so it is suggested whenever possible to fully pipeline this function.  If this multiplier was inferred, it is suggested to describe an additional register stage after this function.  If there is no registered adder/accumulator following the multiply function, two pipeline stages are suggested to allow both the MREG and PREG registers to be used.  If the DSP48 was instantiated in the design, it is suggested to set both the MREG and PREG attributes to 1 when performing multiply functions.
Related violations: <none>

DPOP-4#94 Warning
MREG Output pipelining  
DSP design_1_i/cnn_accel_top_0/inst/grp_dataflow_parent_loop_proc2_fu_316/dataflow_parent_loop_proc_U0/dataflow_in_loop_Row_Loop_1_U0/compute_and_write_row4_U0/grp_compute_and_write_row4_Pipeline_Acc_TileN_Conv_KY_Conv_KX_Conv_C_fu_306/mul_16s_16s_32_1_1_U368/tmp_product multiplier stage design_1_i/cnn_accel_top_0/inst/grp_dataflow_parent_loop_proc2_fu_316/dataflow_parent_loop_proc_U0/dataflow_in_loop_Row_Loop_1_U0/compute_and_write_row4_U0/grp_compute_and_write_row4_Pipeline_Acc_TileN_Conv_KY_Conv_KX_Conv_C_fu_306/mul_16s_16s_32_1_1_U368/tmp_product/P[47:0] is not pipelined (MREG=0). Pipelining the multiplier function will improve performance and will save significant power so it is suggested whenever possible to fully pipeline this function.  If this multiplier was inferred, it is suggested to describe an additional register stage after this function.  If there is no registered adder/accumulator following the multiply function, two pipeline stages are suggested to allow both the MREG and PREG registers to be used.  If the DSP48 was instantiated in the design, it is suggested to set both the MREG and PREG attributes to 1 when performing multiply functions.
Related violations: <none>

DPOP-4#95 Warning
MREG Output pipelining  
DSP design_1_i/cnn_accel_top_0/inst/grp_dataflow_parent_loop_proc2_fu_316/dataflow_parent_loop_proc_U0/dataflow_in_loop_Row_Loop_1_U0/compute_and_write_row4_U0/grp_compute_and_write_row4_Pipeline_Acc_TileN_Conv_KY_Conv_KX_Conv_C_fu_306/mul_16s_16s_32_1_1_U370/tmp_product multiplier stage design_1_i/cnn_accel_top_0/inst/grp_dataflow_parent_loop_proc2_fu_316/dataflow_parent_loop_proc_U0/dataflow_in_loop_Row_Loop_1_U0/compute_and_write_row4_U0/grp_compute_and_write_row4_Pipeline_Acc_TileN_Conv_KY_Conv_KX_Conv_C_fu_306/mul_16s_16s_32_1_1_U370/tmp_product/P[47:0] is not pipelined (MREG=0). Pipelining the multiplier function will improve performance and will save significant power so it is suggested whenever possible to fully pipeline this function.  If this multiplier was inferred, it is suggested to describe an additional register stage after this function.  If there is no registered adder/accumulator following the multiply function, two pipeline stages are suggested to allow both the MREG and PREG registers to be used.  If the DSP48 was instantiated in the design, it is suggested to set both the MREG and PREG attributes to 1 when performing multiply functions.
Related violations: <none>

DPOP-4#96 Warning
MREG Output pipelining  
DSP design_1_i/cnn_accel_top_0/inst/grp_dataflow_parent_loop_proc2_fu_316/dataflow_parent_loop_proc_U0/dataflow_in_loop_Row_Loop_1_U0/compute_and_write_row4_U0/grp_compute_and_write_row4_Pipeline_Acc_TileN_Conv_KY_Conv_KX_Conv_C_fu_306/mul_16s_16s_32_1_1_U372/tmp_product multiplier stage design_1_i/cnn_accel_top_0/inst/grp_dataflow_parent_loop_proc2_fu_316/dataflow_parent_loop_proc_U0/dataflow_in_loop_Row_Loop_1_U0/compute_and_write_row4_U0/grp_compute_and_write_row4_Pipeline_Acc_TileN_Conv_KY_Conv_KX_Conv_C_fu_306/mul_16s_16s_32_1_1_U372/tmp_product/P[47:0] is not pipelined (MREG=0). Pipelining the multiplier function will improve performance and will save significant power so it is suggested whenever possible to fully pipeline this function.  If this multiplier was inferred, it is suggested to describe an additional register stage after this function.  If there is no registered adder/accumulator following the multiply function, two pipeline stages are suggested to allow both the MREG and PREG registers to be used.  If the DSP48 was instantiated in the design, it is suggested to set both the MREG and PREG attributes to 1 when performing multiply functions.
Related violations: <none>

DPOP-4#97 Warning
MREG Output pipelining  
DSP design_1_i/cnn_accel_top_0/inst/grp_dataflow_parent_loop_proc2_fu_316/dataflow_parent_loop_proc_U0/dataflow_in_loop_Row_Loop_1_U0/compute_and_write_row4_U0/mul187_i_reg_829_reg multiplier stage design_1_i/cnn_accel_top_0/inst/grp_dataflow_parent_loop_proc2_fu_316/dataflow_parent_loop_proc_U0/dataflow_in_loop_Row_Loop_1_U0/compute_and_write_row4_U0/mul187_i_reg_829_reg/P[47:0] is not pipelined (MREG=0). Pipelining the multiplier function will improve performance and will save significant power so it is suggested whenever possible to fully pipeline this function.  If this multiplier was inferred, it is suggested to describe an additional register stage after this function.  If there is no registered adder/accumulator following the multiply function, two pipeline stages are suggested to allow both the MREG and PREG registers to be used.  If the DSP48 was instantiated in the design, it is suggested to set both the MREG and PREG attributes to 1 when performing multiply functions.
Related violations: <none>

DPOP-4#98 Warning
MREG Output pipelining  
DSP design_1_i/cnn_accel_top_0/inst/grp_dataflow_parent_loop_proc2_fu_316/dataflow_parent_loop_proc_U0/dataflow_in_loop_Row_Loop_1_U0/compute_and_write_row4_U0/mul_ln592_1_reg_844_reg multiplier stage design_1_i/cnn_accel_top_0/inst/grp_dataflow_parent_loop_proc2_fu_316/dataflow_parent_loop_proc_U0/dataflow_in_loop_Row_Loop_1_U0/compute_and_write_row4_U0/mul_ln592_1_reg_844_reg/P[47:0] is not pipelined (MREG=0). Pipelining the multiplier function will improve performance and will save significant power so it is suggested whenever possible to fully pipeline this function.  If this multiplier was inferred, it is suggested to describe an additional register stage after this function.  If there is no registered adder/accumulator following the multiply function, two pipeline stages are suggested to allow both the MREG and PREG registers to be used.  If the DSP48 was instantiated in the design, it is suggested to set both the MREG and PREG attributes to 1 when performing multiply functions.
Related violations: <none>

DPOP-4#99 Warning
MREG Output pipelining  
DSP design_1_i/cnn_accel_top_0/inst/grp_dataflow_parent_loop_proc2_fu_316/dataflow_parent_loop_proc_U0/dataflow_in_loop_Row_Loop_1_U0/compute_and_write_row4_U0/mul_ln592_reg_883_reg multiplier stage design_1_i/cnn_accel_top_0/inst/grp_dataflow_parent_loop_proc2_fu_316/dataflow_parent_loop_proc_U0/dataflow_in_loop_Row_Loop_1_U0/compute_and_write_row4_U0/mul_ln592_reg_883_reg/P[47:0] is not pipelined (MREG=0). Pipelining the multiplier function will improve performance and will save significant power so it is suggested whenever possible to fully pipeline this function.  If this multiplier was inferred, it is suggested to describe an additional register stage after this function.  If there is no registered adder/accumulator following the multiply function, two pipeline stages are suggested to allow both the MREG and PREG registers to be used.  If the DSP48 was instantiated in the design, it is suggested to set both the MREG and PREG attributes to 1 when performing multiply functions.
Related violations: <none>

DPOP-4#100 Warning
MREG Output pipelining  
DSP design_1_i/cnn_accel_top_0/inst/grp_dataflow_parent_loop_proc2_fu_316/dataflow_parent_loop_proc_U0/dataflow_in_loop_Row_Loop_1_U0/load_line_buffer3_U0/bound5_reg_1138_reg multiplier stage design_1_i/cnn_accel_top_0/inst/grp_dataflow_parent_loop_proc2_fu_316/dataflow_parent_loop_proc_U0/dataflow_in_loop_Row_Loop_1_U0/load_line_buffer3_U0/bound5_reg_1138_reg/P[47:0] is not pipelined (MREG=0). Pipelining the multiplier function will improve performance and will save significant power so it is suggested whenever possible to fully pipeline this function.  If this multiplier was inferred, it is suggested to describe an additional register stage after this function.  If there is no registered adder/accumulator following the multiply function, two pipeline stages are suggested to allow both the MREG and PREG registers to be used.  If the DSP48 was instantiated in the design, it is suggested to set both the MREG and PREG attributes to 1 when performing multiply functions.
Related violations: <none>

DPOP-4#101 Warning
MREG Output pipelining  
DSP design_1_i/cnn_accel_top_0/inst/grp_dataflow_parent_loop_proc2_fu_316/dataflow_parent_loop_proc_U0/dataflow_in_loop_Row_Loop_1_U0/load_line_buffer3_U0/bound5_reg_1138_reg__0 multiplier stage design_1_i/cnn_accel_top_0/inst/grp_dataflow_parent_loop_proc2_fu_316/dataflow_parent_loop_proc_U0/dataflow_in_loop_Row_Loop_1_U0/load_line_buffer3_U0/bound5_reg_1138_reg__0/P[47:0] is not pipelined (MREG=0). Pipelining the multiplier function will improve performance and will save significant power so it is suggested whenever possible to fully pipeline this function.  If this multiplier was inferred, it is suggested to describe an additional register stage after this function.  If there is no registered adder/accumulator following the multiply function, two pipeline stages are suggested to allow both the MREG and PREG registers to be used.  If the DSP48 was instantiated in the design, it is suggested to set both the MREG and PREG attributes to 1 when performing multiply functions.
Related violations: <none>

DPOP-4#102 Warning
MREG Output pipelining  
DSP design_1_i/cnn_accel_top_0/inst/grp_dataflow_parent_loop_proc2_fu_316/dataflow_parent_loop_proc_U0/dataflow_in_loop_Row_Loop_1_U0/load_line_buffer3_U0/mul_16s_8ns_23_1_1_U117/tmp_product multiplier stage design_1_i/cnn_accel_top_0/inst/grp_dataflow_parent_loop_proc2_fu_316/dataflow_parent_loop_proc_U0/dataflow_in_loop_Row_Loop_1_U0/load_line_buffer3_U0/mul_16s_8ns_23_1_1_U117/tmp_product/P[47:0] is not pipelined (MREG=0). Pipelining the multiplier function will improve performance and will save significant power so it is suggested whenever possible to fully pipeline this function.  If this multiplier was inferred, it is suggested to describe an additional register stage after this function.  If there is no registered adder/accumulator following the multiply function, two pipeline stages are suggested to allow both the MREG and PREG registers to be used.  If the DSP48 was instantiated in the design, it is suggested to set both the MREG and PREG attributes to 1 when performing multiply functions.
Related violations: <none>

DPOP-4#103 Warning
MREG Output pipelining  
DSP design_1_i/cnn_accel_top_0/inst/grp_dataflow_parent_loop_proc2_fu_316/dataflow_parent_loop_proc_U0/dataflow_in_loop_Row_Loop_1_U0/load_line_buffer3_U0/mul_64ns_8ns_71_1_1_U114/tmp_product multiplier stage design_1_i/cnn_accel_top_0/inst/grp_dataflow_parent_loop_proc2_fu_316/dataflow_parent_loop_proc_U0/dataflow_in_loop_Row_Loop_1_U0/load_line_buffer3_U0/mul_64ns_8ns_71_1_1_U114/tmp_product/P[47:0] is not pipelined (MREG=0). Pipelining the multiplier function will improve performance and will save significant power so it is suggested whenever possible to fully pipeline this function.  If this multiplier was inferred, it is suggested to describe an additional register stage after this function.  If there is no registered adder/accumulator following the multiply function, two pipeline stages are suggested to allow both the MREG and PREG registers to be used.  If the DSP48 was instantiated in the design, it is suggested to set both the MREG and PREG attributes to 1 when performing multiply functions.
Related violations: <none>

DPOP-4#104 Warning
MREG Output pipelining  
DSP design_1_i/cnn_accel_top_0/inst/grp_dataflow_parent_loop_proc2_fu_316/dataflow_parent_loop_proc_U0/dataflow_in_loop_Row_Loop_1_U0/load_line_buffer3_U0/mul_64ns_8ns_71_1_1_U114/tmp_product__0 multiplier stage design_1_i/cnn_accel_top_0/inst/grp_dataflow_parent_loop_proc2_fu_316/dataflow_parent_loop_proc_U0/dataflow_in_loop_Row_Loop_1_U0/load_line_buffer3_U0/mul_64ns_8ns_71_1_1_U114/tmp_product__0/P[47:0] is not pipelined (MREG=0). Pipelining the multiplier function will improve performance and will save significant power so it is suggested whenever possible to fully pipeline this function.  If this multiplier was inferred, it is suggested to describe an additional register stage after this function.  If there is no registered adder/accumulator following the multiply function, two pipeline stages are suggested to allow both the MREG and PREG registers to be used.  If the DSP48 was instantiated in the design, it is suggested to set both the MREG and PREG attributes to 1 when performing multiply functions.
Related violations: <none>

DPOP-4#105 Warning
MREG Output pipelining  
DSP design_1_i/cnn_accel_top_0/inst/grp_dataflow_parent_loop_proc2_fu_316/dataflow_parent_loop_proc_U0/dataflow_in_loop_Row_Loop_1_U0/load_line_buffer3_U0/mul_9s_8ns_15_1_1_U116/tmp_product multiplier stage design_1_i/cnn_accel_top_0/inst/grp_dataflow_parent_loop_proc2_fu_316/dataflow_parent_loop_proc_U0/dataflow_in_loop_Row_Loop_1_U0/load_line_buffer3_U0/mul_9s_8ns_15_1_1_U116/tmp_product/P[47:0] is not pipelined (MREG=0). Pipelining the multiplier function will improve performance and will save significant power so it is suggested whenever possible to fully pipeline this function.  If this multiplier was inferred, it is suggested to describe an additional register stage after this function.  If there is no registered adder/accumulator following the multiply function, two pipeline stages are suggested to allow both the MREG and PREG registers to be used.  If the DSP48 was instantiated in the design, it is suggested to set both the MREG and PREG attributes to 1 when performing multiply functions.
Related violations: <none>

DPOP-4#106 Warning
MREG Output pipelining  
DSP design_1_i/cnn_accel_top_0/inst/grp_dataflow_parent_loop_proc2_fu_316/dataflow_parent_loop_proc_U0/dataflow_in_loop_Row_Loop_1_U0/load_line_buffer3_U0/mul_ln239_reg_1050_reg multiplier stage design_1_i/cnn_accel_top_0/inst/grp_dataflow_parent_loop_proc2_fu_316/dataflow_parent_loop_proc_U0/dataflow_in_loop_Row_Loop_1_U0/load_line_buffer3_U0/mul_ln239_reg_1050_reg/P[47:0] is not pipelined (MREG=0). Pipelining the multiplier function will improve performance and will save significant power so it is suggested whenever possible to fully pipeline this function.  If this multiplier was inferred, it is suggested to describe an additional register stage after this function.  If there is no registered adder/accumulator following the multiply function, two pipeline stages are suggested to allow both the MREG and PREG registers to be used.  If the DSP48 was instantiated in the design, it is suggested to set both the MREG and PREG attributes to 1 when performing multiply functions.
Related violations: <none>

DPOP-4#107 Warning
MREG Output pipelining  
DSP design_1_i/cnn_accel_top_0/inst/grp_global_avg_pool_fu_384/grp_global_avg_pool_Pipeline_Write_Avg_fu_1533/mul_42s_31ns_73_1_1_U989/tmp_product multiplier stage design_1_i/cnn_accel_top_0/inst/grp_global_avg_pool_fu_384/grp_global_avg_pool_Pipeline_Write_Avg_fu_1533/mul_42s_31ns_73_1_1_U989/tmp_product/P[47:0] is not pipelined (MREG=0). Pipelining the multiplier function will improve performance and will save significant power so it is suggested whenever possible to fully pipeline this function.  If this multiplier was inferred, it is suggested to describe an additional register stage after this function.  If there is no registered adder/accumulator following the multiply function, two pipeline stages are suggested to allow both the MREG and PREG registers to be used.  If the DSP48 was instantiated in the design, it is suggested to set both the MREG and PREG attributes to 1 when performing multiply functions.
Related violations: <none>

DPOP-4#108 Warning
MREG Output pipelining  
DSP design_1_i/cnn_accel_top_0/inst/grp_global_avg_pool_fu_384/grp_global_avg_pool_Pipeline_Write_Avg_fu_1533/mul_42s_31ns_73_1_1_U989/tmp_product__0 multiplier stage design_1_i/cnn_accel_top_0/inst/grp_global_avg_pool_fu_384/grp_global_avg_pool_Pipeline_Write_Avg_fu_1533/mul_42s_31ns_73_1_1_U989/tmp_product__0/P[47:0] is not pipelined (MREG=0). Pipelining the multiplier function will improve performance and will save significant power so it is suggested whenever possible to fully pipeline this function.  If this multiplier was inferred, it is suggested to describe an additional register stage after this function.  If there is no registered adder/accumulator following the multiply function, two pipeline stages are suggested to allow both the MREG and PREG registers to be used.  If the DSP48 was instantiated in the design, it is suggested to set both the MREG and PREG attributes to 1 when performing multiply functions.
Related violations: <none>

DPOP-4#109 Warning
MREG Output pipelining  
DSP design_1_i/cnn_accel_top_0/inst/grp_global_avg_pool_fu_384/grp_global_avg_pool_Pipeline_Write_Avg_fu_1533/mul_42s_31ns_73_1_1_U989/tmp_product__1 multiplier stage design_1_i/cnn_accel_top_0/inst/grp_global_avg_pool_fu_384/grp_global_avg_pool_Pipeline_Write_Avg_fu_1533/mul_42s_31ns_73_1_1_U989/tmp_product__1/P[47:0] is not pipelined (MREG=0). Pipelining the multiplier function will improve performance and will save significant power so it is suggested whenever possible to fully pipeline this function.  If this multiplier was inferred, it is suggested to describe an additional register stage after this function.  If there is no registered adder/accumulator following the multiply function, two pipeline stages are suggested to allow both the MREG and PREG registers to be used.  If the DSP48 was instantiated in the design, it is suggested to set both the MREG and PREG attributes to 1 when performing multiply functions.
Related violations: <none>

DPOP-4#110 Warning
MREG Output pipelining  
DSP design_1_i/cnn_accel_top_0/inst/grp_global_avg_pool_fu_384/grp_global_avg_pool_Pipeline_Write_Avg_fu_1533/mul_42s_31ns_73_1_1_U989/tmp_product__2 multiplier stage design_1_i/cnn_accel_top_0/inst/grp_global_avg_pool_fu_384/grp_global_avg_pool_Pipeline_Write_Avg_fu_1533/mul_42s_31ns_73_1_1_U989/tmp_product__2/P[47:0] is not pipelined (MREG=0). Pipelining the multiplier function will improve performance and will save significant power so it is suggested whenever possible to fully pipeline this function.  If this multiplier was inferred, it is suggested to describe an additional register stage after this function.  If there is no registered adder/accumulator following the multiply function, two pipeline stages are suggested to allow both the MREG and PREG registers to be used.  If the DSP48 was instantiated in the design, it is suggested to set both the MREG and PREG attributes to 1 when performing multiply functions.
Related violations: <none>

DPOP-4#111 Warning
MREG Output pipelining  
DSP design_1_i/cnn_accel_top_0/inst/grp_global_avg_pool_fu_384/mul_8ns_8ns_16_1_1_U1124/tmp_product multiplier stage design_1_i/cnn_accel_top_0/inst/grp_global_avg_pool_fu_384/mul_8ns_8ns_16_1_1_U1124/tmp_product/P[47:0] is not pipelined (MREG=0). Pipelining the multiplier function will improve performance and will save significant power so it is suggested whenever possible to fully pipeline this function.  If this multiplier was inferred, it is suggested to describe an additional register stage after this function.  If there is no registered adder/accumulator following the multiply function, two pipeline stages are suggested to allow both the MREG and PREG registers to be used.  If the DSP48 was instantiated in the design, it is suggested to set both the MREG and PREG attributes to 1 when performing multiply functions.
Related violations: <none>

DPOP-4#112 Warning
MREG Output pipelining  
DSP design_1_i/cnn_accel_top_0/inst/grp_global_avg_pool_fu_384/mul_8ns_8ns_16_1_1_U1128/tmp_product multiplier stage design_1_i/cnn_accel_top_0/inst/grp_global_avg_pool_fu_384/mul_8ns_8ns_16_1_1_U1128/tmp_product/P[47:0] is not pipelined (MREG=0). Pipelining the multiplier function will improve performance and will save significant power so it is suggested whenever possible to fully pipeline this function.  If this multiplier was inferred, it is suggested to describe an additional register stage after this function.  If there is no registered adder/accumulator following the multiply function, two pipeline stages are suggested to allow both the MREG and PREG registers to be used.  If the DSP48 was instantiated in the design, it is suggested to set both the MREG and PREG attributes to 1 when performing multiply functions.
Related violations: <none>

DPOP-4#113 Warning
MREG Output pipelining  
DSP design_1_i/cnn_accel_top_0/inst/grp_global_avg_pool_fu_384/mul_ln724_1_reg_4796_reg multiplier stage design_1_i/cnn_accel_top_0/inst/grp_global_avg_pool_fu_384/mul_ln724_1_reg_4796_reg/P[47:0] is not pipelined (MREG=0). Pipelining the multiplier function will improve performance and will save significant power so it is suggested whenever possible to fully pipeline this function.  If this multiplier was inferred, it is suggested to describe an additional register stage after this function.  If there is no registered adder/accumulator following the multiply function, two pipeline stages are suggested to allow both the MREG and PREG registers to be used.  If the DSP48 was instantiated in the design, it is suggested to set both the MREG and PREG attributes to 1 when performing multiply functions.
Related violations: <none>

DPOP-4#114 Warning
MREG Output pipelining  
DSP design_1_i/cnn_accel_top_0/inst/grp_global_avg_pool_fu_384/mul_ln731_1_reg_4382_reg multiplier stage design_1_i/cnn_accel_top_0/inst/grp_global_avg_pool_fu_384/mul_ln731_1_reg_4382_reg/P[47:0] is not pipelined (MREG=0). Pipelining the multiplier function will improve performance and will save significant power so it is suggested whenever possible to fully pipeline this function.  If this multiplier was inferred, it is suggested to describe an additional register stage after this function.  If there is no registered adder/accumulator following the multiply function, two pipeline stages are suggested to allow both the MREG and PREG registers to be used.  If the DSP48 was instantiated in the design, it is suggested to set both the MREG and PREG attributes to 1 when performing multiply functions.
Related violations: <none>

DPOP-4#115 Warning
MREG Output pipelining  
DSP design_1_i/cnn_accel_top_0/inst/grp_load_all_weights_fu_290/empty_232_reg_642_reg multiplier stage design_1_i/cnn_accel_top_0/inst/grp_load_all_weights_fu_290/empty_232_reg_642_reg/P[47:0] is not pipelined (MREG=0). Pipelining the multiplier function will improve performance and will save significant power so it is suggested whenever possible to fully pipeline this function.  If this multiplier was inferred, it is suggested to describe an additional register stage after this function.  If there is no registered adder/accumulator following the multiply function, two pipeline stages are suggested to allow both the MREG and PREG registers to be used.  If the DSP48 was instantiated in the design, it is suggested to set both the MREG and PREG attributes to 1 when performing multiply functions.
Related violations: <none>

DPOP-4#116 Warning
MREG Output pipelining  
DSP design_1_i/cnn_accel_top_0/inst/grp_maxpool_2x2_fu_397/mul_15ns_7ns_20_1_1_U1161/tmp_product multiplier stage design_1_i/cnn_accel_top_0/inst/grp_maxpool_2x2_fu_397/mul_15ns_7ns_20_1_1_U1161/tmp_product/P[47:0] is not pipelined (MREG=0). Pipelining the multiplier function will improve performance and will save significant power so it is suggested whenever possible to fully pipeline this function.  If this multiplier was inferred, it is suggested to describe an additional register stage after this function.  If there is no registered adder/accumulator following the multiply function, two pipeline stages are suggested to allow both the MREG and PREG registers to be used.  If the DSP48 was instantiated in the design, it is suggested to set both the MREG and PREG attributes to 1 when performing multiply functions.
Related violations: <none>

DPOP-4#117 Warning
MREG Output pipelining  
DSP design_1_i/cnn_accel_top_0/inst/grp_maxpool_2x2_fu_397/mul_15ns_7ns_21_1_1_U1160/tmp_product multiplier stage design_1_i/cnn_accel_top_0/inst/grp_maxpool_2x2_fu_397/mul_15ns_7ns_21_1_1_U1160/tmp_product/P[47:0] is not pipelined (MREG=0). Pipelining the multiplier function will improve performance and will save significant power so it is suggested whenever possible to fully pipeline this function.  If this multiplier was inferred, it is suggested to describe an additional register stage after this function.  If there is no registered adder/accumulator following the multiply function, two pipeline stages are suggested to allow both the MREG and PREG registers to be used.  If the DSP48 was instantiated in the design, it is suggested to set both the MREG and PREG attributes to 1 when performing multiply functions.
Related violations: <none>

DPOP-4#118 Warning
MREG Output pipelining  
DSP design_1_i/cnn_accel_top_0/inst/grp_maxpool_2x2_fu_397/mul_8ns_7ns_15_1_1_U1159/tmp_product multiplier stage design_1_i/cnn_accel_top_0/inst/grp_maxpool_2x2_fu_397/mul_8ns_7ns_15_1_1_U1159/tmp_product/P[47:0] is not pipelined (MREG=0). Pipelining the multiplier function will improve performance and will save significant power so it is suggested whenever possible to fully pipeline this function.  If this multiplier was inferred, it is suggested to describe an additional register stage after this function.  If there is no registered adder/accumulator following the multiply function, two pipeline stages are suggested to allow both the MREG and PREG registers to be used.  If the DSP48 was instantiated in the design, it is suggested to set both the MREG and PREG attributes to 1 when performing multiply functions.
Related violations: <none>

DPOP-4#119 Warning
MREG Output pipelining  
DSP design_1_i/cnn_accel_top_0/inst/grp_maxpool_2x2_fu_397/mul_8ns_8ns_16_1_1_U1158/tmp_product multiplier stage design_1_i/cnn_accel_top_0/inst/grp_maxpool_2x2_fu_397/mul_8ns_8ns_16_1_1_U1158/tmp_product/P[47:0] is not pipelined (MREG=0). Pipelining the multiplier function will improve performance and will save significant power so it is suggested whenever possible to fully pipeline this function.  If this multiplier was inferred, it is suggested to describe an additional register stage after this function.  If there is no registered adder/accumulator following the multiply function, two pipeline stages are suggested to allow both the MREG and PREG registers to be used.  If the DSP48 was instantiated in the design, it is suggested to set both the MREG and PREG attributes to 1 when performing multiply functions.
Related violations: <none>

DPREG-7#1 Warning
DSP48E2_PregDynOpmodeZmuxP:  
The DSP48E2 cell design_1_i/cnn_accel_top_0/inst/grp_dataflow_parent_loop_proc2_fu_316/dataflow_parent_loop_proc_U0/dataflow_in_loop_Row_Loop_1_U0/compute_and_write_row4_U0/grp_compute_and_write_row4_Pipeline_Acc_TileN_Conv_KY_Conv_KX_Conv_C_fu_306/add_42ns_42s_42_1_1_U381/dout with the given dynamic OPMODE[8:0] connections may lead to an unregistered asynchronous feedback path without the PREG attribute enabled. Please refer to the user guide and if one of the internal P feedback opmodes is possible for this design the PREG attribute must be set to 1, currently set to 0
Related violations: <none>

DPREG-7#2 Warning
DSP48E2_PregDynOpmodeZmuxP:  
The DSP48E2 cell design_1_i/cnn_accel_top_0/inst/grp_dataflow_parent_loop_proc2_fu_316/dataflow_parent_loop_proc_U0/dataflow_in_loop_Row_Loop_1_U0/compute_and_write_row4_U0/grp_compute_and_write_row4_Pipeline_Acc_TileN_Conv_KY_Conv_KX_Conv_C_fu_306/add_42ns_42s_42_1_1_U383/dout with the given dynamic OPMODE[8:0] connections may lead to an unregistered asynchronous feedback path without the PREG attribute enabled. Please refer to the user guide and if one of the internal P feedback opmodes is possible for this design the PREG attribute must be set to 1, currently set to 0
Related violations: <none>

DPREG-7#3 Warning
DSP48E2_PregDynOpmodeZmuxP:  
The DSP48E2 cell design_1_i/cnn_accel_top_0/inst/grp_dataflow_parent_loop_proc2_fu_316/dataflow_parent_loop_proc_U0/dataflow_in_loop_Row_Loop_1_U0/compute_and_write_row4_U0/grp_compute_and_write_row4_Pipeline_Acc_TileN_Conv_KY_Conv_KX_Conv_C_fu_306/add_42ns_42s_42_1_1_U385/dout with the given dynamic OPMODE[8:0] connections may lead to an unregistered asynchronous feedback path without the PREG attribute enabled. Please refer to the user guide and if one of the internal P feedback opmodes is possible for this design the PREG attribute must be set to 1, currently set to 0
Related violations: <none>

DPREG-7#4 Warning
DSP48E2_PregDynOpmodeZmuxP:  
The DSP48E2 cell design_1_i/cnn_accel_top_0/inst/grp_dataflow_parent_loop_proc2_fu_316/dataflow_parent_loop_proc_U0/dataflow_in_loop_Row_Loop_1_U0/compute_and_write_row4_U0/grp_compute_and_write_row4_Pipeline_Acc_TileN_Conv_KY_Conv_KX_Conv_C_fu_306/add_42ns_42s_42_1_1_U387/dout with the given dynamic OPMODE[8:0] connections may lead to an unregistered asynchronous feedback path without the PREG attribute enabled. Please refer to the user guide and if one of the internal P feedback opmodes is possible for this design the PREG attribute must be set to 1, currently set to 0
Related violations: <none>

DPREG-7#5 Warning
DSP48E2_PregDynOpmodeZmuxP:  
The DSP48E2 cell design_1_i/cnn_accel_top_0/inst/grp_dataflow_parent_loop_proc2_fu_316/dataflow_parent_loop_proc_U0/dataflow_in_loop_Row_Loop_1_U0/compute_and_write_row4_U0/grp_compute_and_write_row4_Pipeline_Acc_TileN_Conv_KY_Conv_KX_Conv_C_fu_306/add_42ns_42s_42_1_1_U389/dout with the given dynamic OPMODE[8:0] connections may lead to an unregistered asynchronous feedback path without the PREG attribute enabled. Please refer to the user guide and if one of the internal P feedback opmodes is possible for this design the PREG attribute must be set to 1, currently set to 0
Related violations: <none>

DPREG-7#6 Warning
DSP48E2_PregDynOpmodeZmuxP:  
The DSP48E2 cell design_1_i/cnn_accel_top_0/inst/grp_dataflow_parent_loop_proc2_fu_316/dataflow_parent_loop_proc_U0/dataflow_in_loop_Row_Loop_1_U0/compute_and_write_row4_U0/grp_compute_and_write_row4_Pipeline_Acc_TileN_Conv_KY_Conv_KX_Conv_C_fu_306/add_42ns_42s_42_1_1_U391/dout with the given dynamic OPMODE[8:0] connections may lead to an unregistered asynchronous feedback path without the PREG attribute enabled. Please refer to the user guide and if one of the internal P feedback opmodes is possible for this design the PREG attribute must be set to 1, currently set to 0
Related violations: <none>

DPREG-7#7 Warning
DSP48E2_PregDynOpmodeZmuxP:  
The DSP48E2 cell design_1_i/cnn_accel_top_0/inst/grp_dataflow_parent_loop_proc2_fu_316/dataflow_parent_loop_proc_U0/dataflow_in_loop_Row_Loop_1_U0/compute_and_write_row4_U0/grp_compute_and_write_row4_Pipeline_Acc_TileN_Conv_KY_Conv_KX_Conv_C_fu_306/add_42ns_42s_42_1_1_U393/dout with the given dynamic OPMODE[8:0] connections may lead to an unregistered asynchronous feedback path without the PREG attribute enabled. Please refer to the user guide and if one of the internal P feedback opmodes is possible for this design the PREG attribute must be set to 1, currently set to 0
Related violations: <none>

DPREG-7#8 Warning
DSP48E2_PregDynOpmodeZmuxP:  
The DSP48E2 cell design_1_i/cnn_accel_top_0/inst/grp_dataflow_parent_loop_proc2_fu_316/dataflow_parent_loop_proc_U0/dataflow_in_loop_Row_Loop_1_U0/compute_and_write_row4_U0/grp_compute_and_write_row4_Pipeline_Acc_TileN_Conv_KY_Conv_KX_Conv_C_fu_306/add_42ns_42s_42_1_1_U395/dout with the given dynamic OPMODE[8:0] connections may lead to an unregistered asynchronous feedback path without the PREG attribute enabled. Please refer to the user guide and if one of the internal P feedback opmodes is possible for this design the PREG attribute must be set to 1, currently set to 0
Related violations: <none>

DPREG-7#9 Warning
DSP48E2_PregDynOpmodeZmuxP:  
The DSP48E2 cell design_1_i/cnn_accel_top_0/inst/grp_dataflow_parent_loop_proc2_fu_316/dataflow_parent_loop_proc_U0/dataflow_in_loop_Row_Loop_1_U0/compute_and_write_row4_U0/grp_compute_and_write_row4_Pipeline_Acc_TileN_Conv_KY_Conv_KX_Conv_C_fu_306/add_42ns_42s_42_1_1_U397/dout with the given dynamic OPMODE[8:0] connections may lead to an unregistered asynchronous feedback path without the PREG attribute enabled. Please refer to the user guide and if one of the internal P feedback opmodes is possible for this design the PREG attribute must be set to 1, currently set to 0
Related violations: <none>

DPREG-7#10 Warning
DSP48E2_PregDynOpmodeZmuxP:  
The DSP48E2 cell design_1_i/cnn_accel_top_0/inst/grp_dataflow_parent_loop_proc2_fu_316/dataflow_parent_loop_proc_U0/dataflow_in_loop_Row_Loop_1_U0/compute_and_write_row4_U0/grp_compute_and_write_row4_Pipeline_Acc_TileN_Conv_KY_Conv_KX_Conv_C_fu_306/add_42ns_42s_42_1_1_U399/dout with the given dynamic OPMODE[8:0] connections may lead to an unregistered asynchronous feedback path without the PREG attribute enabled. Please refer to the user guide and if one of the internal P feedback opmodes is possible for this design the PREG attribute must be set to 1, currently set to 0
Related violations: <none>

DPREG-7#11 Warning
DSP48E2_PregDynOpmodeZmuxP:  
The DSP48E2 cell design_1_i/cnn_accel_top_0/inst/grp_dataflow_parent_loop_proc2_fu_316/dataflow_parent_loop_proc_U0/dataflow_in_loop_Row_Loop_1_U0/compute_and_write_row4_U0/grp_compute_and_write_row4_Pipeline_Acc_TileN_Conv_KY_Conv_KX_Conv_C_fu_306/add_42ns_42s_42_1_1_U401/dout with the given dynamic OPMODE[8:0] connections may lead to an unregistered asynchronous feedback path without the PREG attribute enabled. Please refer to the user guide and if one of the internal P feedback opmodes is possible for this design the PREG attribute must be set to 1, currently set to 0
Related violations: <none>

DPREG-7#12 Warning
DSP48E2_PregDynOpmodeZmuxP:  
The DSP48E2 cell design_1_i/cnn_accel_top_0/inst/grp_dataflow_parent_loop_proc2_fu_316/dataflow_parent_loop_proc_U0/dataflow_in_loop_Row_Loop_1_U0/compute_and_write_row4_U0/grp_compute_and_write_row4_Pipeline_Acc_TileN_Conv_KY_Conv_KX_Conv_C_fu_306/add_42ns_42s_42_1_1_U403/dout with the given dynamic OPMODE[8:0] connections may lead to an unregistered asynchronous feedback path without the PREG attribute enabled. Please refer to the user guide and if one of the internal P feedback opmodes is possible for this design the PREG attribute must be set to 1, currently set to 0
Related violations: <none>

DPREG-7#13 Warning
DSP48E2_PregDynOpmodeZmuxP:  
The DSP48E2 cell design_1_i/cnn_accel_top_0/inst/grp_dataflow_parent_loop_proc2_fu_316/dataflow_parent_loop_proc_U0/dataflow_in_loop_Row_Loop_1_U0/compute_and_write_row4_U0/grp_compute_and_write_row4_Pipeline_Acc_TileN_Conv_KY_Conv_KX_Conv_C_fu_306/add_42ns_42s_42_1_1_U405/dout with the given dynamic OPMODE[8:0] connections may lead to an unregistered asynchronous feedback path without the PREG attribute enabled. Please refer to the user guide and if one of the internal P feedback opmodes is possible for this design the PREG attribute must be set to 1, currently set to 0
Related violations: <none>

DPREG-7#14 Warning
DSP48E2_PregDynOpmodeZmuxP:  
The DSP48E2 cell design_1_i/cnn_accel_top_0/inst/grp_dataflow_parent_loop_proc2_fu_316/dataflow_parent_loop_proc_U0/dataflow_in_loop_Row_Loop_1_U0/compute_and_write_row4_U0/grp_compute_and_write_row4_Pipeline_Acc_TileN_Conv_KY_Conv_KX_Conv_C_fu_306/add_42ns_42s_42_1_1_U407/dout with the given dynamic OPMODE[8:0] connections may lead to an unregistered asynchronous feedback path without the PREG attribute enabled. Please refer to the user guide and if one of the internal P feedback opmodes is possible for this design the PREG attribute must be set to 1, currently set to 0
Related violations: <none>

DPREG-7#15 Warning
DSP48E2_PregDynOpmodeZmuxP:  
The DSP48E2 cell design_1_i/cnn_accel_top_0/inst/grp_dataflow_parent_loop_proc2_fu_316/dataflow_parent_loop_proc_U0/dataflow_in_loop_Row_Loop_1_U0/compute_and_write_row4_U0/grp_compute_and_write_row4_Pipeline_Acc_TileN_Conv_KY_Conv_KX_Conv_C_fu_306/add_42ns_42s_42_1_1_U409/dout with the given dynamic OPMODE[8:0] connections may lead to an unregistered asynchronous feedback path without the PREG attribute enabled. Please refer to the user guide and if one of the internal P feedback opmodes is possible for this design the PREG attribute must be set to 1, currently set to 0
Related violations: <none>

DPREG-7#16 Warning
DSP48E2_PregDynOpmodeZmuxP:  
The DSP48E2 cell design_1_i/cnn_accel_top_0/inst/grp_dataflow_parent_loop_proc2_fu_316/dataflow_parent_loop_proc_U0/dataflow_in_loop_Row_Loop_1_U0/compute_and_write_row4_U0/grp_compute_and_write_row4_Pipeline_Acc_TileN_Conv_KY_Conv_KX_Conv_C_fu_306/add_42ns_42s_42_1_1_U411/dout with the given dynamic OPMODE[8:0] connections may lead to an unregistered asynchronous feedback path without the PREG attribute enabled. Please refer to the user guide and if one of the internal P feedback opmodes is possible for this design the PREG attribute must be set to 1, currently set to 0
Related violations: <none>


