Copyright 1986-2022 Xilinx, Inc. All Rights Reserved. Copyright 2022-2024 Advanced Micro Devices, Inc. All Rights Reserved.
--------------------------------------------------------------------------------------------------------------------------------------------------------------------------------------------------------------------------------------------------
| Tool Version      : Vivado v.2024.2 (win64) Build 5239630 Fri Nov 08 22:35:27 MST 2024
| Date              : Sat Mar 14 22:07:38 2026
| Host              : laptop123 running 64-bit major release  (build 9200)
| Command           : report_timing_summary -max_paths 10 -report_unconstrained -file design_1_wrapper_timing_summary_routed.rpt -pb design_1_wrapper_timing_summary_routed.pb -rpx design_1_wrapper_timing_summary_routed.rpx -warn_on_violation
| Design            : design_1_wrapper
| Device            : xck26-sfvc784
| Speed File        : -2LV  PRODUCTION 1.30 05-15-2022
| Design State      : Routed
| Temperature Grade : C
--------------------------------------------------------------------------------------------------------------------------------------------------------------------------------------------------------------------------------------------------

Timing Summary Report

------------------------------------------------------------------------------------------------
| Timer Settings
| --------------
------------------------------------------------------------------------------------------------

  Enable Multi Corner Analysis               :  Yes
  Enable Pessimism Removal                   :  Yes
  Pessimism Removal Resolution               :  Nearest Common Node
  Enable Input Delay Default Clock           :  No
  Enable Preset / Clear Arcs                 :  No
  Disable Flight Delays                      :  No
  Ignore I/O Paths                           :  No
  Timing Early Launch at Borrowing Latches   :  No
  Borrow Time for Max Delay Exceptions       :  Yes
  Merge Timing Exceptions                    :  Yes
  Inter-SLR Compensation                     :  Conservative

  Corner  Analyze    Analyze    
  Name    Max Paths  Min Paths  
  ------  ---------  ---------  
  Slow    Yes        Yes        
  Fast    Yes        Yes        


------------------------------------------------------------------------------------------------
| Report Methodology
| ------------------
------------------------------------------------------------------------------------------------

No report available as report_methodology has not been run prior. Run report_methodology on the current design for the summary of methodology violations.



check_timing report

Table of Contents
-----------------
1. checking no_clock (0)
2. checking constant_clock (0)
3. checking pulse_width_clock (0)
4. checking unconstrained_internal_endpoints (0)
5. checking no_input_delay (0)
6. checking no_output_delay (0)
7. checking multiple_clock (0)
8. checking generated_clocks (0)
9. checking loops (0)
10. checking partial_input_delay (0)
11. checking partial_output_delay (0)
12. checking latch_loops (0)

1. checking no_clock (0)
------------------------
 There are 0 register/latch pins with no clock.


2. checking constant_clock (0)
------------------------------
 There are 0 register/latch pins with constant_clock.


3. checking pulse_width_clock (0)
---------------------------------
 There are 0 register/latch pins which need pulse_width check


4. checking unconstrained_internal_endpoints (0)
------------------------------------------------
 There are 0 pins that are not constrained for maximum delay.

 There are 0 pins that are not constrained for maximum delay due to constant clock.


5. checking no_input_delay (0)
------------------------------
 There are 0 input ports with no input delay specified.

 There are 0 input ports with no input delay but user has a false path constraint.


6. checking no_output_delay (0)
-------------------------------
 There are 0 ports with no output delay specified.

 There are 0 ports with no output delay but user has a false path constraint

 There are 0 ports with no output delay but with a timing clock defined on it or propagating through it


7. checking multiple_clock (0)
------------------------------
 There are 0 register/latch pins with multiple clocks.


8. checking generated_clocks (0)
--------------------------------
 There are 0 generated clocks that are not connected to a clock source.


9. checking loops (0)
---------------------
 There are 0 combinational loops in the design.


10. checking partial_input_delay (0)
------------------------------------
 There are 0 input ports with partial input delay specified.


11. checking partial_output_delay (0)
-------------------------------------
 There are 0 ports with partial output delay specified.


12. checking latch_loops (0)
----------------------------
 There are 0 combinational latch loops in the design through latch input



------------------------------------------------------------------------------------------------
| Design Timing Summary
| ---------------------
------------------------------------------------------------------------------------------------

    WNS(ns)      TNS(ns)  TNS Failing Endpoints  TNS Total Endpoints      WHS(ns)      THS(ns)  THS Failing Endpoints  THS Total Endpoints     WPWS(ns)     TPWS(ns)  TPWS Failing Endpoints  TPWS Total Endpoints  
    -------      -------  ---------------------  -------------------      -------      -------  ---------------------  -------------------     --------     --------  ----------------------  --------------------  
      0.063        0.000                      0               121117        0.011        0.000                      0               121117        2.000        0.000                       0                 31295  


All user specified timing constraints are met.


------------------------------------------------------------------------------------------------
| Clock Summary
| -------------
------------------------------------------------------------------------------------------------

Clock     Waveform(ns)         Period(ns)      Frequency(MHz)
-----     ------------         ----------      --------------
clk_pl_0  {0.000 3.500}        7.000           142.857         
clk_pl_1  {0.000 5.000}        10.000          100.000         


------------------------------------------------------------------------------------------------
| Intra Clock Table
| -----------------
------------------------------------------------------------------------------------------------

Clock             WNS(ns)      TNS(ns)  TNS Failing Endpoints  TNS Total Endpoints      WHS(ns)      THS(ns)  THS Failing Endpoints  THS Total Endpoints     WPWS(ns)     TPWS(ns)  TPWS Failing Endpoints  TPWS Total Endpoints  
-----             -------      -------  ---------------------  -------------------      -------      -------  ---------------------  -------------------     --------     --------  ----------------------  --------------------  
clk_pl_0            0.063        0.000                      0               121117        0.011        0.000                      0               121117        2.000        0.000                       0                 31295  


------------------------------------------------------------------------------------------------
| Inter Clock Table
| -----------------
------------------------------------------------------------------------------------------------

From Clock    To Clock          WNS(ns)      TNS(ns)  TNS Failing Endpoints  TNS Total Endpoints      WHS(ns)      THS(ns)  THS Failing Endpoints  THS Total Endpoints  
----------    --------          -------      -------  ---------------------  -------------------      -------      -------  ---------------------  -------------------  


------------------------------------------------------------------------------------------------
| Other Path Groups Table
| -----------------------
------------------------------------------------------------------------------------------------

Path Group    From Clock    To Clock          WNS(ns)      TNS(ns)  TNS Failing Endpoints  TNS Total Endpoints      WHS(ns)      THS(ns)  THS Failing Endpoints  THS Total Endpoints  
----------    ----------    --------          -------      -------  ---------------------  -------------------      -------      -------  ---------------------  -------------------  


------------------------------------------------------------------------------------------------
| User Ignored Path Table
| -----------------------
------------------------------------------------------------------------------------------------

Path Group    From Clock    To Clock    
----------    ----------    --------    
(none)                      clk_pl_0      
(none)        clk_pl_0      clk_pl_0      


------------------------------------------------------------------------------------------------
| Unconstrained Path Table
| ------------------------
------------------------------------------------------------------------------------------------

Path Group    From Clock    To Clock    
----------    ----------    --------    
(none)                      clk_pl_0      


------------------------------------------------------------------------------------------------
| Timing Details
| --------------
------------------------------------------------------------------------------------------------


---------------------------------------------------------------------------------------------------
From Clock:  clk_pl_0
  To Clock:  clk_pl_0

Setup :            0  Failing Endpoints,  Worst Slack        0.063ns,  Total Violation        0.000ns
Hold  :            0  Failing Endpoints,  Worst Slack        0.011ns,  Total Violation        0.000ns
PW    :            0  Failing Endpoints,  Worst Slack        2.000ns,  Total Violation        0.000ns
---------------------------------------------------------------------------------------------------


Max Delay Paths
--------------------------------------------------------------------------------------
Slack (MET) :             0.063ns  (required time - arrival time)
  Source:                 design_1_i/cnn_accel_top_0/inst/cnn_accel_top_short_const_short_short_const_short_const_int_int_int_i_U/genblk1[1].ram_reg_uram_0/CLK
                            (rising edge-triggered cell URAM288 clocked by clk_pl_0  {rise@0.000ns fall@3.500ns period=7.000ns})
  Destination:            design_1_i/cnn_accel_top_0/inst/grp_dataflow_parent_loop_proc2_fu_316/dataflow_parent_loop_proc_U0/dataflow_in_loop_Row_Loop_1_U0/compute_and_write_row4_U0/grp_compute_and_write_row4_Pipeline_Acc_TileN_Conv_KY_Conv_KX_Conv_C_fu_306/add_33s_33s_33_1_1_U277/dout/DSP_OUTPUT_INST/ALU_OUT[0]
                            (rising edge-triggered cell DSP_OUTPUT clocked by clk_pl_0  {rise@0.000ns fall@3.500ns period=7.000ns})
  Path Group:             clk_pl_0
  Path Type:              Setup (Max at Slow Process Corner)
  Requirement:            7.000ns  (clk_pl_0 rise@7.000ns - clk_pl_0 rise@0.000ns)
  Data Path Delay:        6.897ns  (logic 5.551ns (80.487%)  route 1.346ns (19.513%))
  Logic Levels:           10  (DSP_A_B_DATA=1 DSP_ALU=3 DSP_C_DATA=1 DSP_M_DATA=1 DSP_MULTIPLIER=1 DSP_OUTPUT=2 DSP_PREADD_DATA=1)
  Clock Path Skew:        0.088ns (DCD - SCD + CPR)
    Destination Clock Delay (DCD):    3.218ns = ( 10.218 - 7.000 ) 
    Source Clock Delay      (SCD):    3.364ns
    Clock Pessimism Removal (CPR):    0.234ns
  Clock Uncertainty:      0.142ns  ((TSJ^2 + DJ^2)^1/2) / 2 + PE
    Total System Jitter     (TSJ):    0.071ns
    Discrete Jitter          (DJ):    0.276ns
    Phase Error              (PE):    0.000ns
  Clock Net Delay (Source):      3.097ns (routing 1.584ns, distribution 1.513ns)
  Clock Net Delay (Destination): 3.002ns (routing 1.450ns, distribution 1.552ns)

    Location             Delay type                Incr(ns)  Path(ns)    Netlist Resource(s)
  -------------------------------------------------------------------    -------------------
                         (clock clk_pl_0 rise edge)
                                                      0.000     0.000 r  
    PS8_X0Y0             PS8                          0.000     0.000 r  design_1_i/zynq_ps/inst/PS8_i/PLCLK[0]
                         net (fo=1, routed)           0.229     0.229    design_1_i/zynq_ps/inst/pl_clk_unbuffered[0]
    BUFG_PS_X0Y80        BUFG_PS (Prop_BUFG_PS_I_O)
                                                      0.038     0.267 r  design_1_i/zynq_ps/inst/buffer_pl_clk_0.PL_CLK_0_BUFG/O
    X1Y1 (CLOCK_ROOT)    net (fo=31682, routed)       3.097     3.364    design_1_i/cnn_accel_top_0/inst/cnn_accel_top_short_const_short_short_const_short_const_int_int_int_i_U/ap_clk
    URAM288_X0Y14        URAM288                                      r  design_1_i/cnn_accel_top_0/inst/cnn_accel_top_short_const_short_short_const_short_const_int_int_int_i_U/genblk1[1].ram_reg_uram_0/CLK
  -------------------------------------------------------------------    -------------------
    URAM288_X0Y14        URAM288 (Prop_URAM_288K_INST_URAM288_CLK_DOUT_A[4])
                                                      1.698     5.062 f  design_1_i/cnn_accel_top_0/inst/cnn_accel_top_short_const_short_short_const_short_const_int_int_int_i_U/genblk1[1].ram_reg_uram_0/DOUT_A[4]
                         net (fo=2, routed)           0.488     5.550    design_1_i/cnn_accel_top_0/inst/grp_dataflow_parent_loop_proc2_fu_316/dataflow_parent_loop_proc_U0/dataflow_in_loop_Row_Loop_1_U0/compute_and_write_row4_U0/grp_compute_and_write_row4_Pipeline_Acc_TileN_Conv_KY_Conv_KX_Conv_C_fu_306/mul_16s_16s_32_1_1_U268/tmp_product/B[4]
    DSP48E2_X11Y19       DSP_A_B_DATA (Prop_DSP_A_B_DATA_DSP48E2_B[4]_B2_DATA[4])
                                                      0.216     5.766 r  design_1_i/cnn_accel_top_0/inst/grp_dataflow_parent_loop_proc2_fu_316/dataflow_parent_loop_proc_U0/dataflow_in_loop_Row_Loop_1_U0/compute_and_write_row4_U0/grp_compute_and_write_row4_Pipeline_Acc_TileN_Conv_KY_Conv_KX_Conv_C_fu_306/mul_16s_16s_32_1_1_U268/tmp_product/DSP_A_B_DATA_INST/B2_DATA[4]
                         net (fo=1, routed)           0.000     5.766    design_1_i/cnn_accel_top_0/inst/grp_dataflow_parent_loop_proc2_fu_316/dataflow_parent_loop_proc_U0/dataflow_in_loop_Row_Loop_1_U0/compute_and_write_row4_U0/grp_compute_and_write_row4_Pipeline_Acc_TileN_Conv_KY_Conv_KX_Conv_C_fu_306/mul_16s_16s_32_1_1_U268/tmp_product/DSP_A_B_DATA.B2_DATA<4>
    DSP48E2_X11Y19       DSP_PREADD_DATA (Prop_DSP_PREADD_DATA_DSP48E2_B2_DATA[4]_B2B1[4])
                                                      0.097     5.863 r  design_1_i/cnn_accel_top_0/inst/grp_dataflow_parent_loop_proc2_fu_316/dataflow_parent_loop_proc_U0/dataflow_in_loop_Row_Loop_1_U0/compute_and_write_row4_U0/grp_compute_and_write_row4_Pipeline_Acc_TileN_Conv_KY_Conv_KX_Conv_C_fu_306/mul_16s_16s_32_1_1_U268/tmp_product/DSP_PREADD_DATA_INST/B2B1[4]
                         net (fo=1, routed)           0.000     5.863    design_1_i/cnn_accel_top_0/inst/grp_dataflow_parent_loop_proc2_fu_316/dataflow_parent_loop_proc_U0/dataflow_in_loop_Row_Loop_1_U0/compute_and_write_row4_U0/grp_compute_and_write_row4_Pipeline_Acc_TileN_Conv_KY_Conv_KX_Conv_C_fu_306/mul_16s_16s_32_1_1_U268/tmp_product/DSP_PREADD_DATA.B2B1<4>
    DSP48E2_X11Y19       DSP_MULTIPLIER (Prop_DSP_MULTIPLIER_DSP48E2_B2B1[4]_U[12])
                                                      0.773     6.636 f  design_1_i/cnn_accel_top_0/inst/grp_dataflow_parent_loop_proc2_fu_316/dataflow_parent_loop_proc_U0/dataflow_in_loop_Row_Loop_1_U0/compute_and_write_row4_U0/grp_compute_and_write_row4_Pipeline_Acc_TileN_Conv_KY_Conv_KX_Conv_C_fu_306/mul_16s_16s_32_1_1_U268/tmp_product/DSP_MULTIPLIER_INST/U[12]
                         net (fo=1, routed)           0.000     6.636    design_1_i/cnn_accel_top_0/inst/grp_dataflow_parent_loop_proc2_fu_316/dataflow_parent_loop_proc_U0/dataflow_in_loop_Row_Loop_1_U0/compute_and_write_row4_U0/grp_compute_and_write_row4_Pipeline_Acc_TileN_Conv_KY_Conv_KX_Conv_C_fu_306/mul_16s_16s_32_1_1_U268/tmp_product/DSP_MULTIPLIER.U<12>
    DSP48E2_X11Y19       DSP_M_DATA (Prop_DSP_M_DATA_DSP48E2_U[12]_U_DATA[12])
                                                      0.067     6.703 r  design_1_i/cnn_accel_top_0/inst/grp_dataflow_parent_loop_proc2_fu_316/dataflow_parent_loop_proc_U0/dataflow_in_loop_Row_Loop_1_U0/compute_and_write_row4_U0/grp_compute_and_write_row4_Pipeline_Acc_TileN_Conv_KY_Conv_KX_Conv_C_fu_306/mul_16s_16s_32_1_1_U268/tmp_product/DSP_M_DATA_INST/U_DATA[12]
                         net (fo=1, routed)           0.000     6.703    design_1_i/cnn_accel_top_0/inst/grp_dataflow_parent_loop_proc2_fu_316/dataflow_parent_loop_proc_U0/dataflow_in_loop_Row_Loop_1_U0/compute_and_write_row4_U0/grp_compute_and_write_row4_Pipeline_Acc_TileN_Conv_KY_Conv_KX_Conv_C_fu_306/mul_16s_16s_32_1_1_U268/tmp_product/DSP_M_DATA.U_DATA<12>
    DSP48E2_X11Y19       DSP_ALU (Prop_DSP_ALU_DSP48E2_U_DATA[12]_ALU_OUT[12])
                                                      0.727     7.430 f  design_1_i/cnn_accel_top_0/inst/grp_dataflow_parent_loop_proc2_fu_316/dataflow_parent_loop_proc_U0/dataflow_in_loop_Row_Loop_1_U0/compute_and_write_row4_U0/grp_compute_and_write_row4_Pipeline_Acc_TileN_Conv_KY_Conv_KX_Conv_C_fu_306/mul_16s_16s_32_1_1_U268/tmp_product/DSP_ALU_INST/ALU_OUT[12]
                         net (fo=1, routed)           0.000     7.430    design_1_i/cnn_accel_top_0/inst/grp_dataflow_parent_loop_proc2_fu_316/dataflow_parent_loop_proc_U0/dataflow_in_loop_Row_Loop_1_U0/compute_and_write_row4_U0/grp_compute_and_write_row4_Pipeline_Acc_TileN_Conv_KY_Conv_KX_Conv_C_fu_306/mul_16s_16s_32_1_1_U268/tmp_product/DSP_ALU.ALU_OUT<12>
    DSP48E2_X11Y19       DSP_OUTPUT (Prop_DSP_OUTPUT_DSP48E2_ALU_OUT[12]_P[12])
                                                      0.146     7.576 r  design_1_i/cnn_accel_top_0/inst/grp_dataflow_parent_loop_proc2_fu_316/dataflow_parent_loop_proc_U0/dataflow_in_loop_Row_Loop_1_U0/compute_and_write_row4_U0/grp_compute_and_write_row4_Pipeline_Acc_TileN_Conv_KY_Conv_KX_Conv_C_fu_306/mul_16s_16s_32_1_1_U268/tmp_product/DSP_OUTPUT_INST/P[12]
                         net (fo=1, routed)           0.820     8.396    design_1_i/cnn_accel_top_0/inst/grp_dataflow_parent_loop_proc2_fu_316/dataflow_parent_loop_proc_U0/dataflow_in_loop_Row_Loop_1_U0/compute_and_write_row4_U0/grp_compute_and_write_row4_Pipeline_Acc_TileN_Conv_KY_Conv_KX_Conv_C_fu_306/add_33s_33s_33_1_1_U276/dout/C[12]
    DSP48E2_X12Y19       DSP_C_DATA (Prop_DSP_C_DATA_DSP48E2_C[12]_C_DATA[12])
                                                      0.135     8.531 r  design_1_i/cnn_accel_top_0/inst/grp_dataflow_parent_loop_proc2_fu_316/dataflow_parent_loop_proc_U0/dataflow_in_loop_Row_Loop_1_U0/compute_and_write_row4_U0/grp_compute_and_write_row4_Pipeline_Acc_TileN_Conv_KY_Conv_KX_Conv_C_fu_306/add_33s_33s_33_1_1_U276/dout/DSP_C_DATA_INST/C_DATA[12]
                         net (fo=2, routed)           0.000     8.531    design_1_i/cnn_accel_top_0/inst/grp_dataflow_parent_loop_proc2_fu_316/dataflow_parent_loop_proc_U0/dataflow_in_loop_Row_Loop_1_U0/compute_and_write_row4_U0/grp_compute_and_write_row4_Pipeline_Acc_TileN_Conv_KY_Conv_KX_Conv_C_fu_306/add_33s_33s_33_1_1_U276/dout/DSP_C_DATA.C_DATA<12>
    DSP48E2_X12Y19       DSP_ALU (Prop_DSP_ALU_DSP48E2_C_DATA[12]_ALU_OUT[47])
                                                      0.786     9.317 f  design_1_i/cnn_accel_top_0/inst/grp_dataflow_parent_loop_proc2_fu_316/dataflow_parent_loop_proc_U0/dataflow_in_loop_Row_Loop_1_U0/compute_and_write_row4_U0/grp_compute_and_write_row4_Pipeline_Acc_TileN_Conv_KY_Conv_KX_Conv_C_fu_306/add_33s_33s_33_1_1_U276/dout/DSP_ALU_INST/ALU_OUT[47]
                         net (fo=1, routed)           0.000     9.317    design_1_i/cnn_accel_top_0/inst/grp_dataflow_parent_loop_proc2_fu_316/dataflow_parent_loop_proc_U0/dataflow_in_loop_Row_Loop_1_U0/compute_and_write_row4_U0/grp_compute_and_write_row4_Pipeline_Acc_TileN_Conv_KY_Conv_KX_Conv_C_fu_306/add_33s_33s_33_1_1_U276/dout/DSP_ALU.ALU_OUT<47>
    DSP48E2_X12Y19       DSP_OUTPUT (Prop_DSP_OUTPUT_DSP48E2_ALU_OUT[47]_PCOUT[47])
                                                      0.167     9.484 r  design_1_i/cnn_accel_top_0/inst/grp_dataflow_parent_loop_proc2_fu_316/dataflow_parent_loop_proc_U0/dataflow_in_loop_Row_Loop_1_U0/compute_and_write_row4_U0/grp_compute_and_write_row4_Pipeline_Acc_TileN_Conv_KY_Conv_KX_Conv_C_fu_306/add_33s_33s_33_1_1_U276/dout/DSP_OUTPUT_INST/PCOUT[47]
                         net (fo=1, routed)           0.038     9.522    design_1_i/cnn_accel_top_0/inst/grp_dataflow_parent_loop_proc2_fu_316/dataflow_parent_loop_proc_U0/dataflow_in_loop_Row_Loop_1_U0/compute_and_write_row4_U0/grp_compute_and_write_row4_Pipeline_Acc_TileN_Conv_KY_Conv_KX_Conv_C_fu_306/add_33s_33s_33_1_1_U277/dout/PCIN[47]
    DSP48E2_X12Y20       DSP_ALU (Prop_DSP_ALU_DSP48E2_PCIN[47]_ALU_OUT[0])
                                                      0.739    10.261 r  design_1_i/cnn_accel_top_0/inst/grp_dataflow_parent_loop_proc2_fu_316/dataflow_parent_loop_proc_U0/dataflow_in_loop_Row_Loop_1_U0/compute_and_write_row4_U0/grp_compute_and_write_row4_Pipeline_Acc_TileN_Conv_KY_Conv_KX_Conv_C_fu_306/add_33s_33s_33_1_1_U277/dout/DSP_ALU_INST/ALU_OUT[0]
                         net (fo=1, routed)           0.000    10.261    design_1_i/cnn_accel_top_0/inst/grp_dataflow_parent_loop_proc2_fu_316/dataflow_parent_loop_proc_U0/dataflow_in_loop_Row_Loop_1_U0/compute_and_write_row4_U0/grp_compute_and_write_row4_Pipeline_Acc_TileN_Conv_KY_Conv_KX_Conv_C_fu_306/add_33s_33s_33_1_1_U277/dout/DSP_ALU.ALU_OUT<0>
    DSP48E2_X12Y20       DSP_OUTPUT                                   r  design_1_i/cnn_accel_top_0/inst/grp_dataflow_parent_loop_proc2_fu_316/dataflow_parent_loop_proc_U0/dataflow_in_loop_Row_Loop_1_U0/compute_and_write_row4_U0/grp_compute_and_write_row4_Pipeline_Acc_TileN_Conv_KY_Conv_KX_Conv_C_fu_306/add_33s_33s_33_1_1_U277/dout/DSP_OUTPUT_INST/ALU_OUT[0]
  -------------------------------------------------------------------    -------------------

                         (clock clk_pl_0 rise edge)
                                                      7.000     7.000 r  
    PS8_X0Y0             PS8                          0.000     7.000 r  design_1_i/zynq_ps/inst/PS8_i/PLCLK[0]
                         net (fo=1, routed)           0.181     7.181    design_1_i/zynq_ps/inst/pl_clk_unbuffered[0]
    BUFG_PS_X0Y80        BUFG_PS (Prop_BUFG_PS_I_O)
                                                      0.035     7.216 r  design_1_i/zynq_ps/inst/buffer_pl_clk_0.PL_CLK_0_BUFG/O
    X1Y1 (CLOCK_ROOT)    net (fo=31682, routed)       3.002    10.218    design_1_i/cnn_accel_top_0/inst/grp_dataflow_parent_loop_proc2_fu_316/dataflow_parent_loop_proc_U0/dataflow_in_loop_Row_Loop_1_U0/compute_and_write_row4_U0/grp_compute_and_write_row4_Pipeline_Acc_TileN_Conv_KY_Conv_KX_Conv_C_fu_306/add_33s_33s_33_1_1_U277/dout/CLK
    DSP48E2_X12Y20       DSP_OUTPUT                                   r  design_1_i/cnn_accel_top_0/inst/grp_dataflow_parent_loop_proc2_fu_316/dataflow_parent_loop_proc_U0/dataflow_in_loop_Row_Loop_1_U0/compute_and_write_row4_U0/grp_compute_and_write_row4_Pipeline_Acc_TileN_Conv_KY_Conv_KX_Conv_C_fu_306/add_33s_33s_33_1_1_U277/dout/DSP_OUTPUT_INST/CLK
                         clock pessimism              0.234    10.452    
                         clock uncertainty           -0.142    10.309    
    DSP48E2_X12Y20       DSP_OUTPUT (Setup_DSP_OUTPUT_DSP48E2_CLK_ALU_OUT[0])
                                                      0.014    10.323    design_1_i/cnn_accel_top_0/inst/grp_dataflow_parent_loop_proc2_fu_316/dataflow_parent_loop_proc_U0/dataflow_in_loop_Row_Loop_1_U0/compute_and_write_row4_U0/grp_compute_and_write_row4_Pipeline_Acc_TileN_Conv_KY_Conv_KX_Conv_C_fu_306/add_33s_33s_33_1_1_U277/dout/DSP_OUTPUT_INST
  -------------------------------------------------------------------
                         required time                         10.323    
                         arrival time                         -10.261    
  -------------------------------------------------------------------
                         slack                                  0.063    

Slack (MET) :             0.063ns  (required time - arrival time)
  Source:                 design_1_i/cnn_accel_top_0/inst/cnn_accel_top_short_const_short_short_const_short_const_int_int_int_i_U/genblk1[1].ram_reg_uram_0/CLK
                            (rising edge-triggered cell URAM288 clocked by clk_pl_0  {rise@0.000ns fall@3.500ns period=7.000ns})
  Destination:            design_1_i/cnn_accel_top_0/inst/grp_dataflow_parent_loop_proc2_fu_316/dataflow_parent_loop_proc_U0/dataflow_in_loop_Row_Loop_1_U0/compute_and_write_row4_U0/grp_compute_and_write_row4_Pipeline_Acc_TileN_Conv_KY_Conv_KX_Conv_C_fu_306/add_33s_33s_33_1_1_U277/dout/DSP_OUTPUT_INST/ALU_OUT[10]
                            (rising edge-triggered cell DSP_OUTPUT clocked by clk_pl_0  {rise@0.000ns fall@3.500ns period=7.000ns})
  Path Group:             clk_pl_0
  Path Type:              Setup (Max at Slow Process Corner)
  Requirement:            7.000ns  (clk_pl_0 rise@7.000ns - clk_pl_0 rise@0.000ns)
  Data Path Delay:        6.897ns  (logic 5.551ns (80.487%)  route 1.346ns (19.513%))
  Logic Levels:           10  (DSP_A_B_DATA=1 DSP_ALU=3 DSP_C_DATA=1 DSP_M_DATA=1 DSP_MULTIPLIER=1 DSP_OUTPUT=2 DSP_PREADD_DATA=1)
  Clock Path Skew:        0.088ns (DCD - SCD + CPR)
    Destination Clock Delay (DCD):    3.218ns = ( 10.218 - 7.000 ) 
    Source Clock Delay      (SCD):    3.364ns
    Clock Pessimism Removal (CPR):    0.234ns
  Clock Uncertainty:      0.142ns  ((TSJ^2 + DJ^2)^1/2) / 2 + PE
    Total System Jitter     (TSJ):    0.071ns
    Discrete Jitter          (DJ):    0.276ns
    Phase Error              (PE):    0.000ns
  Clock Net Delay (Source):      3.097ns (routing 1.584ns, distribution 1.513ns)
  Clock Net Delay (Destination): 3.002ns (routing 1.450ns, distribution 1.552ns)

    Location             Delay type                Incr(ns)  Path(ns)    Netlist Resource(s)
  -------------------------------------------------------------------    -------------------
                         (clock clk_pl_0 rise edge)
                                                      0.000     0.000 r  
    PS8_X0Y0             PS8                          0.000     0.000 r  design_1_i/zynq_ps/inst/PS8_i/PLCLK[0]
                         net (fo=1, routed)           0.229     0.229    design_1_i/zynq_ps/inst/pl_clk_unbuffered[0]
    BUFG_PS_X0Y80        BUFG_PS (Prop_BUFG_PS_I_O)
                                                      0.038     0.267 r  design_1_i/zynq_ps/inst/buffer_pl_clk_0.PL_CLK_0_BUFG/O
    X1Y1 (CLOCK_ROOT)    net (fo=31682, routed)       3.097     3.364    design_1_i/cnn_accel_top_0/inst/cnn_accel_top_short_const_short_short_const_short_const_int_int_int_i_U/ap_clk
    URAM288_X0Y14        URAM288                                      r  design_1_i/cnn_accel_top_0/inst/cnn_accel_top_short_const_short_short_const_short_const_int_int_int_i_U/genblk1[1].ram_reg_uram_0/CLK
  -------------------------------------------------------------------    -------------------
    URAM288_X0Y14        URAM288 (Prop_URAM_288K_INST_URAM288_CLK_DOUT_A[4])
                                                      1.698     5.062 f  design_1_i/cnn_accel_top_0/inst/cnn_accel_top_short_const_short_short_const_short_const_int_int_int_i_U/genblk1[1].ram_reg_uram_0/DOUT_A[4]
                         net (fo=2, routed)           0.488     5.550    design_1_i/cnn_accel_top_0/inst/grp_dataflow_parent_loop_proc2_fu_316/dataflow_parent_loop_proc_U0/dataflow_in_loop_Row_Loop_1_U0/compute_and_write_row4_U0/grp_compute_and_write_row4_Pipeline_Acc_TileN_Conv_KY_Conv_KX_Conv_C_fu_306/mul_16s_16s_32_1_1_U268/tmp_product/B[4]
    DSP48E2_X11Y19       DSP_A_B_DATA (Prop_DSP_A_B_DATA_DSP48E2_B[4]_B2_DATA[4])
                                                      0.216     5.766 r  design_1_i/cnn_accel_top_0/inst/grp_dataflow_parent_loop_proc2_fu_316/dataflow_parent_loop_proc_U0/dataflow_in_loop_Row_Loop_1_U0/compute_and_write_row4_U0/grp_compute_and_write_row4_Pipeline_Acc_TileN_Conv_KY_Conv_KX_Conv_C_fu_306/mul_16s_16s_32_1_1_U268/tmp_product/DSP_A_B_DATA_INST/B2_DATA[4]
                         net (fo=1, routed)           0.000     5.766    design_1_i/cnn_accel_top_0/inst/grp_dataflow_parent_loop_proc2_fu_316/dataflow_parent_loop_proc_U0/dataflow_in_loop_Row_Loop_1_U0/compute_and_write_row4_U0/grp_compute_and_write_row4_Pipeline_Acc_TileN_Conv_KY_Conv_KX_Conv_C_fu_306/mul_16s_16s_32_1_1_U268/tmp_product/DSP_A_B_DATA.B2_DATA<4>
    DSP48E2_X11Y19       DSP_PREADD_DATA (Prop_DSP_PREADD_DATA_DSP48E2_B2_DATA[4]_B2B1[4])
                                                      0.097     5.863 r  design_1_i/cnn_accel_top_0/inst/grp_dataflow_parent_loop_proc2_fu_316/dataflow_parent_loop_proc_U0/dataflow_in_loop_Row_Loop_1_U0/compute_and_write_row4_U0/grp_compute_and_write_row4_Pipeline_Acc_TileN_Conv_KY_Conv_KX_Conv_C_fu_306/mul_16s_16s_32_1_1_U268/tmp_product/DSP_PREADD_DATA_INST/B2B1[4]
                         net (fo=1, routed)           0.000     5.863    design_1_i/cnn_accel_top_0/inst/grp_dataflow_parent_loop_proc2_fu_316/dataflow_parent_loop_proc_U0/dataflow_in_loop_Row_Loop_1_U0/compute_and_write_row4_U0/grp_compute_and_write_row4_Pipeline_Acc_TileN_Conv_KY_Conv_KX_Conv_C_fu_306/mul_16s_16s_32_1_1_U268/tmp_product/DSP_PREADD_DATA.B2B1<4>
    DSP48E2_X11Y19       DSP_MULTIPLIER (Prop_DSP_MULTIPLIER_DSP48E2_B2B1[4]_U[12])
                                                      0.773     6.636 f  design_1_i/cnn_accel_top_0/inst/grp_dataflow_parent_loop_proc2_fu_316/dataflow_parent_loop_proc_U0/dataflow_in_loop_Row_Loop_1_U0/compute_and_write_row4_U0/grp_compute_and_write_row4_Pipeline_Acc_TileN_Conv_KY_Conv_KX_Conv_C_fu_306/mul_16s_16s_32_1_1_U268/tmp_product/DSP_MULTIPLIER_INST/U[12]
                         net (fo=1, routed)           0.000     6.636    design_1_i/cnn_accel_top_0/inst/grp_dataflow_parent_loop_proc2_fu_316/dataflow_parent_loop_proc_U0/dataflow_in_loop_Row_Loop_1_U0/compute_and_write_row4_U0/grp_compute_and_write_row4_Pipeline_Acc_TileN_Conv_KY_Conv_KX_Conv_C_fu_306/mul_16s_16s_32_1_1_U268/tmp_product/DSP_MULTIPLIER.U<12>
    DSP48E2_X11Y19       DSP_M_DATA (Prop_DSP_M_DATA_DSP48E2_U[12]_U_DATA[12])
                                                      0.067     6.703 r  design_1_i/cnn_accel_top_0/inst/grp_dataflow_parent_loop_proc2_fu_316/dataflow_parent_loop_proc_U0/dataflow_in_loop_Row_Loop_1_U0/compute_and_write_row4_U0/grp_compute_and_write_row4_Pipeline_Acc_TileN_Conv_KY_Conv_KX_Conv_C_fu_306/mul_16s_16s_32_1_1_U268/tmp_product/DSP_M_DATA_INST/U_DATA[12]
                         net (fo=1, routed)           0.000     6.703    design_1_i/cnn_accel_top_0/inst/grp_dataflow_parent_loop_proc2_fu_316/dataflow_parent_loop_proc_U0/dataflow_in_loop_Row_Loop_1_U0/compute_and_write_row4_U0/grp_compute_and_write_row4_Pipeline_Acc_TileN_Conv_KY_Conv_KX_Conv_C_fu_306/mul_16s_16s_32_1_1_U268/tmp_product/DSP_M_DATA.U_DATA<12>
    DSP48E2_X11Y19       DSP_ALU (Prop_DSP_ALU_DSP48E2_U_DATA[12]_ALU_OUT[12])
                                                      0.727     7.430 f  design_1_i/cnn_accel_top_0/inst/grp_dataflow_parent_loop_proc2_fu_316/dataflow_parent_loop_proc_U0/dataflow_in_loop_Row_Loop_1_U0/compute_and_write_row4_U0/grp_compute_and_write_row4_Pipeline_Acc_TileN_Conv_KY_Conv_KX_Conv_C_fu_306/mul_16s_16s_32_1_1_U268/tmp_product/DSP_ALU_INST/ALU_OUT[12]
                         net (fo=1, routed)           0.000     7.430    design_1_i/cnn_accel_top_0/inst/grp_dataflow_parent_loop_proc2_fu_316/dataflow_parent_loop_proc_U0/dataflow_in_loop_Row_Loop_1_U0/compute_and_write_row4_U0/grp_compute_and_write_row4_Pipeline_Acc_TileN_Conv_KY_Conv_KX_Conv_C_fu_306/mul_16s_16s_32_1_1_U268/tmp_product/DSP_ALU.ALU_OUT<12>
    DSP48E2_X11Y19       DSP_OUTPUT (Prop_DSP_OUTPUT_DSP48E2_ALU_OUT[12]_P[12])
                                                      0.146     7.576 r  design_1_i/cnn_accel_top_0/inst/grp_dataflow_parent_loop_proc2_fu_316/dataflow_parent_loop_proc_U0/dataflow_in_loop_Row_Loop_1_U0/compute_and_write_row4_U0/grp_compute_and_write_row4_Pipeline_Acc_TileN_Conv_KY_Conv_KX_Conv_C_fu_306/mul_16s_16s_32_1_1_U268/tmp_product/DSP_OUTPUT_INST/P[12]
                         net (fo=1, routed)           0.820     8.396    design_1_i/cnn_accel_top_0/inst/grp_dataflow_parent_loop_proc2_fu_316/dataflow_parent_loop_proc_U0/dataflow_in_loop_Row_Loop_1_U0/compute_and_write_row4_U0/grp_compute_and_write_row4_Pipeline_Acc_TileN_Conv_KY_Conv_KX_Conv_C_fu_306/add_33s_33s_33_1_1_U276/dout/C[12]
    DSP48E2_X12Y19       DSP_C_DATA (Prop_DSP_C_DATA_DSP48E2_C[12]_C_DATA[12])
                                                      0.135     8.531 r  design_1_i/cnn_accel_top_0/inst/grp_dataflow_parent_loop_proc2_fu_316/dataflow_parent_loop_proc_U0/dataflow_in_loop_Row_Loop_1_U0/compute_and_write_row4_U0/grp_compute_and_write_row4_Pipeline_Acc_TileN_Conv_KY_Conv_KX_Conv_C_fu_306/add_33s_33s_33_1_1_U276/dout/DSP_C_DATA_INST/C_DATA[12]
                         net (fo=2, routed)           0.000     8.531    design_1_i/cnn_accel_top_0/inst/grp_dataflow_parent_loop_proc2_fu_316/dataflow_parent_loop_proc_U0/dataflow_in_loop_Row_Loop_1_U0/compute_and_write_row4_U0/grp_compute_and_write_row4_Pipeline_Acc_TileN_Conv_KY_Conv_KX_Conv_C_fu_306/add_33s_33s_33_1_1_U276/dout/DSP_C_DATA.C_DATA<12>
    DSP48E2_X12Y19       DSP_ALU (Prop_DSP_ALU_DSP48E2_C_DATA[12]_ALU_OUT[47])
                                                      0.786     9.317 f  design_1_i/cnn_accel_top_0/inst/grp_dataflow_parent_loop_proc2_fu_316/dataflow_parent_loop_proc_U0/dataflow_in_loop_Row_Loop_1_U0/compute_and_write_row4_U0/grp_compute_and_write_row4_Pipeline_Acc_TileN_Conv_KY_Conv_KX_Conv_C_fu_306/add_33s_33s_33_1_1_U276/dout/DSP_ALU_INST/ALU_OUT[47]
                         net (fo=1, routed)           0.000     9.317    design_1_i/cnn_accel_top_0/inst/grp_dataflow_parent_loop_proc2_fu_316/dataflow_parent_loop_proc_U0/dataflow_in_loop_Row_Loop_1_U0/compute_and_write_row4_U0/grp_compute_and_write_row4_Pipeline_Acc_TileN_Conv_KY_Conv_KX_Conv_C_fu_306/add_33s_33s_33_1_1_U276/dout/DSP_ALU.ALU_OUT<47>
    DSP48E2_X12Y19       DSP_OUTPUT (Prop_DSP_OUTPUT_DSP48E2_ALU_OUT[47]_PCOUT[47])
                                                      0.167     9.484 r  design_1_i/cnn_accel_top_0/inst/grp_dataflow_parent_loop_proc2_fu_316/dataflow_parent_loop_proc_U0/dataflow_in_loop_Row_Loop_1_U0/compute_and_write_row4_U0/grp_compute_and_write_row4_Pipeline_Acc_TileN_Conv_KY_Conv_KX_Conv_C_fu_306/add_33s_33s_33_1_1_U276/dout/DSP_OUTPUT_INST/PCOUT[47]
                         net (fo=1, routed)           0.038     9.522    design_1_i/cnn_accel_top_0/inst/grp_dataflow_parent_loop_proc2_fu_316/dataflow_parent_loop_proc_U0/dataflow_in_loop_Row_Loop_1_U0/compute_and_write_row4_U0/grp_compute_and_write_row4_Pipeline_Acc_TileN_Conv_KY_Conv_KX_Conv_C_fu_306/add_33s_33s_33_1_1_U277/dout/PCIN[47]
    DSP48E2_X12Y20       DSP_ALU (Prop_DSP_ALU_DSP48E2_PCIN[47]_ALU_OUT[10])
                                                      0.739    10.261 r  design_1_i/cnn_accel_top_0/inst/grp_dataflow_parent_loop_proc2_fu_316/dataflow_parent_loop_proc_U0/dataflow_in_loop_Row_Loop_1_U0/compute_and_write_row4_U0/grp_compute_and_write_row4_Pipeline_Acc_TileN_Conv_KY_Conv_KX_Conv_C_fu_306/add_33s_33s_33_1_1_U277/dout/DSP_ALU_INST/ALU_OUT[10]
                         net (fo=1, routed)           0.000    10.261    design_1_i/cnn_accel_top_0/inst/grp_dataflow_parent_loop_proc2_fu_316/dataflow_parent_loop_proc_U0/dataflow_in_loop_Row_Loop_1_U0/compute_and_write_row4_U0/grp_compute_and_write_row4_Pipeline_Acc_TileN_Conv_KY_Conv_KX_Conv_C_fu_306/add_33s_33s_33_1_1_U277/dout/DSP_ALU.ALU_OUT<10>
    DSP48E2_X12Y20       DSP_OUTPUT                                   r  design_1_i/cnn_accel_top_0/inst/grp_dataflow_parent_loop_proc2_fu_316/dataflow_parent_loop_proc_U0/dataflow_in_loop_Row_Loop_1_U0/compute_and_write_row4_U0/grp_compute_and_write_row4_Pipeline_Acc_TileN_Conv_KY_Conv_KX_Conv_C_fu_306/add_33s_33s_33_1_1_U277/dout/DSP_OUTPUT_INST/ALU_OUT[10]
  -------------------------------------------------------------------    -------------------

                         (clock clk_pl_0 rise edge)
                                                      7.000     7.000 r  
    PS8_X0Y0             PS8                          0.000     7.000 r  design_1_i/zynq_ps/inst/PS8_i/PLCLK[0]
                         net (fo=1, routed)           0.181     7.181    design_1_i/zynq_ps/inst/pl_clk_unbuffered[0]
    BUFG_PS_X0Y80        BUFG_PS (Prop_BUFG_PS_I_O)
                                                      0.035     7.216 r  design_1_i/zynq_ps/inst/buffer_pl_clk_0.PL_CLK_0_BUFG/O
    X1Y1 (CLOCK_ROOT)    net (fo=31682, routed)       3.002    10.218    design_1_i/cnn_accel_top_0/inst/grp_dataflow_parent_loop_proc2_fu_316/dataflow_parent_loop_proc_U0/dataflow_in_loop_Row_Loop_1_U0/compute_and_write_row4_U0/grp_compute_and_write_row4_Pipeline_Acc_TileN_Conv_KY_Conv_KX_Conv_C_fu_306/add_33s_33s_33_1_1_U277/dout/CLK
    DSP48E2_X12Y20       DSP_OUTPUT                                   r  design_1_i/cnn_accel_top_0/inst/grp_dataflow_parent_loop_proc2_fu_316/dataflow_parent_loop_proc_U0/dataflow_in_loop_Row_Loop_1_U0/compute_and_write_row4_U0/grp_compute_and_write_row4_Pipeline_Acc_TileN_Conv_KY_Conv_KX_Conv_C_fu_306/add_33s_33s_33_1_1_U277/dout/DSP_OUTPUT_INST/CLK
                         clock pessimism              0.234    10.452    
                         clock uncertainty           -0.142    10.309    
    DSP48E2_X12Y20       DSP_OUTPUT (Setup_DSP_OUTPUT_DSP48E2_CLK_ALU_OUT[10])
                                                      0.014    10.323    design_1_i/cnn_accel_top_0/inst/grp_dataflow_parent_loop_proc2_fu_316/dataflow_parent_loop_proc_U0/dataflow_in_loop_Row_Loop_1_U0/compute_and_write_row4_U0/grp_compute_and_write_row4_Pipeline_Acc_TileN_Conv_KY_Conv_KX_Conv_C_fu_306/add_33s_33s_33_1_1_U277/dout/DSP_OUTPUT_INST
  -------------------------------------------------------------------
                         required time                         10.323    
                         arrival time                         -10.261    
  -------------------------------------------------------------------
                         slack                                  0.063    

Slack (MET) :             0.063ns  (required time - arrival time)
  Source:                 design_1_i/cnn_accel_top_0/inst/cnn_accel_top_short_const_short_short_const_short_const_int_int_int_i_U/genblk1[1].ram_reg_uram_0/CLK
                            (rising edge-triggered cell URAM288 clocked by clk_pl_0  {rise@0.000ns fall@3.500ns period=7.000ns})
  Destination:            design_1_i/cnn_accel_top_0/inst/grp_dataflow_parent_loop_proc2_fu_316/dataflow_parent_loop_proc_U0/dataflow_in_loop_Row_Loop_1_U0/compute_and_write_row4_U0/grp_compute_and_write_row4_Pipeline_Acc_TileN_Conv_KY_Conv_KX_Conv_C_fu_306/add_33s_33s_33_1_1_U277/dout/DSP_OUTPUT_INST/ALU_OUT[11]
                            (rising edge-triggered cell DSP_OUTPUT clocked by clk_pl_0  {rise@0.000ns fall@3.500ns period=7.000ns})
  Path Group:             clk_pl_0
  Path Type:              Setup (Max at Slow Process Corner)
  Requirement:            7.000ns  (clk_pl_0 rise@7.000ns - clk_pl_0 rise@0.000ns)
  Data Path Delay:        6.897ns  (logic 5.551ns (80.487%)  route 1.346ns (19.513%))
  Logic Levels:           10  (DSP_A_B_DATA=1 DSP_ALU=3 DSP_C_DATA=1 DSP_M_DATA=1 DSP_MULTIPLIER=1 DSP_OUTPUT=2 DSP_PREADD_DATA=1)
  Clock Path Skew:        0.088ns (DCD - SCD + CPR)
    Destination Clock Delay (DCD):    3.218ns = ( 10.218 - 7.000 ) 
    Source Clock Delay      (SCD):    3.364ns
    Clock Pessimism Removal (CPR):    0.234ns
  Clock Uncertainty:      0.142ns  ((TSJ^2 + DJ^2)^1/2) / 2 + PE
    Total System Jitter     (TSJ):    0.071ns
    Discrete Jitter          (DJ):    0.276ns
    Phase Error              (PE):    0.000ns
  Clock Net Delay (Source):      3.097ns (routing 1.584ns, distribution 1.513ns)
  Clock Net Delay (Destination): 3.002ns (routing 1.450ns, distribution 1.552ns)

    Location             Delay type                Incr(ns)  Path(ns)    Netlist Resource(s)
  -------------------------------------------------------------------    -------------------
                         (clock clk_pl_0 rise edge)
                                                      0.000     0.000 r  
    PS8_X0Y0             PS8                          0.000     0.000 r  design_1_i/zynq_ps/inst/PS8_i/PLCLK[0]
                         net (fo=1, routed)           0.229     0.229    design_1_i/zynq_ps/inst/pl_clk_unbuffered[0]
    BUFG_PS_X0Y80        BUFG_PS (Prop_BUFG_PS_I_O)
                                                      0.038     0.267 r  design_1_i/zynq_ps/inst/buffer_pl_clk_0.PL_CLK_0_BUFG/O
    X1Y1 (CLOCK_ROOT)    net (fo=31682, routed)       3.097     3.364    design_1_i/cnn_accel_top_0/inst/cnn_accel_top_short_const_short_short_const_short_const_int_int_int_i_U/ap_clk
    URAM288_X0Y14        URAM288                                      r  design_1_i/cnn_accel_top_0/inst/cnn_accel_top_short_const_short_short_const_short_const_int_int_int_i_U/genblk1[1].ram_reg_uram_0/CLK
  -------------------------------------------------------------------    -------------------
    URAM288_X0Y14        URAM288 (Prop_URAM_288K_INST_URAM288_CLK_DOUT_A[4])
                                                      1.698     5.062 f  design_1_i/cnn_accel_top_0/inst/cnn_accel_top_short_const_short_short_const_short_const_int_int_int_i_U/genblk1[1].ram_reg_uram_0/DOUT_A[4]
                         net (fo=2, routed)           0.488     5.550    design_1_i/cnn_accel_top_0/inst/grp_dataflow_parent_loop_proc2_fu_316/dataflow_parent_loop_proc_U0/dataflow_in_loop_Row_Loop_1_U0/compute_and_write_row4_U0/grp_compute_and_write_row4_Pipeline_Acc_TileN_Conv_KY_Conv_KX_Conv_C_fu_306/mul_16s_16s_32_1_1_U268/tmp_product/B[4]
    DSP48E2_X11Y19       DSP_A_B_DATA (Prop_DSP_A_B_DATA_DSP48E2_B[4]_B2_DATA[4])
                                                      0.216     5.766 r  design_1_i/cnn_accel_top_0/inst/grp_dataflow_parent_loop_proc2_fu_316/dataflow_parent_loop_proc_U0/dataflow_in_loop_Row_Loop_1_U0/compute_and_write_row4_U0/grp_compute_and_write_row4_Pipeline_Acc_TileN_Conv_KY_Conv_KX_Conv_C_fu_306/mul_16s_16s_32_1_1_U268/tmp_product/DSP_A_B_DATA_INST/B2_DATA[4]
                         net (fo=1, routed)           0.000     5.766    design_1_i/cnn_accel_top_0/inst/grp_dataflow_parent_loop_proc2_fu_316/dataflow_parent_loop_proc_U0/dataflow_in_loop_Row_Loop_1_U0/compute_and_write_row4_U0/grp_compute_and_write_row4_Pipeline_Acc_TileN_Conv_KY_Conv_KX_Conv_C_fu_306/mul_16s_16s_32_1_1_U268/tmp_product/DSP_A_B_DATA.B2_DATA<4>
    DSP48E2_X11Y19       DSP_PREADD_DATA (Prop_DSP_PREADD_DATA_DSP48E2_B2_DATA[4]_B2B1[4])
                                                      0.097     5.863 r  design_1_i/cnn_accel_top_0/inst/grp_dataflow_parent_loop_proc2_fu_316/dataflow_parent_loop_proc_U0/dataflow_in_loop_Row_Loop_1_U0/compute_and_write_row4_U0/grp_compute_and_write_row4_Pipeline_Acc_TileN_Conv_KY_Conv_KX_Conv_C_fu_306/mul_16s_16s_32_1_1_U268/tmp_product/DSP_PREADD_DATA_INST/B2B1[4]
                         net (fo=1, routed)           0.000     5.863    design_1_i/cnn_accel_top_0/inst/grp_dataflow_parent_loop_proc2_fu_316/dataflow_parent_loop_proc_U0/dataflow_in_loop_Row_Loop_1_U0/compute_and_write_row4_U0/grp_compute_and_write_row4_Pipeline_Acc_TileN_Conv_KY_Conv_KX_Conv_C_fu_306/mul_16s_16s_32_1_1_U268/tmp_product/DSP_PREADD_DATA.B2B1<4>
    DSP48E2_X11Y19       DSP_MULTIPLIER (Prop_DSP_MULTIPLIER_DSP48E2_B2B1[4]_U[12])
                                                      0.773     6.636 f  design_1_i/cnn_accel_top_0/inst/grp_dataflow_parent_loop_proc2_fu_316/dataflow_parent_loop_proc_U0/dataflow_in_loop_Row_Loop_1_U0/compute_and_write_row4_U0/grp_compute_and_write_row4_Pipeline_Acc_TileN_Conv_KY_Conv_KX_Conv_C_fu_306/mul_16s_16s_32_1_1_U268/tmp_product/DSP_MULTIPLIER_INST/U[12]
                         net (fo=1, routed)           0.000     6.636    design_1_i/cnn_accel_top_0/inst/grp_dataflow_parent_loop_proc2_fu_316/dataflow_parent_loop_proc_U0/dataflow_in_loop_Row_Loop_1_U0/compute_and_write_row4_U0/grp_compute_and_write_row4_Pipeline_Acc_TileN_Conv_KY_Conv_KX_Conv_C_fu_306/mul_16s_16s_32_1_1_U268/tmp_product/DSP_MULTIPLIER.U<12>
    DSP48E2_X11Y19       DSP_M_DATA (Prop_DSP_M_DATA_DSP48E2_U[12]_U_DATA[12])
                                                      0.067     6.703 r  design_1_i/cnn_accel_top_0/inst/grp_dataflow_parent_loop_proc2_fu_316/dataflow_parent_loop_proc_U0/dataflow_in_loop_Row_Loop_1_U0/compute_and_write_row4_U0/grp_compute_and_write_row4_Pipeline_Acc_TileN_Conv_KY_Conv_KX_Conv_C_fu_306/mul_16s_16s_32_1_1_U268/tmp_product/DSP_M_DATA_INST/U_DATA[12]
                         net (fo=1, routed)           0.000     6.703    design_1_i/cnn_accel_top_0/inst/grp_dataflow_parent_loop_proc2_fu_316/dataflow_parent_loop_proc_U0/dataflow_in_loop_Row_Loop_1_U0/compute_and_write_row4_U0/grp_compute_and_write_row4_Pipeline_Acc_TileN_Conv_KY_Conv_KX_Conv_C_fu_306/mul_16s_16s_32_1_1_U268/tmp_product/DSP_M_DATA.U_DATA<12>
    DSP48E2_X11Y19       DSP_ALU (Prop_DSP_ALU_DSP48E2_U_DATA[12]_ALU_OUT[12])
                                                      0.727     7.430 f  design_1_i/cnn_accel_top_0/inst/grp_dataflow_parent_loop_proc2_fu_316/dataflow_parent_loop_proc_U0/dataflow_in_loop_Row_Loop_1_U0/compute_and_write_row4_U0/grp_compute_and_write_row4_Pipeline_Acc_TileN_Conv_KY_Conv_KX_Conv_C_fu_306/mul_16s_16s_32_1_1_U268/tmp_product/DSP_ALU_INST/ALU_OUT[12]
                         net (fo=1, routed)           0.000     7.430    design_1_i/cnn_accel_top_0/inst/grp_dataflow_parent_loop_proc2_fu_316/dataflow_parent_loop_proc_U0/dataflow_in_loop_Row_Loop_1_U0/compute_and_write_row4_U0/grp_compute_and_write_row4_Pipeline_Acc_TileN_Conv_KY_Conv_KX_Conv_C_fu_306/mul_16s_16s_32_1_1_U268/tmp_product/DSP_ALU.ALU_OUT<12>
    DSP48E2_X11Y19       DSP_OUTPUT (Prop_DSP_OUTPUT_DSP48E2_ALU_OUT[12]_P[12])
                                                      0.146     7.576 r  design_1_i/cnn_accel_top_0/inst/grp_dataflow_parent_loop_proc2_fu_316/dataflow_parent_loop_proc_U0/dataflow_in_loop_Row_Loop_1_U0/compute_and_write_row4_U0/grp_compute_and_write_row4_Pipeline_Acc_TileN_Conv_KY_Conv_KX_Conv_C_fu_306/mul_16s_16s_32_1_1_U268/tmp_product/DSP_OUTPUT_INST/P[12]
                         net (fo=1, routed)           0.820     8.396    design_1_i/cnn_accel_top_0/inst/grp_dataflow_parent_loop_proc2_fu_316/dataflow_parent_loop_proc_U0/dataflow_in_loop_Row_Loop_1_U0/compute_and_write_row4_U0/grp_compute_and_write_row4_Pipeline_Acc_TileN_Conv_KY_Conv_KX_Conv_C_fu_306/add_33s_33s_33_1_1_U276/dout/C[12]
    DSP48E2_X12Y19       DSP_C_DATA (Prop_DSP_C_DATA_DSP48E2_C[12]_C_DATA[12])
                                                      0.135     8.531 r  design_1_i/cnn_accel_top_0/inst/grp_dataflow_parent_loop_proc2_fu_316/dataflow_parent_loop_proc_U0/dataflow_in_loop_Row_Loop_1_U0/compute_and_write_row4_U0/grp_compute_and_write_row4_Pipeline_Acc_TileN_Conv_KY_Conv_KX_Conv_C_fu_306/add_33s_33s_33_1_1_U276/dout/DSP_C_DATA_INST/C_DATA[12]
                         net (fo=2, routed)           0.000     8.531    design_1_i/cnn_accel_top_0/inst/grp_dataflow_parent_loop_proc2_fu_316/dataflow_parent_loop_proc_U0/dataflow_in_loop_Row_Loop_1_U0/compute_and_write_row4_U0/grp_compute_and_write_row4_Pipeline_Acc_TileN_Conv_KY_Conv_KX_Conv_C_fu_306/add_33s_33s_33_1_1_U276/dout/DSP_C_DATA.C_DATA<12>
    DSP48E2_X12Y19       DSP_ALU (Prop_DSP_ALU_DSP48E2_C_DATA[12]_ALU_OUT[47])
                                                      0.786     9.317 f  design_1_i/cnn_accel_top_0/inst/grp_dataflow_parent_loop_proc2_fu_316/dataflow_parent_loop_proc_U0/dataflow_in_loop_Row_Loop_1_U0/compute_and_write_row4_U0/grp_compute_and_write_row4_Pipeline_Acc_TileN_Conv_KY_Conv_KX_Conv_C_fu_306/add_33s_33s_33_1_1_U276/dout/DSP_ALU_INST/ALU_OUT[47]
                         net (fo=1, routed)           0.000     9.317    design_1_i/cnn_accel_top_0/inst/grp_dataflow_parent_loop_proc2_fu_316/dataflow_parent_loop_proc_U0/dataflow_in_loop_Row_Loop_1_U0/compute_and_write_row4_U0/grp_compute_and_write_row4_Pipeline_Acc_TileN_Conv_KY_Conv_KX_Conv_C_fu_306/add_33s_33s_33_1_1_U276/dout/DSP_ALU.ALU_OUT<47>
    DSP48E2_X12Y19       DSP_OUTPUT (Prop_DSP_OUTPUT_DSP48E2_ALU_OUT[47]_PCOUT[47])
                                                      0.167     9.484 r  design_1_i/cnn_accel_top_0/inst/grp_dataflow_parent_loop_proc2_fu_316/dataflow_parent_loop_proc_U0/dataflow_in_loop_Row_Loop_1_U0/compute_and_write_row4_U0/grp_compute_and_write_row4_Pipeline_Acc_TileN_Conv_KY_Conv_KX_Conv_C_fu_306/add_33s_33s_33_1_1_U276/dout/DSP_OUTPUT_INST/PCOUT[47]
                         net (fo=1, routed)           0.038     9.522    design_1_i/cnn_accel_top_0/inst/grp_dataflow_parent_loop_proc2_fu_316/dataflow_parent_loop_proc_U0/dataflow_in_loop_Row_Loop_1_U0/compute_and_write_row4_U0/grp_compute_and_write_row4_Pipeline_Acc_TileN_Conv_KY_Conv_KX_Conv_C_fu_306/add_33s_33s_33_1_1_U277/dout/PCIN[47]
    DSP48E2_X12Y20       DSP_ALU (Prop_DSP_ALU_DSP48E2_PCIN[47]_ALU_OUT[11])
                                                      0.739    10.261 r  design_1_i/cnn_accel_top_0/inst/grp_dataflow_parent_loop_proc2_fu_316/dataflow_parent_loop_proc_U0/dataflow_in_loop_Row_Loop_1_U0/compute_and_write_row4_U0/grp_compute_and_write_row4_Pipeline_Acc_TileN_Conv_KY_Conv_KX_Conv_C_fu_306/add_33s_33s_33_1_1_U277/dout/DSP_ALU_INST/ALU_OUT[11]
                         net (fo=1, routed)           0.000    10.261    design_1_i/cnn_accel_top_0/inst/grp_dataflow_parent_loop_proc2_fu_316/dataflow_parent_loop_proc_U0/dataflow_in_loop_Row_Loop_1_U0/compute_and_write_row4_U0/grp_compute_and_write_row4_Pipeline_Acc_TileN_Conv_KY_Conv_KX_Conv_C_fu_306/add_33s_33s_33_1_1_U277/dout/DSP_ALU.ALU_OUT<11>
    DSP48E2_X12Y20       DSP_OUTPUT                                   r  design_1_i/cnn_accel_top_0/inst/grp_dataflow_parent_loop_proc2_fu_316/dataflow_parent_loop_proc_U0/dataflow_in_loop_Row_Loop_1_U0/compute_and_write_row4_U0/grp_compute_and_write_row4_Pipeline_Acc_TileN_Conv_KY_Conv_KX_Conv_C_fu_306/add_33s_33s_33_1_1_U277/dout/DSP_OUTPUT_INST/ALU_OUT[11]
  -------------------------------------------------------------------    -------------------

                         (clock clk_pl_0 rise edge)
                                                      7.000     7.000 r  
    PS8_X0Y0             PS8                          0.000     7.000 r  design_1_i/zynq_ps/inst/PS8_i/PLCLK[0]
                         net (fo=1, routed)           0.181     7.181    design_1_i/zynq_ps/inst/pl_clk_unbuffered[0]
    BUFG_PS_X0Y80        BUFG_PS (Prop_BUFG_PS_I_O)
                                                      0.035     7.216 r  design_1_i/zynq_ps/inst/buffer_pl_clk_0.PL_CLK_0_BUFG/O
    X1Y1 (CLOCK_ROOT)    net (fo=31682, routed)       3.002    10.218    design_1_i/cnn_accel_top_0/inst/grp_dataflow_parent_loop_proc2_fu_316/dataflow_parent_loop_proc_U0/dataflow_in_loop_Row_Loop_1_U0/compute_and_write_row4_U0/grp_compute_and_write_row4_Pipeline_Acc_TileN_Conv_KY_Conv_KX_Conv_C_fu_306/add_33s_33s_33_1_1_U277/dout/CLK
    DSP48E2_X12Y20       DSP_OUTPUT                                   r  design_1_i/cnn_accel_top_0/inst/grp_dataflow_parent_loop_proc2_fu_316/dataflow_parent_loop_proc_U0/dataflow_in_loop_Row_Loop_1_U0/compute_and_write_row4_U0/grp_compute_and_write_row4_Pipeline_Acc_TileN_Conv_KY_Conv_KX_Conv_C_fu_306/add_33s_33s_33_1_1_U277/dout/DSP_OUTPUT_INST/CLK
                         clock pessimism              0.234    10.452    
                         clock uncertainty           -0.142    10.309    
    DSP48E2_X12Y20       DSP_OUTPUT (Setup_DSP_OUTPUT_DSP48E2_CLK_ALU_OUT[11])
                                                      0.014    10.323    design_1_i/cnn_accel_top_0/inst/grp_dataflow_parent_loop_proc2_fu_316/dataflow_parent_loop_proc_U0/dataflow_in_loop_Row_Loop_1_U0/compute_and_write_row4_U0/grp_compute_and_write_row4_Pipeline_Acc_TileN_Conv_KY_Conv_KX_Conv_C_fu_306/add_33s_33s_33_1_1_U277/dout/DSP_OUTPUT_INST
  -------------------------------------------------------------------
                         required time                         10.323    
                         arrival time                         -10.261    
  -------------------------------------------------------------------
                         slack                                  0.063    

Slack (MET) :             0.063ns  (required time - arrival time)
  Source:                 design_1_i/cnn_accel_top_0/inst/cnn_accel_top_short_const_short_short_const_short_const_int_int_int_i_U/genblk1[1].ram_reg_uram_0/CLK
                            (rising edge-triggered cell URAM288 clocked by clk_pl_0  {rise@0.000ns fall@3.500ns period=7.000ns})
  Destination:            design_1_i/cnn_accel_top_0/inst/grp_dataflow_parent_loop_proc2_fu_316/dataflow_parent_loop_proc_U0/dataflow_in_loop_Row_Loop_1_U0/compute_and_write_row4_U0/grp_compute_and_write_row4_Pipeline_Acc_TileN_Conv_KY_Conv_KX_Conv_C_fu_306/add_33s_33s_33_1_1_U277/dout/DSP_OUTPUT_INST/ALU_OUT[12]
                            (rising edge-triggered cell DSP_OUTPUT clocked by clk_pl_0  {rise@0.000ns fall@3.500ns period=7.000ns})
  Path Group:             clk_pl_0
  Path Type:              Setup (Max at Slow Process Corner)
  Requirement:            7.000ns  (clk_pl_0 rise@7.000ns - clk_pl_0 rise@0.000ns)
  Data Path Delay:        6.897ns  (logic 5.551ns (80.487%)  route 1.346ns (19.513%))
  Logic Levels:           10  (DSP_A_B_DATA=1 DSP_ALU=3 DSP_C_DATA=1 DSP_M_DATA=1 DSP_MULTIPLIER=1 DSP_OUTPUT=2 DSP_PREADD_DATA=1)
  Clock Path Skew:        0.088ns (DCD - SCD + CPR)
    Destination Clock Delay (DCD):    3.218ns = ( 10.218 - 7.000 ) 
    Source Clock Delay      (SCD):    3.364ns
    Clock Pessimism Removal (CPR):    0.234ns
  Clock Uncertainty:      0.142ns  ((TSJ^2 + DJ^2)^1/2) / 2 + PE
    Total System Jitter     (TSJ):    0.071ns
    Discrete Jitter          (DJ):    0.276ns
    Phase Error              (PE):    0.000ns
  Clock Net Delay (Source):      3.097ns (routing 1.584ns, distribution 1.513ns)
  Clock Net Delay (Destination): 3.002ns (routing 1.450ns, distribution 1.552ns)

    Location             Delay type                Incr(ns)  Path(ns)    Netlist Resource(s)
  -------------------------------------------------------------------    -------------------
                         (clock clk_pl_0 rise edge)
                                                      0.000     0.000 r  
    PS8_X0Y0             PS8                          0.000     0.000 r  design_1_i/zynq_ps/inst/PS8_i/PLCLK[0]
                         net (fo=1, routed)           0.229     0.229    design_1_i/zynq_ps/inst/pl_clk_unbuffered[0]
    BUFG_PS_X0Y80        BUFG_PS (Prop_BUFG_PS_I_O)
                                                      0.038     0.267 r  design_1_i/zynq_ps/inst/buffer_pl_clk_0.PL_CLK_0_BUFG/O
    X1Y1 (CLOCK_ROOT)    net (fo=31682, routed)       3.097     3.364    design_1_i/cnn_accel_top_0/inst/cnn_accel_top_short_const_short_short_const_short_const_int_int_int_i_U/ap_clk
    URAM288_X0Y14        URAM288                                      r  design_1_i/cnn_accel_top_0/inst/cnn_accel_top_short_const_short_short_const_short_const_int_int_int_i_U/genblk1[1].ram_reg_uram_0/CLK
  -------------------------------------------------------------------    -------------------
    URAM288_X0Y14        URAM288 (Prop_URAM_288K_INST_URAM288_CLK_DOUT_A[4])
                                                      1.698     5.062 f  design_1_i/cnn_accel_top_0/inst/cnn_accel_top_short_const_short_short_const_short_const_int_int_int_i_U/genblk1[1].ram_reg_uram_0/DOUT_A[4]
                         net (fo=2, routed)           0.488     5.550    design_1_i/cnn_accel_top_0/inst/grp_dataflow_parent_loop_proc2_fu_316/dataflow_parent_loop_proc_U0/dataflow_in_loop_Row_Loop_1_U0/compute_and_write_row4_U0/grp_compute_and_write_row4_Pipeline_Acc_TileN_Conv_KY_Conv_KX_Conv_C_fu_306/mul_16s_16s_32_1_1_U268/tmp_product/B[4]
    DSP48E2_X11Y19       DSP_A_B_DATA (Prop_DSP_A_B_DATA_DSP48E2_B[4]_B2_DATA[4])
                                                      0.216     5.766 r  design_1_i/cnn_accel_top_0/inst/grp_dataflow_parent_loop_proc2_fu_316/dataflow_parent_loop_proc_U0/dataflow_in_loop_Row_Loop_1_U0/compute_and_write_row4_U0/grp_compute_and_write_row4_Pipeline_Acc_TileN_Conv_KY_Conv_KX_Conv_C_fu_306/mul_16s_16s_32_1_1_U268/tmp_product/DSP_A_B_DATA_INST/B2_DATA[4]
                         net (fo=1, routed)           0.000     5.766    design_1_i/cnn_accel_top_0/inst/grp_dataflow_parent_loop_proc2_fu_316/dataflow_parent_loop_proc_U0/dataflow_in_loop_Row_Loop_1_U0/compute_and_write_row4_U0/grp_compute_and_write_row4_Pipeline_Acc_TileN_Conv_KY_Conv_KX_Conv_C_fu_306/mul_16s_16s_32_1_1_U268/tmp_product/DSP_A_B_DATA.B2_DATA<4>
    DSP48E2_X11Y19       DSP_PREADD_DATA (Prop_DSP_PREADD_DATA_DSP48E2_B2_DATA[4]_B2B1[4])
                                                      0.097     5.863 r  design_1_i/cnn_accel_top_0/inst/grp_dataflow_parent_loop_proc2_fu_316/dataflow_parent_loop_proc_U0/dataflow_in_loop_Row_Loop_1_U0/compute_and_write_row4_U0/grp_compute_and_write_row4_Pipeline_Acc_TileN_Conv_KY_Conv_KX_Conv_C_fu_306/mul_16s_16s_32_1_1_U268/tmp_product/DSP_PREADD_DATA_INST/B2B1[4]
                         net (fo=1, routed)           0.000     5.863    design_1_i/cnn_accel_top_0/inst/grp_dataflow_parent_loop_proc2_fu_316/dataflow_parent_loop_proc_U0/dataflow_in_loop_Row_Loop_1_U0/compute_and_write_row4_U0/grp_compute_and_write_row4_Pipeline_Acc_TileN_Conv_KY_Conv_KX_Conv_C_fu_306/mul_16s_16s_32_1_1_U268/tmp_product/DSP_PREADD_DATA.B2B1<4>
    DSP48E2_X11Y19       DSP_MULTIPLIER (Prop_DSP_MULTIPLIER_DSP48E2_B2B1[4]_U[12])
                                                      0.773     6.636 f  design_1_i/cnn_accel_top_0/inst/grp_dataflow_parent_loop_proc2_fu_316/dataflow_parent_loop_proc_U0/dataflow_in_loop_Row_Loop_1_U0/compute_and_write_row4_U0/grp_compute_and_write_row4_Pipeline_Acc_TileN_Conv_KY_Conv_KX_Conv_C_fu_306/mul_16s_16s_32_1_1_U268/tmp_product/DSP_MULTIPLIER_INST/U[12]
                         net (fo=1, routed)           0.000     6.636    design_1_i/cnn_accel_top_0/inst/grp_dataflow_parent_loop_proc2_fu_316/dataflow_parent_loop_proc_U0/dataflow_in_loop_Row_Loop_1_U0/compute_and_write_row4_U0/grp_compute_and_write_row4_Pipeline_Acc_TileN_Conv_KY_Conv_KX_Conv_C_fu_306/mul_16s_16s_32_1_1_U268/tmp_product/DSP_MULTIPLIER.U<12>
    DSP48E2_X11Y19       DSP_M_DATA (Prop_DSP_M_DATA_DSP48E2_U[12]_U_DATA[12])
                                                      0.067     6.703 r  design_1_i/cnn_accel_top_0/inst/grp_dataflow_parent_loop_proc2_fu_316/dataflow_parent_loop_proc_U0/dataflow_in_loop_Row_Loop_1_U0/compute_and_write_row4_U0/grp_compute_and_write_row4_Pipeline_Acc_TileN_Conv_KY_Conv_KX_Conv_C_fu_306/mul_16s_16s_32_1_1_U268/tmp_product/DSP_M_DATA_INST/U_DATA[12]
                         net (fo=1, routed)           0.000     6.703    design_1_i/cnn_accel_top_0/inst/grp_dataflow_parent_loop_proc2_fu_316/dataflow_parent_loop_proc_U0/dataflow_in_loop_Row_Loop_1_U0/compute_and_write_row4_U0/grp_compute_and_write_row4_Pipeline_Acc_TileN_Conv_KY_Conv_KX_Conv_C_fu_306/mul_16s_16s_32_1_1_U268/tmp_product/DSP_M_DATA.U_DATA<12>
    DSP48E2_X11Y19       DSP_ALU (Prop_DSP_ALU_DSP48E2_U_DATA[12]_ALU_OUT[12])
                                                      0.727     7.430 f  design_1_i/cnn_accel_top_0/inst/grp_dataflow_parent_loop_proc2_fu_316/dataflow_parent_loop_proc_U0/dataflow_in_loop_Row_Loop_1_U0/compute_and_write_row4_U0/grp_compute_and_write_row4_Pipeline_Acc_TileN_Conv_KY_Conv_KX_Conv_C_fu_306/mul_16s_16s_32_1_1_U268/tmp_product/DSP_ALU_INST/ALU_OUT[12]
                         net (fo=1, routed)           0.000     7.430    design_1_i/cnn_accel_top_0/inst/grp_dataflow_parent_loop_proc2_fu_316/dataflow_parent_loop_proc_U0/dataflow_in_loop_Row_Loop_1_U0/compute_and_write_row4_U0/grp_compute_and_write_row4_Pipeline_Acc_TileN_Conv_KY_Conv_KX_Conv_C_fu_306/mul_16s_16s_32_1_1_U268/tmp_product/DSP_ALU.ALU_OUT<12>
    DSP48E2_X11Y19       DSP_OUTPUT (Prop_DSP_OUTPUT_DSP48E2_ALU_OUT[12]_P[12])
                                                      0.146     7.576 r  design_1_i/cnn_accel_top_0/inst/grp_dataflow_parent_loop_proc2_fu_316/dataflow_parent_loop_proc_U0/dataflow_in_loop_Row_Loop_1_U0/compute_and_write_row4_U0/grp_compute_and_write_row4_Pipeline_Acc_TileN_Conv_KY_Conv_KX_Conv_C_fu_306/mul_16s_16s_32_1_1_U268/tmp_product/DSP_OUTPUT_INST/P[12]
                         net (fo=1, routed)           0.820     8.396    design_1_i/cnn_accel_top_0/inst/grp_dataflow_parent_loop_proc2_fu_316/dataflow_parent_loop_proc_U0/dataflow_in_loop_Row_Loop_1_U0/compute_and_write_row4_U0/grp_compute_and_write_row4_Pipeline_Acc_TileN_Conv_KY_Conv_KX_Conv_C_fu_306/add_33s_33s_33_1_1_U276/dout/C[12]
    DSP48E2_X12Y19       DSP_C_DATA (Prop_DSP_C_DATA_DSP48E2_C[12]_C_DATA[12])
                                                      0.135     8.531 r  design_1_i/cnn_accel_top_0/inst/grp_dataflow_parent_loop_proc2_fu_316/dataflow_parent_loop_proc_U0/dataflow_in_loop_Row_Loop_1_U0/compute_and_write_row4_U0/grp_compute_and_write_row4_Pipeline_Acc_TileN_Conv_KY_Conv_KX_Conv_C_fu_306/add_33s_33s_33_1_1_U276/dout/DSP_C_DATA_INST/C_DATA[12]
                         net (fo=2, routed)           0.000     8.531    design_1_i/cnn_accel_top_0/inst/grp_dataflow_parent_loop_proc2_fu_316/dataflow_parent_loop_proc_U0/dataflow_in_loop_Row_Loop_1_U0/compute_and_write_row4_U0/grp_compute_and_write_row4_Pipeline_Acc_TileN_Conv_KY_Conv_KX_Conv_C_fu_306/add_33s_33s_33_1_1_U276/dout/DSP_C_DATA.C_DATA<12>
    DSP48E2_X12Y19       DSP_ALU (Prop_DSP_ALU_DSP48E2_C_DATA[12]_ALU_OUT[47])
                                                      0.786     9.317 f  design_1_i/cnn_accel_top_0/inst/grp_dataflow_parent_loop_proc2_fu_316/dataflow_parent_loop_proc_U0/dataflow_in_loop_Row_Loop_1_U0/compute_and_write_row4_U0/grp_compute_and_write_row4_Pipeline_Acc_TileN_Conv_KY_Conv_KX_Conv_C_fu_306/add_33s_33s_33_1_1_U276/dout/DSP_ALU_INST/ALU_OUT[47]
                         net (fo=1, routed)           0.000     9.317    design_1_i/cnn_accel_top_0/inst/grp_dataflow_parent_loop_proc2_fu_316/dataflow_parent_loop_proc_U0/dataflow_in_loop_Row_Loop_1_U0/compute_and_write_row4_U0/grp_compute_and_write_row4_Pipeline_Acc_TileN_Conv_KY_Conv_KX_Conv_C_fu_306/add_33s_33s_33_1_1_U276/dout/DSP_ALU.ALU_OUT<47>
    DSP48E2_X12Y19       DSP_OUTPUT (Prop_DSP_OUTPUT_DSP48E2_ALU_OUT[47]_PCOUT[47])
                                                      0.167     9.484 r  design_1_i/cnn_accel_top_0/inst/grp_dataflow_parent_loop_proc2_fu_316/dataflow_parent_loop_proc_U0/dataflow_in_loop_Row_Loop_1_U0/compute_and_write_row4_U0/grp_compute_and_write_row4_Pipeline_Acc_TileN_Conv_KY_Conv_KX_Conv_C_fu_306/add_33s_33s_33_1_1_U276/dout/DSP_OUTPUT_INST/PCOUT[47]
                         net (fo=1, routed)           0.038     9.522    design_1_i/cnn_accel_top_0/inst/grp_dataflow_parent_loop_proc2_fu_316/dataflow_parent_loop_proc_U0/dataflow_in_loop_Row_Loop_1_U0/compute_and_write_row4_U0/grp_compute_and_write_row4_Pipeline_Acc_TileN_Conv_KY_Conv_KX_Conv_C_fu_306/add_33s_33s_33_1_1_U277/dout/PCIN[47]
    DSP48E2_X12Y20       DSP_ALU (Prop_DSP_ALU_DSP48E2_PCIN[47]_ALU_OUT[12])
                                                      0.739    10.261 r  design_1_i/cnn_accel_top_0/inst/grp_dataflow_parent_loop_proc2_fu_316/dataflow_parent_loop_proc_U0/dataflow_in_loop_Row_Loop_1_U0/compute_and_write_row4_U0/grp_compute_and_write_row4_Pipeline_Acc_TileN_Conv_KY_Conv_KX_Conv_C_fu_306/add_33s_33s_33_1_1_U277/dout/DSP_ALU_INST/ALU_OUT[12]
                         net (fo=1, routed)           0.000    10.261    design_1_i/cnn_accel_top_0/inst/grp_dataflow_parent_loop_proc2_fu_316/dataflow_parent_loop_proc_U0/dataflow_in_loop_Row_Loop_1_U0/compute_and_write_row4_U0/grp_compute_and_write_row4_Pipeline_Acc_TileN_Conv_KY_Conv_KX_Conv_C_fu_306/add_33s_33s_33_1_1_U277/dout/DSP_ALU.ALU_OUT<12>
    DSP48E2_X12Y20       DSP_OUTPUT                                   r  design_1_i/cnn_accel_top_0/inst/grp_dataflow_parent_loop_proc2_fu_316/dataflow_parent_loop_proc_U0/dataflow_in_loop_Row_Loop_1_U0/compute_and_write_row4_U0/grp_compute_and_write_row4_Pipeline_Acc_TileN_Conv_KY_Conv_KX_Conv_C_fu_306/add_33s_33s_33_1_1_U277/dout/DSP_OUTPUT_INST/ALU_OUT[12]
  -------------------------------------------------------------------    -------------------

                         (clock clk_pl_0 rise edge)
                                                      7.000     7.000 r  
    PS8_X0Y0             PS8                          0.000     7.000 r  design_1_i/zynq_ps/inst/PS8_i/PLCLK[0]
                         net (fo=1, routed)           0.181     7.181    design_1_i/zynq_ps/inst/pl_clk_unbuffered[0]
    BUFG_PS_X0Y80        BUFG_PS (Prop_BUFG_PS_I_O)
                                                      0.035     7.216 r  design_1_i/zynq_ps/inst/buffer_pl_clk_0.PL_CLK_0_BUFG/O
    X1Y1 (CLOCK_ROOT)    net (fo=31682, routed)       3.002    10.218    design_1_i/cnn_accel_top_0/inst/grp_dataflow_parent_loop_proc2_fu_316/dataflow_parent_loop_proc_U0/dataflow_in_loop_Row_Loop_1_U0/compute_and_write_row4_U0/grp_compute_and_write_row4_Pipeline_Acc_TileN_Conv_KY_Conv_KX_Conv_C_fu_306/add_33s_33s_33_1_1_U277/dout/CLK
    DSP48E2_X12Y20       DSP_OUTPUT                                   r  design_1_i/cnn_accel_top_0/inst/grp_dataflow_parent_loop_proc2_fu_316/dataflow_parent_loop_proc_U0/dataflow_in_loop_Row_Loop_1_U0/compute_and_write_row4_U0/grp_compute_and_write_row4_Pipeline_Acc_TileN_Conv_KY_Conv_KX_Conv_C_fu_306/add_33s_33s_33_1_1_U277/dout/DSP_OUTPUT_INST/CLK
                         clock pessimism              0.234    10.452    
                         clock uncertainty           -0.142    10.309    
    DSP48E2_X12Y20       DSP_OUTPUT (Setup_DSP_OUTPUT_DSP48E2_CLK_ALU_OUT[12])
                                                      0.014    10.323    design_1_i/cnn_accel_top_0/inst/grp_dataflow_parent_loop_proc2_fu_316/dataflow_parent_loop_proc_U0/dataflow_in_loop_Row_Loop_1_U0/compute_and_write_row4_U0/grp_compute_and_write_row4_Pipeline_Acc_TileN_Conv_KY_Conv_KX_Conv_C_fu_306/add_33s_33s_33_1_1_U277/dout/DSP_OUTPUT_INST
  -------------------------------------------------------------------
                         required time                         10.323    
                         arrival time                         -10.261    
  -------------------------------------------------------------------
                         slack                                  0.063    

Slack (MET) :             0.063ns  (required time - arrival time)
  Source:                 design_1_i/cnn_accel_top_0/inst/cnn_accel_top_short_const_short_short_const_short_const_int_int_int_i_U/genblk1[1].ram_reg_uram_0/CLK
                            (rising edge-triggered cell URAM288 clocked by clk_pl_0  {rise@0.000ns fall@3.500ns period=7.000ns})
  Destination:            design_1_i/cnn_accel_top_0/inst/grp_dataflow_parent_loop_proc2_fu_316/dataflow_parent_loop_proc_U0/dataflow_in_loop_Row_Loop_1_U0/compute_and_write_row4_U0/grp_compute_and_write_row4_Pipeline_Acc_TileN_Conv_KY_Conv_KX_Conv_C_fu_306/add_33s_33s_33_1_1_U277/dout/DSP_OUTPUT_INST/ALU_OUT[13]
                            (rising edge-triggered cell DSP_OUTPUT clocked by clk_pl_0  {rise@0.000ns fall@3.500ns period=7.000ns})
  Path Group:             clk_pl_0
  Path Type:              Setup (Max at Slow Process Corner)
  Requirement:            7.000ns  (clk_pl_0 rise@7.000ns - clk_pl_0 rise@0.000ns)
  Data Path Delay:        6.897ns  (logic 5.551ns (80.487%)  route 1.346ns (19.513%))
  Logic Levels:           10  (DSP_A_B_DATA=1 DSP_ALU=3 DSP_C_DATA=1 DSP_M_DATA=1 DSP_MULTIPLIER=1 DSP_OUTPUT=2 DSP_PREADD_DATA=1)
  Clock Path Skew:        0.088ns (DCD - SCD + CPR)
    Destination Clock Delay (DCD):    3.218ns = ( 10.218 - 7.000 ) 
    Source Clock Delay      (SCD):    3.364ns
    Clock Pessimism Removal (CPR):    0.234ns
  Clock Uncertainty:      0.142ns  ((TSJ^2 + DJ^2)^1/2) / 2 + PE
    Total System Jitter     (TSJ):    0.071ns
    Discrete Jitter          (DJ):    0.276ns
    Phase Error              (PE):    0.000ns
  Clock Net Delay (Source):      3.097ns (routing 1.584ns, distribution 1.513ns)
  Clock Net Delay (Destination): 3.002ns (routing 1.450ns, distribution 1.552ns)

    Location             Delay type                Incr(ns)  Path(ns)    Netlist Resource(s)
  -------------------------------------------------------------------    -------------------
                         (clock clk_pl_0 rise edge)
                                                      0.000     0.000 r  
    PS8_X0Y0             PS8                          0.000     0.000 r  design_1_i/zynq_ps/inst/PS8_i/PLCLK[0]
                         net (fo=1, routed)           0.229     0.229    design_1_i/zynq_ps/inst/pl_clk_unbuffered[0]
    BUFG_PS_X0Y80        BUFG_PS (Prop_BUFG_PS_I_O)
                                                      0.038     0.267 r  design_1_i/zynq_ps/inst/buffer_pl_clk_0.PL_CLK_0_BUFG/O
    X1Y1 (CLOCK_ROOT)    net (fo=31682, routed)       3.097     3.364    design_1_i/cnn_accel_top_0/inst/cnn_accel_top_short_const_short_short_const_short_const_int_int_int_i_U/ap_clk
    URAM288_X0Y14        URAM288                                      r  design_1_i/cnn_accel_top_0/inst/cnn_accel_top_short_const_short_short_const_short_const_int_int_int_i_U/genblk1[1].ram_reg_uram_0/CLK
  -------------------------------------------------------------------    -------------------
    URAM288_X0Y14        URAM288 (Prop_URAM_288K_INST_URAM288_CLK_DOUT_A[4])
                                                      1.698     5.062 f  design_1_i/cnn_accel_top_0/inst/cnn_accel_top_short_const_short_short_const_short_const_int_int_int_i_U/genblk1[1].ram_reg_uram_0/DOUT_A[4]
                         net (fo=2, routed)           0.488     5.550    design_1_i/cnn_accel_top_0/inst/grp_dataflow_parent_loop_proc2_fu_316/dataflow_parent_loop_proc_U0/dataflow_in_loop_Row_Loop_1_U0/compute_and_write_row4_U0/grp_compute_and_write_row4_Pipeline_Acc_TileN_Conv_KY_Conv_KX_Conv_C_fu_306/mul_16s_16s_32_1_1_U268/tmp_product/B[4]
    DSP48E2_X11Y19       DSP_A_B_DATA (Prop_DSP_A_B_DATA_DSP48E2_B[4]_B2_DATA[4])
                                                      0.216     5.766 r  design_1_i/cnn_accel_top_0/inst/grp_dataflow_parent_loop_proc2_fu_316/dataflow_parent_loop_proc_U0/dataflow_in_loop_Row_Loop_1_U0/compute_and_write_row4_U0/grp_compute_and_write_row4_Pipeline_Acc_TileN_Conv_KY_Conv_KX_Conv_C_fu_306/mul_16s_16s_32_1_1_U268/tmp_product/DSP_A_B_DATA_INST/B2_DATA[4]
                         net (fo=1, routed)           0.000     5.766    design_1_i/cnn_accel_top_0/inst/grp_dataflow_parent_loop_proc2_fu_316/dataflow_parent_loop_proc_U0/dataflow_in_loop_Row_Loop_1_U0/compute_and_write_row4_U0/grp_compute_and_write_row4_Pipeline_Acc_TileN_Conv_KY_Conv_KX_Conv_C_fu_306/mul_16s_16s_32_1_1_U268/tmp_product/DSP_A_B_DATA.B2_DATA<4>
    DSP48E2_X11Y19       DSP_PREADD_DATA (Prop_DSP_PREADD_DATA_DSP48E2_B2_DATA[4]_B2B1[4])
                                                      0.097     5.863 r  design_1_i/cnn_accel_top_0/inst/grp_dataflow_parent_loop_proc2_fu_316/dataflow_parent_loop_proc_U0/dataflow_in_loop_Row_Loop_1_U0/compute_and_write_row4_U0/grp_compute_and_write_row4_Pipeline_Acc_TileN_Conv_KY_Conv_KX_Conv_C_fu_306/mul_16s_16s_32_1_1_U268/tmp_product/DSP_PREADD_DATA_INST/B2B1[4]
                         net (fo=1, routed)           0.000     5.863    design_1_i/cnn_accel_top_0/inst/grp_dataflow_parent_loop_proc2_fu_316/dataflow_parent_loop_proc_U0/dataflow_in_loop_Row_Loop_1_U0/compute_and_write_row4_U0/grp_compute_and_write_row4_Pipeline_Acc_TileN_Conv_KY_Conv_KX_Conv_C_fu_306/mul_16s_16s_32_1_1_U268/tmp_product/DSP_PREADD_DATA.B2B1<4>
    DSP48E2_X11Y19       DSP_MULTIPLIER (Prop_DSP_MULTIPLIER_DSP48E2_B2B1[4]_U[12])
                                                      0.773     6.636 f  design_1_i/cnn_accel_top_0/inst/grp_dataflow_parent_loop_proc2_fu_316/dataflow_parent_loop_proc_U0/dataflow_in_loop_Row_Loop_1_U0/compute_and_write_row4_U0/grp_compute_and_write_row4_Pipeline_Acc_TileN_Conv_KY_Conv_KX_Conv_C_fu_306/mul_16s_16s_32_1_1_U268/tmp_product/DSP_MULTIPLIER_INST/U[12]
                         net (fo=1, routed)           0.000     6.636    design_1_i/cnn_accel_top_0/inst/grp_dataflow_parent_loop_proc2_fu_316/dataflow_parent_loop_proc_U0/dataflow_in_loop_Row_Loop_1_U0/compute_and_write_row4_U0/grp_compute_and_write_row4_Pipeline_Acc_TileN_Conv_KY_Conv_KX_Conv_C_fu_306/mul_16s_16s_32_1_1_U268/tmp_product/DSP_MULTIPLIER.U<12>
    DSP48E2_X11Y19       DSP_M_DATA (Prop_DSP_M_DATA_DSP48E2_U[12]_U_DATA[12])
                                                      0.067     6.703 r  design_1_i/cnn_accel_top_0/inst/grp_dataflow_parent_loop_proc2_fu_316/dataflow_parent_loop_proc_U0/dataflow_in_loop_Row_Loop_1_U0/compute_and_write_row4_U0/grp_compute_and_write_row4_Pipeline_Acc_TileN_Conv_KY_Conv_KX_Conv_C_fu_306/mul_16s_16s_32_1_1_U268/tmp_product/DSP_M_DATA_INST/U_DATA[12]
                         net (fo=1, routed)           0.000     6.703    design_1_i/cnn_accel_top_0/inst/grp_dataflow_parent_loop_proc2_fu_316/dataflow_parent_loop_proc_U0/dataflow_in_loop_Row_Loop_1_U0/compute_and_write_row4_U0/grp_compute_and_write_row4_Pipeline_Acc_TileN_Conv_KY_Conv_KX_Conv_C_fu_306/mul_16s_16s_32_1_1_U268/tmp_product/DSP_M_DATA.U_DATA<12>
    DSP48E2_X11Y19       DSP_ALU (Prop_DSP_ALU_DSP48E2_U_DATA[12]_ALU_OUT[12])
                                                      0.727     7.430 f  design_1_i/cnn_accel_top_0/inst/grp_dataflow_parent_loop_proc2_fu_316/dataflow_parent_loop_proc_U0/dataflow_in_loop_Row_Loop_1_U0/compute_and_write_row4_U0/grp_compute_and_write_row4_Pipeline_Acc_TileN_Conv_KY_Conv_KX_Conv_C_fu_306/mul_16s_16s_32_1_1_U268/tmp_product/DSP_ALU_INST/ALU_OUT[12]
                         net (fo=1, routed)           0.000     7.430    design_1_i/cnn_accel_top_0/inst/grp_dataflow_parent_loop_proc2_fu_316/dataflow_parent_loop_proc_U0/dataflow_in_loop_Row_Loop_1_U0/compute_and_write_row4_U0/grp_compute_and_write_row4_Pipeline_Acc_TileN_Conv_KY_Conv_KX_Conv_C_fu_306/mul_16s_16s_32_1_1_U268/tmp_product/DSP_ALU.ALU_OUT<12>
    DSP48E2_X11Y19       DSP_OUTPUT (Prop_DSP_OUTPUT_DSP48E2_ALU_OUT[12]_P[12])
                                                      0.146     7.576 r  design_1_i/cnn_accel_top_0/inst/grp_dataflow_parent_loop_proc2_fu_316/dataflow_parent_loop_proc_U0/dataflow_in_loop_Row_Loop_1_U0/compute_and_write_row4_U0/grp_compute_and_write_row4_Pipeline_Acc_TileN_Conv_KY_Conv_KX_Conv_C_fu_306/mul_16s_16s_32_1_1_U268/tmp_product/DSP_OUTPUT_INST/P[12]
                         net (fo=1, routed)           0.820     8.396    design_1_i/cnn_accel_top_0/inst/grp_dataflow_parent_loop_proc2_fu_316/dataflow_parent_loop_proc_U0/dataflow_in_loop_Row_Loop_1_U0/compute_and_write_row4_U0/grp_compute_and_write_row4_Pipeline_Acc_TileN_Conv_KY_Conv_KX_Conv_C_fu_306/add_33s_33s_33_1_1_U276/dout/C[12]
    DSP48E2_X12Y19       DSP_C_DATA (Prop_DSP_C_DATA_DSP48E2_C[12]_C_DATA[12])
                                                      0.135     8.531 r  design_1_i/cnn_accel_top_0/inst/grp_dataflow_parent_loop_proc2_fu_316/dataflow_parent_loop_proc_U0/dataflow_in_loop_Row_Loop_1_U0/compute_and_write_row4_U0/grp_compute_and_write_row4_Pipeline_Acc_TileN_Conv_KY_Conv_KX_Conv_C_fu_306/add_33s_33s_33_1_1_U276/dout/DSP_C_DATA_INST/C_DATA[12]
                         net (fo=2, routed)           0.000     8.531    design_1_i/cnn_accel_top_0/inst/grp_dataflow_parent_loop_proc2_fu_316/dataflow_parent_loop_proc_U0/dataflow_in_loop_Row_Loop_1_U0/compute_and_write_row4_U0/grp_compute_and_write_row4_Pipeline_Acc_TileN_Conv_KY_Conv_KX_Conv_C_fu_306/add_33s_33s_33_1_1_U276/dout/DSP_C_DATA.C_DATA<12>
    DSP48E2_X12Y19       DSP_ALU (Prop_DSP_ALU_DSP48E2_C_DATA[12]_ALU_OUT[47])
                                                      0.786     9.317 f  design_1_i/cnn_accel_top_0/inst/grp_dataflow_parent_loop_proc2_fu_316/dataflow_parent_loop_proc_U0/dataflow_in_loop_Row_Loop_1_U0/compute_and_write_row4_U0/grp_compute_and_write_row4_Pipeline_Acc_TileN_Conv_KY_Conv_KX_Conv_C_fu_306/add_33s_33s_33_1_1_U276/dout/DSP_ALU_INST/ALU_OUT[47]
                         net (fo=1, routed)           0.000     9.317    design_1_i/cnn_accel_top_0/inst/grp_dataflow_parent_loop_proc2_fu_316/dataflow_parent_loop_proc_U0/dataflow_in_loop_Row_Loop_1_U0/compute_and_write_row4_U0/grp_compute_and_write_row4_Pipeline_Acc_TileN_Conv_KY_Conv_KX_Conv_C_fu_306/add_33s_33s_33_1_1_U276/dout/DSP_ALU.ALU_OUT<47>
    DSP48E2_X12Y19       DSP_OUTPUT (Prop_DSP_OUTPUT_DSP48E2_ALU_OUT[47]_PCOUT[47])
                                                      0.167     9.484 r  design_1_i/cnn_accel_top_0/inst/grp_dataflow_parent_loop_proc2_fu_316/dataflow_parent_loop_proc_U0/dataflow_in_loop_Row_Loop_1_U0/compute_and_write_row4_U0/grp_compute_and_write_row4_Pipeline_Acc_TileN_Conv_KY_Conv_KX_Conv_C_fu_306/add_33s_33s_33_1_1_U276/dout/DSP_OUTPUT_INST/PCOUT[47]
                         net (fo=1, routed)           0.038     9.522    design_1_i/cnn_accel_top_0/inst/grp_dataflow_parent_loop_proc2_fu_316/dataflow_parent_loop_proc_U0/dataflow_in_loop_Row_Loop_1_U0/compute_and_write_row4_U0/grp_compute_and_write_row4_Pipeline_Acc_TileN_Conv_KY_Conv_KX_Conv_C_fu_306/add_33s_33s_33_1_1_U277/dout/PCIN[47]
    DSP48E2_X12Y20       DSP_ALU (Prop_DSP_ALU_DSP48E2_PCIN[47]_ALU_OUT[13])
                                                      0.739    10.261 r  design_1_i/cnn_accel_top_0/inst/grp_dataflow_parent_loop_proc2_fu_316/dataflow_parent_loop_proc_U0/dataflow_in_loop_Row_Loop_1_U0/compute_and_write_row4_U0/grp_compute_and_write_row4_Pipeline_Acc_TileN_Conv_KY_Conv_KX_Conv_C_fu_306/add_33s_33s_33_1_1_U277/dout/DSP_ALU_INST/ALU_OUT[13]
                         net (fo=1, routed)           0.000    10.261    design_1_i/cnn_accel_top_0/inst/grp_dataflow_parent_loop_proc2_fu_316/dataflow_parent_loop_proc_U0/dataflow_in_loop_Row_Loop_1_U0/compute_and_write_row4_U0/grp_compute_and_write_row4_Pipeline_Acc_TileN_Conv_KY_Conv_KX_Conv_C_fu_306/add_33s_33s_33_1_1_U277/dout/DSP_ALU.ALU_OUT<13>
    DSP48E2_X12Y20       DSP_OUTPUT                                   r  design_1_i/cnn_accel_top_0/inst/grp_dataflow_parent_loop_proc2_fu_316/dataflow_parent_loop_proc_U0/dataflow_in_loop_Row_Loop_1_U0/compute_and_write_row4_U0/grp_compute_and_write_row4_Pipeline_Acc_TileN_Conv_KY_Conv_KX_Conv_C_fu_306/add_33s_33s_33_1_1_U277/dout/DSP_OUTPUT_INST/ALU_OUT[13]
  -------------------------------------------------------------------    -------------------

                         (clock clk_pl_0 rise edge)
                                                      7.000     7.000 r  
    PS8_X0Y0             PS8                          0.000     7.000 r  design_1_i/zynq_ps/inst/PS8_i/PLCLK[0]
                         net (fo=1, routed)           0.181     7.181    design_1_i/zynq_ps/inst/pl_clk_unbuffered[0]
    BUFG_PS_X0Y80        BUFG_PS (Prop_BUFG_PS_I_O)
                                                      0.035     7.216 r  design_1_i/zynq_ps/inst/buffer_pl_clk_0.PL_CLK_0_BUFG/O
    X1Y1 (CLOCK_ROOT)    net (fo=31682, routed)       3.002    10.218    design_1_i/cnn_accel_top_0/inst/grp_dataflow_parent_loop_proc2_fu_316/dataflow_parent_loop_proc_U0/dataflow_in_loop_Row_Loop_1_U0/compute_and_write_row4_U0/grp_compute_and_write_row4_Pipeline_Acc_TileN_Conv_KY_Conv_KX_Conv_C_fu_306/add_33s_33s_33_1_1_U277/dout/CLK
    DSP48E2_X12Y20       DSP_OUTPUT                                   r  design_1_i/cnn_accel_top_0/inst/grp_dataflow_parent_loop_proc2_fu_316/dataflow_parent_loop_proc_U0/dataflow_in_loop_Row_Loop_1_U0/compute_and_write_row4_U0/grp_compute_and_write_row4_Pipeline_Acc_TileN_Conv_KY_Conv_KX_Conv_C_fu_306/add_33s_33s_33_1_1_U277/dout/DSP_OUTPUT_INST/CLK
                         clock pessimism              0.234    10.452    
                         clock uncertainty           -0.142    10.309    
    DSP48E2_X12Y20       DSP_OUTPUT (Setup_DSP_OUTPUT_DSP48E2_CLK_ALU_OUT[13])
                                                      0.014    10.323    design_1_i/cnn_accel_top_0/inst/grp_dataflow_parent_loop_proc2_fu_316/dataflow_parent_loop_proc_U0/dataflow_in_loop_Row_Loop_1_U0/compute_and_write_row4_U0/grp_compute_and_write_row4_Pipeline_Acc_TileN_Conv_KY_Conv_KX_Conv_C_fu_306/add_33s_33s_33_1_1_U277/dout/DSP_OUTPUT_INST
  -------------------------------------------------------------------
                         required time                         10.323    
                         arrival time                         -10.261    
  -------------------------------------------------------------------
                         slack                                  0.063    

Slack (MET) :             0.063ns  (required time - arrival time)
  Source:                 design_1_i/cnn_accel_top_0/inst/cnn_accel_top_short_const_short_short_const_short_const_int_int_int_i_U/genblk1[1].ram_reg_uram_0/CLK
                            (rising edge-triggered cell URAM288 clocked by clk_pl_0  {rise@0.000ns fall@3.500ns period=7.000ns})
  Destination:            design_1_i/cnn_accel_top_0/inst/grp_dataflow_parent_loop_proc2_fu_316/dataflow_parent_loop_proc_U0/dataflow_in_loop_Row_Loop_1_U0/compute_and_write_row4_U0/grp_compute_and_write_row4_Pipeline_Acc_TileN_Conv_KY_Conv_KX_Conv_C_fu_306/add_33s_33s_33_1_1_U277/dout/DSP_OUTPUT_INST/ALU_OUT[14]
                            (rising edge-triggered cell DSP_OUTPUT clocked by clk_pl_0  {rise@0.000ns fall@3.500ns period=7.000ns})
  Path Group:             clk_pl_0
  Path Type:              Setup (Max at Slow Process Corner)
  Requirement:            7.000ns  (clk_pl_0 rise@7.000ns - clk_pl_0 rise@0.000ns)
  Data Path Delay:        6.897ns  (logic 5.551ns (80.487%)  route 1.346ns (19.513%))
  Logic Levels:           10  (DSP_A_B_DATA=1 DSP_ALU=3 DSP_C_DATA=1 DSP_M_DATA=1 DSP_MULTIPLIER=1 DSP_OUTPUT=2 DSP_PREADD_DATA=1)
  Clock Path Skew:        0.088ns (DCD - SCD + CPR)
    Destination Clock Delay (DCD):    3.218ns = ( 10.218 - 7.000 ) 
    Source Clock Delay      (SCD):    3.364ns
    Clock Pessimism Removal (CPR):    0.234ns
  Clock Uncertainty:      0.142ns  ((TSJ^2 + DJ^2)^1/2) / 2 + PE
    Total System Jitter     (TSJ):    0.071ns
    Discrete Jitter          (DJ):    0.276ns
    Phase Error              (PE):    0.000ns
  Clock Net Delay (Source):      3.097ns (routing 1.584ns, distribution 1.513ns)
  Clock Net Delay (Destination): 3.002ns (routing 1.450ns, distribution 1.552ns)

    Location             Delay type                Incr(ns)  Path(ns)    Netlist Resource(s)
  -------------------------------------------------------------------    -------------------
                         (clock clk_pl_0 rise edge)
                                                      0.000     0.000 r  
    PS8_X0Y0             PS8                          0.000     0.000 r  design_1_i/zynq_ps/inst/PS8_i/PLCLK[0]
                         net (fo=1, routed)           0.229     0.229    design_1_i/zynq_ps/inst/pl_clk_unbuffered[0]
    BUFG_PS_X0Y80        BUFG_PS (Prop_BUFG_PS_I_O)
                                                      0.038     0.267 r  design_1_i/zynq_ps/inst/buffer_pl_clk_0.PL_CLK_0_BUFG/O
    X1Y1 (CLOCK_ROOT)    net (fo=31682, routed)       3.097     3.364    design_1_i/cnn_accel_top_0/inst/cnn_accel_top_short_const_short_short_const_short_const_int_int_int_i_U/ap_clk
    URAM288_X0Y14        URAM288                                      r  design_1_i/cnn_accel_top_0/inst/cnn_accel_top_short_const_short_short_const_short_const_int_int_int_i_U/genblk1[1].ram_reg_uram_0/CLK
  -------------------------------------------------------------------    -------------------
    URAM288_X0Y14        URAM288 (Prop_URAM_288K_INST_URAM288_CLK_DOUT_A[4])
                                                      1.698     5.062 f  design_1_i/cnn_accel_top_0/inst/cnn_accel_top_short_const_short_short_const_short_const_int_int_int_i_U/genblk1[1].ram_reg_uram_0/DOUT_A[4]
                         net (fo=2, routed)           0.488     5.550    design_1_i/cnn_accel_top_0/inst/grp_dataflow_parent_loop_proc2_fu_316/dataflow_parent_loop_proc_U0/dataflow_in_loop_Row_Loop_1_U0/compute_and_write_row4_U0/grp_compute_and_write_row4_Pipeline_Acc_TileN_Conv_KY_Conv_KX_Conv_C_fu_306/mul_16s_16s_32_1_1_U268/tmp_product/B[4]
    DSP48E2_X11Y19       DSP_A_B_DATA (Prop_DSP_A_B_DATA_DSP48E2_B[4]_B2_DATA[4])
                                                      0.216     5.766 r  design_1_i/cnn_accel_top_0/inst/grp_dataflow_parent_loop_proc2_fu_316/dataflow_parent_loop_proc_U0/dataflow_in_loop_Row_Loop_1_U0/compute_and_write_row4_U0/grp_compute_and_write_row4_Pipeline_Acc_TileN_Conv_KY_Conv_KX_Conv_C_fu_306/mul_16s_16s_32_1_1_U268/tmp_product/DSP_A_B_DATA_INST/B2_DATA[4]
                         net (fo=1, routed)           0.000     5.766    design_1_i/cnn_accel_top_0/inst/grp_dataflow_parent_loop_proc2_fu_316/dataflow_parent_loop_proc_U0/dataflow_in_loop_Row_Loop_1_U0/compute_and_write_row4_U0/grp_compute_and_write_row4_Pipeline_Acc_TileN_Conv_KY_Conv_KX_Conv_C_fu_306/mul_16s_16s_32_1_1_U268/tmp_product/DSP_A_B_DATA.B2_DATA<4>
    DSP48E2_X11Y19       DSP_PREADD_DATA (Prop_DSP_PREADD_DATA_DSP48E2_B2_DATA[4]_B2B1[4])
                                                      0.097     5.863 r  design_1_i/cnn_accel_top_0/inst/grp_dataflow_parent_loop_proc2_fu_316/dataflow_parent_loop_proc_U0/dataflow_in_loop_Row_Loop_1_U0/compute_and_write_row4_U0/grp_compute_and_write_row4_Pipeline_Acc_TileN_Conv_KY_Conv_KX_Conv_C_fu_306/mul_16s_16s_32_1_1_U268/tmp_product/DSP_PREADD_DATA_INST/B2B1[4]
                         net (fo=1, routed)           0.000     5.863    design_1_i/cnn_accel_top_0/inst/grp_dataflow_parent_loop_proc2_fu_316/dataflow_parent_loop_proc_U0/dataflow_in_loop_Row_Loop_1_U0/compute_and_write_row4_U0/grp_compute_and_write_row4_Pipeline_Acc_TileN_Conv_KY_Conv_KX_Conv_C_fu_306/mul_16s_16s_32_1_1_U268/tmp_product/DSP_PREADD_DATA.B2B1<4>
    DSP48E2_X11Y19       DSP_MULTIPLIER (Prop_DSP_MULTIPLIER_DSP48E2_B2B1[4]_U[12])
                                                      0.773     6.636 f  design_1_i/cnn_accel_top_0/inst/grp_dataflow_parent_loop_proc2_fu_316/dataflow_parent_loop_proc_U0/dataflow_in_loop_Row_Loop_1_U0/compute_and_write_row4_U0/grp_compute_and_write_row4_Pipeline_Acc_TileN_Conv_KY_Conv_KX_Conv_C_fu_306/mul_16s_16s_32_1_1_U268/tmp_product/DSP_MULTIPLIER_INST/U[12]
                         net (fo=1, routed)           0.000     6.636    design_1_i/cnn_accel_top_0/inst/grp_dataflow_parent_loop_proc2_fu_316/dataflow_parent_loop_proc_U0/dataflow_in_loop_Row_Loop_1_U0/compute_and_write_row4_U0/grp_compute_and_write_row4_Pipeline_Acc_TileN_Conv_KY_Conv_KX_Conv_C_fu_306/mul_16s_16s_32_1_1_U268/tmp_product/DSP_MULTIPLIER.U<12>
    DSP48E2_X11Y19       DSP_M_DATA (Prop_DSP_M_DATA_DSP48E2_U[12]_U_DATA[12])
                                                      0.067     6.703 r  design_1_i/cnn_accel_top_0/inst/grp_dataflow_parent_loop_proc2_fu_316/dataflow_parent_loop_proc_U0/dataflow_in_loop_Row_Loop_1_U0/compute_and_write_row4_U0/grp_compute_and_write_row4_Pipeline_Acc_TileN_Conv_KY_Conv_KX_Conv_C_fu_306/mul_16s_16s_32_1_1_U268/tmp_product/DSP_M_DATA_INST/U_DATA[12]
                         net (fo=1, routed)           0.000     6.703    design_1_i/cnn_accel_top_0/inst/grp_dataflow_parent_loop_proc2_fu_316/dataflow_parent_loop_proc_U0/dataflow_in_loop_Row_Loop_1_U0/compute_and_write_row4_U0/grp_compute_and_write_row4_Pipeline_Acc_TileN_Conv_KY_Conv_KX_Conv_C_fu_306/mul_16s_16s_32_1_1_U268/tmp_product/DSP_M_DATA.U_DATA<12>
    DSP48E2_X11Y19       DSP_ALU (Prop_DSP_ALU_DSP48E2_U_DATA[12]_ALU_OUT[12])
                                                      0.727     7.430 f  design_1_i/cnn_accel_top_0/inst/grp_dataflow_parent_loop_proc2_fu_316/dataflow_parent_loop_proc_U0/dataflow_in_loop_Row_Loop_1_U0/compute_and_write_row4_U0/grp_compute_and_write_row4_Pipeline_Acc_TileN_Conv_KY_Conv_KX_Conv_C_fu_306/mul_16s_16s_32_1_1_U268/tmp_product/DSP_ALU_INST/ALU_OUT[12]
                         net (fo=1, routed)           0.000     7.430    design_1_i/cnn_accel_top_0/inst/grp_dataflow_parent_loop_proc2_fu_316/dataflow_parent_loop_proc_U0/dataflow_in_loop_Row_Loop_1_U0/compute_and_write_row4_U0/grp_compute_and_write_row4_Pipeline_Acc_TileN_Conv_KY_Conv_KX_Conv_C_fu_306/mul_16s_16s_32_1_1_U268/tmp_product/DSP_ALU.ALU_OUT<12>
    DSP48E2_X11Y19       DSP_OUTPUT (Prop_DSP_OUTPUT_DSP48E2_ALU_OUT[12]_P[12])
                                                      0.146     7.576 r  design_1_i/cnn_accel_top_0/inst/grp_dataflow_parent_loop_proc2_fu_316/dataflow_parent_loop_proc_U0/dataflow_in_loop_Row_Loop_1_U0/compute_and_write_row4_U0/grp_compute_and_write_row4_Pipeline_Acc_TileN_Conv_KY_Conv_KX_Conv_C_fu_306/mul_16s_16s_32_1_1_U268/tmp_product/DSP_OUTPUT_INST/P[12]
                         net (fo=1, routed)           0.820     8.396    design_1_i/cnn_accel_top_0/inst/grp_dataflow_parent_loop_proc2_fu_316/dataflow_parent_loop_proc_U0/dataflow_in_loop_Row_Loop_1_U0/compute_and_write_row4_U0/grp_compute_and_write_row4_Pipeline_Acc_TileN_Conv_KY_Conv_KX_Conv_C_fu_306/add_33s_33s_33_1_1_U276/dout/C[12]
    DSP48E2_X12Y19       DSP_C_DATA (Prop_DSP_C_DATA_DSP48E2_C[12]_C_DATA[12])
                                                      0.135     8.531 r  design_1_i/cnn_accel_top_0/inst/grp_dataflow_parent_loop_proc2_fu_316/dataflow_parent_loop_proc_U0/dataflow_in_loop_Row_Loop_1_U0/compute_and_write_row4_U0/grp_compute_and_write_row4_Pipeline_Acc_TileN_Conv_KY_Conv_KX_Conv_C_fu_306/add_33s_33s_33_1_1_U276/dout/DSP_C_DATA_INST/C_DATA[12]
                         net (fo=2, routed)           0.000     8.531    design_1_i/cnn_accel_top_0/inst/grp_dataflow_parent_loop_proc2_fu_316/dataflow_parent_loop_proc_U0/dataflow_in_loop_Row_Loop_1_U0/compute_and_write_row4_U0/grp_compute_and_write_row4_Pipeline_Acc_TileN_Conv_KY_Conv_KX_Conv_C_fu_306/add_33s_33s_33_1_1_U276/dout/DSP_C_DATA.C_DATA<12>
    DSP48E2_X12Y19       DSP_ALU (Prop_DSP_ALU_DSP48E2_C_DATA[12]_ALU_OUT[47])
                                                      0.786     9.317 f  design_1_i/cnn_accel_top_0/inst/grp_dataflow_parent_loop_proc2_fu_316/dataflow_parent_loop_proc_U0/dataflow_in_loop_Row_Loop_1_U0/compute_and_write_row4_U0/grp_compute_and_write_row4_Pipeline_Acc_TileN_Conv_KY_Conv_KX_Conv_C_fu_306/add_33s_33s_33_1_1_U276/dout/DSP_ALU_INST/ALU_OUT[47]
                         net (fo=1, routed)           0.000     9.317    design_1_i/cnn_accel_top_0/inst/grp_dataflow_parent_loop_proc2_fu_316/dataflow_parent_loop_proc_U0/dataflow_in_loop_Row_Loop_1_U0/compute_and_write_row4_U0/grp_compute_and_write_row4_Pipeline_Acc_TileN_Conv_KY_Conv_KX_Conv_C_fu_306/add_33s_33s_33_1_1_U276/dout/DSP_ALU.ALU_OUT<47>
    DSP48E2_X12Y19       DSP_OUTPUT (Prop_DSP_OUTPUT_DSP48E2_ALU_OUT[47]_PCOUT[47])
                                                      0.167     9.484 r  design_1_i/cnn_accel_top_0/inst/grp_dataflow_parent_loop_proc2_fu_316/dataflow_parent_loop_proc_U0/dataflow_in_loop_Row_Loop_1_U0/compute_and_write_row4_U0/grp_compute_and_write_row4_Pipeline_Acc_TileN_Conv_KY_Conv_KX_Conv_C_fu_306/add_33s_33s_33_1_1_U276/dout/DSP_OUTPUT_INST/PCOUT[47]
                         net (fo=1, routed)           0.038     9.522    design_1_i/cnn_accel_top_0/inst/grp_dataflow_parent_loop_proc2_fu_316/dataflow_parent_loop_proc_U0/dataflow_in_loop_Row_Loop_1_U0/compute_and_write_row4_U0/grp_compute_and_write_row4_Pipeline_Acc_TileN_Conv_KY_Conv_KX_Conv_C_fu_306/add_33s_33s_33_1_1_U277/dout/PCIN[47]
    DSP48E2_X12Y20       DSP_ALU (Prop_DSP_ALU_DSP48E2_PCIN[47]_ALU_OUT[14])
                                                      0.739    10.261 r  design_1_i/cnn_accel_top_0/inst/grp_dataflow_parent_loop_proc2_fu_316/dataflow_parent_loop_proc_U0/dataflow_in_loop_Row_Loop_1_U0/compute_and_write_row4_U0/grp_compute_and_write_row4_Pipeline_Acc_TileN_Conv_KY_Conv_KX_Conv_C_fu_306/add_33s_33s_33_1_1_U277/dout/DSP_ALU_INST/ALU_OUT[14]
                         net (fo=1, routed)           0.000    10.261    design_1_i/cnn_accel_top_0/inst/grp_dataflow_parent_loop_proc2_fu_316/dataflow_parent_loop_proc_U0/dataflow_in_loop_Row_Loop_1_U0/compute_and_write_row4_U0/grp_compute_and_write_row4_Pipeline_Acc_TileN_Conv_KY_Conv_KX_Conv_C_fu_306/add_33s_33s_33_1_1_U277/dout/DSP_ALU.ALU_OUT<14>
    DSP48E2_X12Y20       DSP_OUTPUT                                   r  design_1_i/cnn_accel_top_0/inst/grp_dataflow_parent_loop_proc2_fu_316/dataflow_parent_loop_proc_U0/dataflow_in_loop_Row_Loop_1_U0/compute_and_write_row4_U0/grp_compute_and_write_row4_Pipeline_Acc_TileN_Conv_KY_Conv_KX_Conv_C_fu_306/add_33s_33s_33_1_1_U277/dout/DSP_OUTPUT_INST/ALU_OUT[14]
  -------------------------------------------------------------------    -------------------

                         (clock clk_pl_0 rise edge)
                                                      7.000     7.000 r  
    PS8_X0Y0             PS8                          0.000     7.000 r  design_1_i/zynq_ps/inst/PS8_i/PLCLK[0]
                         net (fo=1, routed)           0.181     7.181    design_1_i/zynq_ps/inst/pl_clk_unbuffered[0]
    BUFG_PS_X0Y80        BUFG_PS (Prop_BUFG_PS_I_O)
                                                      0.035     7.216 r  design_1_i/zynq_ps/inst/buffer_pl_clk_0.PL_CLK_0_BUFG/O
    X1Y1 (CLOCK_ROOT)    net (fo=31682, routed)       3.002    10.218    design_1_i/cnn_accel_top_0/inst/grp_dataflow_parent_loop_proc2_fu_316/dataflow_parent_loop_proc_U0/dataflow_in_loop_Row_Loop_1_U0/compute_and_write_row4_U0/grp_compute_and_write_row4_Pipeline_Acc_TileN_Conv_KY_Conv_KX_Conv_C_fu_306/add_33s_33s_33_1_1_U277/dout/CLK
    DSP48E2_X12Y20       DSP_OUTPUT                                   r  design_1_i/cnn_accel_top_0/inst/grp_dataflow_parent_loop_proc2_fu_316/dataflow_parent_loop_proc_U0/dataflow_in_loop_Row_Loop_1_U0/compute_and_write_row4_U0/grp_compute_and_write_row4_Pipeline_Acc_TileN_Conv_KY_Conv_KX_Conv_C_fu_306/add_33s_33s_33_1_1_U277/dout/DSP_OUTPUT_INST/CLK
                         clock pessimism              0.234    10.452    
                         clock uncertainty           -0.142    10.309    
    DSP48E2_X12Y20       DSP_OUTPUT (Setup_DSP_OUTPUT_DSP48E2_CLK_ALU_OUT[14])
                                                      0.014    10.323    design_1_i/cnn_accel_top_0/inst/grp_dataflow_parent_loop_proc2_fu_316/dataflow_parent_loop_proc_U0/dataflow_in_loop_Row_Loop_1_U0/compute_and_write_row4_U0/grp_compute_and_write_row4_Pipeline_Acc_TileN_Conv_KY_Conv_KX_Conv_C_fu_306/add_33s_33s_33_1_1_U277/dout/DSP_OUTPUT_INST
  -------------------------------------------------------------------
                         required time                         10.323    
                         arrival time                         -10.261    
  -------------------------------------------------------------------
                         slack                                  0.063    

Slack (MET) :             0.063ns  (required time - arrival time)
  Source:                 design_1_i/cnn_accel_top_0/inst/cnn_accel_top_short_const_short_short_const_short_const_int_int_int_i_U/genblk1[1].ram_reg_uram_0/CLK
                            (rising edge-triggered cell URAM288 clocked by clk_pl_0  {rise@0.000ns fall@3.500ns period=7.000ns})
  Destination:            design_1_i/cnn_accel_top_0/inst/grp_dataflow_parent_loop_proc2_fu_316/dataflow_parent_loop_proc_U0/dataflow_in_loop_Row_Loop_1_U0/compute_and_write_row4_U0/grp_compute_and_write_row4_Pipeline_Acc_TileN_Conv_KY_Conv_KX_Conv_C_fu_306/add_33s_33s_33_1_1_U277/dout/DSP_OUTPUT_INST/ALU_OUT[15]
                            (rising edge-triggered cell DSP_OUTPUT clocked by clk_pl_0  {rise@0.000ns fall@3.500ns period=7.000ns})
  Path Group:             clk_pl_0
  Path Type:              Setup (Max at Slow Process Corner)
  Requirement:            7.000ns  (clk_pl_0 rise@7.000ns - clk_pl_0 rise@0.000ns)
  Data Path Delay:        6.897ns  (logic 5.551ns (80.487%)  route 1.346ns (19.513%))
  Logic Levels:           10  (DSP_A_B_DATA=1 DSP_ALU=3 DSP_C_DATA=1 DSP_M_DATA=1 DSP_MULTIPLIER=1 DSP_OUTPUT=2 DSP_PREADD_DATA=1)
  Clock Path Skew:        0.088ns (DCD - SCD + CPR)
    Destination Clock Delay (DCD):    3.218ns = ( 10.218 - 7.000 ) 
    Source Clock Delay      (SCD):    3.364ns
    Clock Pessimism Removal (CPR):    0.234ns
  Clock Uncertainty:      0.142ns  ((TSJ^2 + DJ^2)^1/2) / 2 + PE
    Total System Jitter     (TSJ):    0.071ns
    Discrete Jitter          (DJ):    0.276ns
    Phase Error              (PE):    0.000ns
  Clock Net Delay (Source):      3.097ns (routing 1.584ns, distribution 1.513ns)
  Clock Net Delay (Destination): 3.002ns (routing 1.450ns, distribution 1.552ns)

    Location             Delay type                Incr(ns)  Path(ns)    Netlist Resource(s)
  -------------------------------------------------------------------    -------------------
                         (clock clk_pl_0 rise edge)
                                                      0.000     0.000 r  
    PS8_X0Y0             PS8                          0.000     0.000 r  design_1_i/zynq_ps/inst/PS8_i/PLCLK[0]
                         net (fo=1, routed)           0.229     0.229    design_1_i/zynq_ps/inst/pl_clk_unbuffered[0]
    BUFG_PS_X0Y80        BUFG_PS (Prop_BUFG_PS_I_O)
                                                      0.038     0.267 r  design_1_i/zynq_ps/inst/buffer_pl_clk_0.PL_CLK_0_BUFG/O
    X1Y1 (CLOCK_ROOT)    net (fo=31682, routed)       3.097     3.364    design_1_i/cnn_accel_top_0/inst/cnn_accel_top_short_const_short_short_const_short_const_int_int_int_i_U/ap_clk
    URAM288_X0Y14        URAM288                                      r  design_1_i/cnn_accel_top_0/inst/cnn_accel_top_short_const_short_short_const_short_const_int_int_int_i_U/genblk1[1].ram_reg_uram_0/CLK
  -------------------------------------------------------------------    -------------------
    URAM288_X0Y14        URAM288 (Prop_URAM_288K_INST_URAM288_CLK_DOUT_A[4])
                                                      1.698     5.062 f  design_1_i/cnn_accel_top_0/inst/cnn_accel_top_short_const_short_short_const_short_const_int_int_int_i_U/genblk1[1].ram_reg_uram_0/DOUT_A[4]
                         net (fo=2, routed)           0.488     5.550    design_1_i/cnn_accel_top_0/inst/grp_dataflow_parent_loop_proc2_fu_316/dataflow_parent_loop_proc_U0/dataflow_in_loop_Row_Loop_1_U0/compute_and_write_row4_U0/grp_compute_and_write_row4_Pipeline_Acc_TileN_Conv_KY_Conv_KX_Conv_C_fu_306/mul_16s_16s_32_1_1_U268/tmp_product/B[4]
    DSP48E2_X11Y19       DSP_A_B_DATA (Prop_DSP_A_B_DATA_DSP48E2_B[4]_B2_DATA[4])
                                                      0.216     5.766 r  design_1_i/cnn_accel_top_0/inst/grp_dataflow_parent_loop_proc2_fu_316/dataflow_parent_loop_proc_U0/dataflow_in_loop_Row_Loop_1_U0/compute_and_write_row4_U0/grp_compute_and_write_row4_Pipeline_Acc_TileN_Conv_KY_Conv_KX_Conv_C_fu_306/mul_16s_16s_32_1_1_U268/tmp_product/DSP_A_B_DATA_INST/B2_DATA[4]
                         net (fo=1, routed)           0.000     5.766    design_1_i/cnn_accel_top_0/inst/grp_dataflow_parent_loop_proc2_fu_316/dataflow_parent_loop_proc_U0/dataflow_in_loop_Row_Loop_1_U0/compute_and_write_row4_U0/grp_compute_and_write_row4_Pipeline_Acc_TileN_Conv_KY_Conv_KX_Conv_C_fu_306/mul_16s_16s_32_1_1_U268/tmp_product/DSP_A_B_DATA.B2_DATA<4>
    DSP48E2_X11Y19       DSP_PREADD_DATA (Prop_DSP_PREADD_DATA_DSP48E2_B2_DATA[4]_B2B1[4])
                                                      0.097     5.863 r  design_1_i/cnn_accel_top_0/inst/grp_dataflow_parent_loop_proc2_fu_316/dataflow_parent_loop_proc_U0/dataflow_in_loop_Row_Loop_1_U0/compute_and_write_row4_U0/grp_compute_and_write_row4_Pipeline_Acc_TileN_Conv_KY_Conv_KX_Conv_C_fu_306/mul_16s_16s_32_1_1_U268/tmp_product/DSP_PREADD_DATA_INST/B2B1[4]
                         net (fo=1, routed)           0.000     5.863    design_1_i/cnn_accel_top_0/inst/grp_dataflow_parent_loop_proc2_fu_316/dataflow_parent_loop_proc_U0/dataflow_in_loop_Row_Loop_1_U0/compute_and_write_row4_U0/grp_compute_and_write_row4_Pipeline_Acc_TileN_Conv_KY_Conv_KX_Conv_C_fu_306/mul_16s_16s_32_1_1_U268/tmp_product/DSP_PREADD_DATA.B2B1<4>
    DSP48E2_X11Y19       DSP_MULTIPLIER (Prop_DSP_MULTIPLIER_DSP48E2_B2B1[4]_U[12])
                                                      0.773     6.636 f  design_1_i/cnn_accel_top_0/inst/grp_dataflow_parent_loop_proc2_fu_316/dataflow_parent_loop_proc_U0/dataflow_in_loop_Row_Loop_1_U0/compute_and_write_row4_U0/grp_compute_and_write_row4_Pipeline_Acc_TileN_Conv_KY_Conv_KX_Conv_C_fu_306/mul_16s_16s_32_1_1_U268/tmp_product/DSP_MULTIPLIER_INST/U[12]
                         net (fo=1, routed)           0.000     6.636    design_1_i/cnn_accel_top_0/inst/grp_dataflow_parent_loop_proc2_fu_316/dataflow_parent_loop_proc_U0/dataflow_in_loop_Row_Loop_1_U0/compute_and_write_row4_U0/grp_compute_and_write_row4_Pipeline_Acc_TileN_Conv_KY_Conv_KX_Conv_C_fu_306/mul_16s_16s_32_1_1_U268/tmp_product/DSP_MULTIPLIER.U<12>
    DSP48E2_X11Y19       DSP_M_DATA (Prop_DSP_M_DATA_DSP48E2_U[12]_U_DATA[12])
                                                      0.067     6.703 r  design_1_i/cnn_accel_top_0/inst/grp_dataflow_parent_loop_proc2_fu_316/dataflow_parent_loop_proc_U0/dataflow_in_loop_Row_Loop_1_U0/compute_and_write_row4_U0/grp_compute_and_write_row4_Pipeline_Acc_TileN_Conv_KY_Conv_KX_Conv_C_fu_306/mul_16s_16s_32_1_1_U268/tmp_product/DSP_M_DATA_INST/U_DATA[12]
                         net (fo=1, routed)           0.000     6.703    design_1_i/cnn_accel_top_0/inst/grp_dataflow_parent_loop_proc2_fu_316/dataflow_parent_loop_proc_U0/dataflow_in_loop_Row_Loop_1_U0/compute_and_write_row4_U0/grp_compute_and_write_row4_Pipeline_Acc_TileN_Conv_KY_Conv_KX_Conv_C_fu_306/mul_16s_16s_32_1_1_U268/tmp_product/DSP_M_DATA.U_DATA<12>
    DSP48E2_X11Y19       DSP_ALU (Prop_DSP_ALU_DSP48E2_U_DATA[12]_ALU_OUT[12])
                                                      0.727     7.430 f  design_1_i/cnn_accel_top_0/inst/grp_dataflow_parent_loop_proc2_fu_316/dataflow_parent_loop_proc_U0/dataflow_in_loop_Row_Loop_1_U0/compute_and_write_row4_U0/grp_compute_and_write_row4_Pipeline_Acc_TileN_Conv_KY_Conv_KX_Conv_C_fu_306/mul_16s_16s_32_1_1_U268/tmp_product/DSP_ALU_INST/ALU_OUT[12]
                         net (fo=1, routed)           0.000     7.430    design_1_i/cnn_accel_top_0/inst/grp_dataflow_parent_loop_proc2_fu_316/dataflow_parent_loop_proc_U0/dataflow_in_loop_Row_Loop_1_U0/compute_and_write_row4_U0/grp_compute_and_write_row4_Pipeline_Acc_TileN_Conv_KY_Conv_KX_Conv_C_fu_306/mul_16s_16s_32_1_1_U268/tmp_product/DSP_ALU.ALU_OUT<12>
    DSP48E2_X11Y19       DSP_OUTPUT (Prop_DSP_OUTPUT_DSP48E2_ALU_OUT[12]_P[12])
                                                      0.146     7.576 r  design_1_i/cnn_accel_top_0/inst/grp_dataflow_parent_loop_proc2_fu_316/dataflow_parent_loop_proc_U0/dataflow_in_loop_Row_Loop_1_U0/compute_and_write_row4_U0/grp_compute_and_write_row4_Pipeline_Acc_TileN_Conv_KY_Conv_KX_Conv_C_fu_306/mul_16s_16s_32_1_1_U268/tmp_product/DSP_OUTPUT_INST/P[12]
                         net (fo=1, routed)           0.820     8.396    design_1_i/cnn_accel_top_0/inst/grp_dataflow_parent_loop_proc2_fu_316/dataflow_parent_loop_proc_U0/dataflow_in_loop_Row_Loop_1_U0/compute_and_write_row4_U0/grp_compute_and_write_row4_Pipeline_Acc_TileN_Conv_KY_Conv_KX_Conv_C_fu_306/add_33s_33s_33_1_1_U276/dout/C[12]
    DSP48E2_X12Y19       DSP_C_DATA (Prop_DSP_C_DATA_DSP48E2_C[12]_C_DATA[12])
                                                      0.135     8.531 r  design_1_i/cnn_accel_top_0/inst/grp_dataflow_parent_loop_proc2_fu_316/dataflow_parent_loop_proc_U0/dataflow_in_loop_Row_Loop_1_U0/compute_and_write_row4_U0/grp_compute_and_write_row4_Pipeline_Acc_TileN_Conv_KY_Conv_KX_Conv_C_fu_306/add_33s_33s_33_1_1_U276/dout/DSP_C_DATA_INST/C_DATA[12]
                         net (fo=2, routed)           0.000     8.531    design_1_i/cnn_accel_top_0/inst/grp_dataflow_parent_loop_proc2_fu_316/dataflow_parent_loop_proc_U0/dataflow_in_loop_Row_Loop_1_U0/compute_and_write_row4_U0/grp_compute_and_write_row4_Pipeline_Acc_TileN_Conv_KY_Conv_KX_Conv_C_fu_306/add_33s_33s_33_1_1_U276/dout/DSP_C_DATA.C_DATA<12>
    DSP48E2_X12Y19       DSP_ALU (Prop_DSP_ALU_DSP48E2_C_DATA[12]_ALU_OUT[47])
                                                      0.786     9.317 f  design_1_i/cnn_accel_top_0/inst/grp_dataflow_parent_loop_proc2_fu_316/dataflow_parent_loop_proc_U0/dataflow_in_loop_Row_Loop_1_U0/compute_and_write_row4_U0/grp_compute_and_write_row4_Pipeline_Acc_TileN_Conv_KY_Conv_KX_Conv_C_fu_306/add_33s_33s_33_1_1_U276/dout/DSP_ALU_INST/ALU_OUT[47]
                         net (fo=1, routed)           0.000     9.317    design_1_i/cnn_accel_top_0/inst/grp_dataflow_parent_loop_proc2_fu_316/dataflow_parent_loop_proc_U0/dataflow_in_loop_Row_Loop_1_U0/compute_and_write_row4_U0/grp_compute_and_write_row4_Pipeline_Acc_TileN_Conv_KY_Conv_KX_Conv_C_fu_306/add_33s_33s_33_1_1_U276/dout/DSP_ALU.ALU_OUT<47>
    DSP48E2_X12Y19       DSP_OUTPUT (Prop_DSP_OUTPUT_DSP48E2_ALU_OUT[47]_PCOUT[47])
                                                      0.167     9.484 r  design_1_i/cnn_accel_top_0/inst/grp_dataflow_parent_loop_proc2_fu_316/dataflow_parent_loop_proc_U0/dataflow_in_loop_Row_Loop_1_U0/compute_and_write_row4_U0/grp_compute_and_write_row4_Pipeline_Acc_TileN_Conv_KY_Conv_KX_Conv_C_fu_306/add_33s_33s_33_1_1_U276/dout/DSP_OUTPUT_INST/PCOUT[47]
                         net (fo=1, routed)           0.038     9.522    design_1_i/cnn_accel_top_0/inst/grp_dataflow_parent_loop_proc2_fu_316/dataflow_parent_loop_proc_U0/dataflow_in_loop_Row_Loop_1_U0/compute_and_write_row4_U0/grp_compute_and_write_row4_Pipeline_Acc_TileN_Conv_KY_Conv_KX_Conv_C_fu_306/add_33s_33s_33_1_1_U277/dout/PCIN[47]
    DSP48E2_X12Y20       DSP_ALU (Prop_DSP_ALU_DSP48E2_PCIN[47]_ALU_OUT[15])
                                                      0.739    10.261 r  design_1_i/cnn_accel_top_0/inst/grp_dataflow_parent_loop_proc2_fu_316/dataflow_parent_loop_proc_U0/dataflow_in_loop_Row_Loop_1_U0/compute_and_write_row4_U0/grp_compute_and_write_row4_Pipeline_Acc_TileN_Conv_KY_Conv_KX_Conv_C_fu_306/add_33s_33s_33_1_1_U277/dout/DSP_ALU_INST/ALU_OUT[15]
                         net (fo=1, routed)           0.000    10.261    design_1_i/cnn_accel_top_0/inst/grp_dataflow_parent_loop_proc2_fu_316/dataflow_parent_loop_proc_U0/dataflow_in_loop_Row_Loop_1_U0/compute_and_write_row4_U0/grp_compute_and_write_row4_Pipeline_Acc_TileN_Conv_KY_Conv_KX_Conv_C_fu_306/add_33s_33s_33_1_1_U277/dout/DSP_ALU.ALU_OUT<15>
    DSP48E2_X12Y20       DSP_OUTPUT                                   r  design_1_i/cnn_accel_top_0/inst/grp_dataflow_parent_loop_proc2_fu_316/dataflow_parent_loop_proc_U0/dataflow_in_loop_Row_Loop_1_U0/compute_and_write_row4_U0/grp_compute_and_write_row4_Pipeline_Acc_TileN_Conv_KY_Conv_KX_Conv_C_fu_306/add_33s_33s_33_1_1_U277/dout/DSP_OUTPUT_INST/ALU_OUT[15]
  -------------------------------------------------------------------    -------------------

                         (clock clk_pl_0 rise edge)
                                                      7.000     7.000 r  
    PS8_X0Y0             PS8                          0.000     7.000 r  design_1_i/zynq_ps/inst/PS8_i/PLCLK[0]
                         net (fo=1, routed)           0.181     7.181    design_1_i/zynq_ps/inst/pl_clk_unbuffered[0]
    BUFG_PS_X0Y80        BUFG_PS (Prop_BUFG_PS_I_O)
                                                      0.035     7.216 r  design_1_i/zynq_ps/inst/buffer_pl_clk_0.PL_CLK_0_BUFG/O
    X1Y1 (CLOCK_ROOT)    net (fo=31682, routed)       3.002    10.218    design_1_i/cnn_accel_top_0/inst/grp_dataflow_parent_loop_proc2_fu_316/dataflow_parent_loop_proc_U0/dataflow_in_loop_Row_Loop_1_U0/compute_and_write_row4_U0/grp_compute_and_write_row4_Pipeline_Acc_TileN_Conv_KY_Conv_KX_Conv_C_fu_306/add_33s_33s_33_1_1_U277/dout/CLK
    DSP48E2_X12Y20       DSP_OUTPUT                                   r  design_1_i/cnn_accel_top_0/inst/grp_dataflow_parent_loop_proc2_fu_316/dataflow_parent_loop_proc_U0/dataflow_in_loop_Row_Loop_1_U0/compute_and_write_row4_U0/grp_compute_and_write_row4_Pipeline_Acc_TileN_Conv_KY_Conv_KX_Conv_C_fu_306/add_33s_33s_33_1_1_U277/dout/DSP_OUTPUT_INST/CLK
                         clock pessimism              0.234    10.452    
                         clock uncertainty           -0.142    10.309    
    DSP48E2_X12Y20       DSP_OUTPUT (Setup_DSP_OUTPUT_DSP48E2_CLK_ALU_OUT[15])
                                                      0.014    10.323    design_1_i/cnn_accel_top_0/inst/grp_dataflow_parent_loop_proc2_fu_316/dataflow_parent_loop_proc_U0/dataflow_in_loop_Row_Loop_1_U0/compute_and_write_row4_U0/grp_compute_and_write_row4_Pipeline_Acc_TileN_Conv_KY_Conv_KX_Conv_C_fu_306/add_33s_33s_33_1_1_U277/dout/DSP_OUTPUT_INST
  -------------------------------------------------------------------
                         required time                         10.323    
                         arrival time                         -10.261    
  -------------------------------------------------------------------
                         slack                                  0.063    

Slack (MET) :             0.063ns  (required time - arrival time)
  Source:                 design_1_i/cnn_accel_top_0/inst/cnn_accel_top_short_const_short_short_const_short_const_int_int_int_i_U/genblk1[1].ram_reg_uram_0/CLK
                            (rising edge-triggered cell URAM288 clocked by clk_pl_0  {rise@0.000ns fall@3.500ns period=7.000ns})
  Destination:            design_1_i/cnn_accel_top_0/inst/grp_dataflow_parent_loop_proc2_fu_316/dataflow_parent_loop_proc_U0/dataflow_in_loop_Row_Loop_1_U0/compute_and_write_row4_U0/grp_compute_and_write_row4_Pipeline_Acc_TileN_Conv_KY_Conv_KX_Conv_C_fu_306/add_33s_33s_33_1_1_U277/dout/DSP_OUTPUT_INST/ALU_OUT[16]
                            (rising edge-triggered cell DSP_OUTPUT clocked by clk_pl_0  {rise@0.000ns fall@3.500ns period=7.000ns})
  Path Group:             clk_pl_0
  Path Type:              Setup (Max at Slow Process Corner)
  Requirement:            7.000ns  (clk_pl_0 rise@7.000ns - clk_pl_0 rise@0.000ns)
  Data Path Delay:        6.897ns  (logic 5.551ns (80.487%)  route 1.346ns (19.513%))
  Logic Levels:           10  (DSP_A_B_DATA=1 DSP_ALU=3 DSP_C_DATA=1 DSP_M_DATA=1 DSP_MULTIPLIER=1 DSP_OUTPUT=2 DSP_PREADD_DATA=1)
  Clock Path Skew:        0.088ns (DCD - SCD + CPR)
    Destination Clock Delay (DCD):    3.218ns = ( 10.218 - 7.000 ) 
    Source Clock Delay      (SCD):    3.364ns
    Clock Pessimism Removal (CPR):    0.234ns
  Clock Uncertainty:      0.142ns  ((TSJ^2 + DJ^2)^1/2) / 2 + PE
    Total System Jitter     (TSJ):    0.071ns
    Discrete Jitter          (DJ):    0.276ns
    Phase Error              (PE):    0.000ns
  Clock Net Delay (Source):      3.097ns (routing 1.584ns, distribution 1.513ns)
  Clock Net Delay (Destination): 3.002ns (routing 1.450ns, distribution 1.552ns)

    Location             Delay type                Incr(ns)  Path(ns)    Netlist Resource(s)
  -------------------------------------------------------------------    -------------------
                         (clock clk_pl_0 rise edge)
                                                      0.000     0.000 r  
    PS8_X0Y0             PS8                          0.000     0.000 r  design_1_i/zynq_ps/inst/PS8_i/PLCLK[0]
                         net (fo=1, routed)           0.229     0.229    design_1_i/zynq_ps/inst/pl_clk_unbuffered[0]
    BUFG_PS_X0Y80        BUFG_PS (Prop_BUFG_PS_I_O)
                                                      0.038     0.267 r  design_1_i/zynq_ps/inst/buffer_pl_clk_0.PL_CLK_0_BUFG/O
    X1Y1 (CLOCK_ROOT)    net (fo=31682, routed)       3.097     3.364    design_1_i/cnn_accel_top_0/inst/cnn_accel_top_short_const_short_short_const_short_const_int_int_int_i_U/ap_clk
    URAM288_X0Y14        URAM288                                      r  design_1_i/cnn_accel_top_0/inst/cnn_accel_top_short_const_short_short_const_short_const_int_int_int_i_U/genblk1[1].ram_reg_uram_0/CLK
  -------------------------------------------------------------------    -------------------
    URAM288_X0Y14        URAM288 (Prop_URAM_288K_INST_URAM288_CLK_DOUT_A[4])
                                                      1.698     5.062 f  design_1_i/cnn_accel_top_0/inst/cnn_accel_top_short_const_short_short_const_short_const_int_int_int_i_U/genblk1[1].ram_reg_uram_0/DOUT_A[4]
                         net (fo=2, routed)           0.488     5.550    design_1_i/cnn_accel_top_0/inst/grp_dataflow_parent_loop_proc2_fu_316/dataflow_parent_loop_proc_U0/dataflow_in_loop_Row_Loop_1_U0/compute_and_write_row4_U0/grp_compute_and_write_row4_Pipeline_Acc_TileN_Conv_KY_Conv_KX_Conv_C_fu_306/mul_16s_16s_32_1_1_U268/tmp_product/B[4]
    DSP48E2_X11Y19       DSP_A_B_DATA (Prop_DSP_A_B_DATA_DSP48E2_B[4]_B2_DATA[4])
                                                      0.216     5.766 r  design_1_i/cnn_accel_top_0/inst/grp_dataflow_parent_loop_proc2_fu_316/dataflow_parent_loop_proc_U0/dataflow_in_loop_Row_Loop_1_U0/compute_and_write_row4_U0/grp_compute_and_write_row4_Pipeline_Acc_TileN_Conv_KY_Conv_KX_Conv_C_fu_306/mul_16s_16s_32_1_1_U268/tmp_product/DSP_A_B_DATA_INST/B2_DATA[4]
                         net (fo=1, routed)           0.000     5.766    design_1_i/cnn_accel_top_0/inst/grp_dataflow_parent_loop_proc2_fu_316/dataflow_parent_loop_proc_U0/dataflow_in_loop_Row_Loop_1_U0/compute_and_write_row4_U0/grp_compute_and_write_row4_Pipeline_Acc_TileN_Conv_KY_Conv_KX_Conv_C_fu_306/mul_16s_16s_32_1_1_U268/tmp_product/DSP_A_B_DATA.B2_DATA<4>
    DSP48E2_X11Y19       DSP_PREADD_DATA (Prop_DSP_PREADD_DATA_DSP48E2_B2_DATA[4]_B2B1[4])
                                                      0.097     5.863 r  design_1_i/cnn_accel_top_0/inst/grp_dataflow_parent_loop_proc2_fu_316/dataflow_parent_loop_proc_U0/dataflow_in_loop_Row_Loop_1_U0/compute_and_write_row4_U0/grp_compute_and_write_row4_Pipeline_Acc_TileN_Conv_KY_Conv_KX_Conv_C_fu_306/mul_16s_16s_32_1_1_U268/tmp_product/DSP_PREADD_DATA_INST/B2B1[4]
                         net (fo=1, routed)           0.000     5.863    design_1_i/cnn_accel_top_0/inst/grp_dataflow_parent_loop_proc2_fu_316/dataflow_parent_loop_proc_U0/dataflow_in_loop_Row_Loop_1_U0/compute_and_write_row4_U0/grp_compute_and_write_row4_Pipeline_Acc_TileN_Conv_KY_Conv_KX_Conv_C_fu_306/mul_16s_16s_32_1_1_U268/tmp_product/DSP_PREADD_DATA.B2B1<4>
    DSP48E2_X11Y19       DSP_MULTIPLIER (Prop_DSP_MULTIPLIER_DSP48E2_B2B1[4]_U[12])
                                                      0.773     6.636 f  design_1_i/cnn_accel_top_0/inst/grp_dataflow_parent_loop_proc2_fu_316/dataflow_parent_loop_proc_U0/dataflow_in_loop_Row_Loop_1_U0/compute_and_write_row4_U0/grp_compute_and_write_row4_Pipeline_Acc_TileN_Conv_KY_Conv_KX_Conv_C_fu_306/mul_16s_16s_32_1_1_U268/tmp_product/DSP_MULTIPLIER_INST/U[12]
                         net (fo=1, routed)           0.000     6.636    design_1_i/cnn_accel_top_0/inst/grp_dataflow_parent_loop_proc2_fu_316/dataflow_parent_loop_proc_U0/dataflow_in_loop_Row_Loop_1_U0/compute_and_write_row4_U0/grp_compute_and_write_row4_Pipeline_Acc_TileN_Conv_KY_Conv_KX_Conv_C_fu_306/mul_16s_16s_32_1_1_U268/tmp_product/DSP_MULTIPLIER.U<12>
    DSP48E2_X11Y19       DSP_M_DATA (Prop_DSP_M_DATA_DSP48E2_U[12]_U_DATA[12])
                                                      0.067     6.703 r  design_1_i/cnn_accel_top_0/inst/grp_dataflow_parent_loop_proc2_fu_316/dataflow_parent_loop_proc_U0/dataflow_in_loop_Row_Loop_1_U0/compute_and_write_row4_U0/grp_compute_and_write_row4_Pipeline_Acc_TileN_Conv_KY_Conv_KX_Conv_C_fu_306/mul_16s_16s_32_1_1_U268/tmp_product/DSP_M_DATA_INST/U_DATA[12]
                         net (fo=1, routed)           0.000     6.703    design_1_i/cnn_accel_top_0/inst/grp_dataflow_parent_loop_proc2_fu_316/dataflow_parent_loop_proc_U0/dataflow_in_loop_Row_Loop_1_U0/compute_and_write_row4_U0/grp_compute_and_write_row4_Pipeline_Acc_TileN_Conv_KY_Conv_KX_Conv_C_fu_306/mul_16s_16s_32_1_1_U268/tmp_product/DSP_M_DATA.U_DATA<12>
    DSP48E2_X11Y19       DSP_ALU (Prop_DSP_ALU_DSP48E2_U_DATA[12]_ALU_OUT[12])
                                                      0.727     7.430 f  design_1_i/cnn_accel_top_0/inst/grp_dataflow_parent_loop_proc2_fu_316/dataflow_parent_loop_proc_U0/dataflow_in_loop_Row_Loop_1_U0/compute_and_write_row4_U0/grp_compute_and_write_row4_Pipeline_Acc_TileN_Conv_KY_Conv_KX_Conv_C_fu_306/mul_16s_16s_32_1_1_U268/tmp_product/DSP_ALU_INST/ALU_OUT[12]
                         net (fo=1, routed)           0.000     7.430    design_1_i/cnn_accel_top_0/inst/grp_dataflow_parent_loop_proc2_fu_316/dataflow_parent_loop_proc_U0/dataflow_in_loop_Row_Loop_1_U0/compute_and_write_row4_U0/grp_compute_and_write_row4_Pipeline_Acc_TileN_Conv_KY_Conv_KX_Conv_C_fu_306/mul_16s_16s_32_1_1_U268/tmp_product/DSP_ALU.ALU_OUT<12>
    DSP48E2_X11Y19       DSP_OUTPUT (Prop_DSP_OUTPUT_DSP48E2_ALU_OUT[12]_P[12])
                                                      0.146     7.576 r  design_1_i/cnn_accel_top_0/inst/grp_dataflow_parent_loop_proc2_fu_316/dataflow_parent_loop_proc_U0/dataflow_in_loop_Row_Loop_1_U0/compute_and_write_row4_U0/grp_compute_and_write_row4_Pipeline_Acc_TileN_Conv_KY_Conv_KX_Conv_C_fu_306/mul_16s_16s_32_1_1_U268/tmp_product/DSP_OUTPUT_INST/P[12]
                         net (fo=1, routed)           0.820     8.396    design_1_i/cnn_accel_top_0/inst/grp_dataflow_parent_loop_proc2_fu_316/dataflow_parent_loop_proc_U0/dataflow_in_loop_Row_Loop_1_U0/compute_and_write_row4_U0/grp_compute_and_write_row4_Pipeline_Acc_TileN_Conv_KY_Conv_KX_Conv_C_fu_306/add_33s_33s_33_1_1_U276/dout/C[12]
    DSP48E2_X12Y19       DSP_C_DATA (Prop_DSP_C_DATA_DSP48E2_C[12]_C_DATA[12])
                                                      0.135     8.531 r  design_1_i/cnn_accel_top_0/inst/grp_dataflow_parent_loop_proc2_fu_316/dataflow_parent_loop_proc_U0/dataflow_in_loop_Row_Loop_1_U0/compute_and_write_row4_U0/grp_compute_and_write_row4_Pipeline_Acc_TileN_Conv_KY_Conv_KX_Conv_C_fu_306/add_33s_33s_33_1_1_U276/dout/DSP_C_DATA_INST/C_DATA[12]
                         net (fo=2, routed)           0.000     8.531    design_1_i/cnn_accel_top_0/inst/grp_dataflow_parent_loop_proc2_fu_316/dataflow_parent_loop_proc_U0/dataflow_in_loop_Row_Loop_1_U0/compute_and_write_row4_U0/grp_compute_and_write_row4_Pipeline_Acc_TileN_Conv_KY_Conv_KX_Conv_C_fu_306/add_33s_33s_33_1_1_U276/dout/DSP_C_DATA.C_DATA<12>
    DSP48E2_X12Y19       DSP_ALU (Prop_DSP_ALU_DSP48E2_C_DATA[12]_ALU_OUT[47])
                                                      0.786     9.317 f  design_1_i/cnn_accel_top_0/inst/grp_dataflow_parent_loop_proc2_fu_316/dataflow_parent_loop_proc_U0/dataflow_in_loop_Row_Loop_1_U0/compute_and_write_row4_U0/grp_compute_and_write_row4_Pipeline_Acc_TileN_Conv_KY_Conv_KX_Conv_C_fu_306/add_33s_33s_33_1_1_U276/dout/DSP_ALU_INST/ALU_OUT[47]
                         net (fo=1, routed)           0.000     9.317    design_1_i/cnn_accel_top_0/inst/grp_dataflow_parent_loop_proc2_fu_316/dataflow_parent_loop_proc_U0/dataflow_in_loop_Row_Loop_1_U0/compute_and_write_row4_U0/grp_compute_and_write_row4_Pipeline_Acc_TileN_Conv_KY_Conv_KX_Conv_C_fu_306/add_33s_33s_33_1_1_U276/dout/DSP_ALU.ALU_OUT<47>
    DSP48E2_X12Y19       DSP_OUTPUT (Prop_DSP_OUTPUT_DSP48E2_ALU_OUT[47]_PCOUT[47])
                                                      0.167     9.484 r  design_1_i/cnn_accel_top_0/inst/grp_dataflow_parent_loop_proc2_fu_316/dataflow_parent_loop_proc_U0/dataflow_in_loop_Row_Loop_1_U0/compute_and_write_row4_U0/grp_compute_and_write_row4_Pipeline_Acc_TileN_Conv_KY_Conv_KX_Conv_C_fu_306/add_33s_33s_33_1_1_U276/dout/DSP_OUTPUT_INST/PCOUT[47]
                         net (fo=1, routed)           0.038     9.522    design_1_i/cnn_accel_top_0/inst/grp_dataflow_parent_loop_proc2_fu_316/dataflow_parent_loop_proc_U0/dataflow_in_loop_Row_Loop_1_U0/compute_and_write_row4_U0/grp_compute_and_write_row4_Pipeline_Acc_TileN_Conv_KY_Conv_KX_Conv_C_fu_306/add_33s_33s_33_1_1_U277/dout/PCIN[47]
    DSP48E2_X12Y20       DSP_ALU (Prop_DSP_ALU_DSP48E2_PCIN[47]_ALU_OUT[16])
                                                      0.739    10.261 r  design_1_i/cnn_accel_top_0/inst/grp_dataflow_parent_loop_proc2_fu_316/dataflow_parent_loop_proc_U0/dataflow_in_loop_Row_Loop_1_U0/compute_and_write_row4_U0/grp_compute_and_write_row4_Pipeline_Acc_TileN_Conv_KY_Conv_KX_Conv_C_fu_306/add_33s_33s_33_1_1_U277/dout/DSP_ALU_INST/ALU_OUT[16]
                         net (fo=1, routed)           0.000    10.261    design_1_i/cnn_accel_top_0/inst/grp_dataflow_parent_loop_proc2_fu_316/dataflow_parent_loop_proc_U0/dataflow_in_loop_Row_Loop_1_U0/compute_and_write_row4_U0/grp_compute_and_write_row4_Pipeline_Acc_TileN_Conv_KY_Conv_KX_Conv_C_fu_306/add_33s_33s_33_1_1_U277/dout/DSP_ALU.ALU_OUT<16>
    DSP48E2_X12Y20       DSP_OUTPUT                                   r  design_1_i/cnn_accel_top_0/inst/grp_dataflow_parent_loop_proc2_fu_316/dataflow_parent_loop_proc_U0/dataflow_in_loop_Row_Loop_1_U0/compute_and_write_row4_U0/grp_compute_and_write_row4_Pipeline_Acc_TileN_Conv_KY_Conv_KX_Conv_C_fu_306/add_33s_33s_33_1_1_U277/dout/DSP_OUTPUT_INST/ALU_OUT[16]
  -------------------------------------------------------------------    -------------------

                         (clock clk_pl_0 rise edge)
                                                      7.000     7.000 r  
    PS8_X0Y0             PS8                          0.000     7.000 r  design_1_i/zynq_ps/inst/PS8_i/PLCLK[0]
                         net (fo=1, routed)           0.181     7.181    design_1_i/zynq_ps/inst/pl_clk_unbuffered[0]
    BUFG_PS_X0Y80        BUFG_PS (Prop_BUFG_PS_I_O)
                                                      0.035     7.216 r  design_1_i/zynq_ps/inst/buffer_pl_clk_0.PL_CLK_0_BUFG/O
    X1Y1 (CLOCK_ROOT)    net (fo=31682, routed)       3.002    10.218    design_1_i/cnn_accel_top_0/inst/grp_dataflow_parent_loop_proc2_fu_316/dataflow_parent_loop_proc_U0/dataflow_in_loop_Row_Loop_1_U0/compute_and_write_row4_U0/grp_compute_and_write_row4_Pipeline_Acc_TileN_Conv_KY_Conv_KX_Conv_C_fu_306/add_33s_33s_33_1_1_U277/dout/CLK
    DSP48E2_X12Y20       DSP_OUTPUT                                   r  design_1_i/cnn_accel_top_0/inst/grp_dataflow_parent_loop_proc2_fu_316/dataflow_parent_loop_proc_U0/dataflow_in_loop_Row_Loop_1_U0/compute_and_write_row4_U0/grp_compute_and_write_row4_Pipeline_Acc_TileN_Conv_KY_Conv_KX_Conv_C_fu_306/add_33s_33s_33_1_1_U277/dout/DSP_OUTPUT_INST/CLK
                         clock pessimism              0.234    10.452    
                         clock uncertainty           -0.142    10.309    
    DSP48E2_X12Y20       DSP_OUTPUT (Setup_DSP_OUTPUT_DSP48E2_CLK_ALU_OUT[16])
                                                      0.014    10.323    design_1_i/cnn_accel_top_0/inst/grp_dataflow_parent_loop_proc2_fu_316/dataflow_parent_loop_proc_U0/dataflow_in_loop_Row_Loop_1_U0/compute_and_write_row4_U0/grp_compute_and_write_row4_Pipeline_Acc_TileN_Conv_KY_Conv_KX_Conv_C_fu_306/add_33s_33s_33_1_1_U277/dout/DSP_OUTPUT_INST
  -------------------------------------------------------------------
                         required time                         10.323    
                         arrival time                         -10.261    
  -------------------------------------------------------------------
                         slack                                  0.063    

Slack (MET) :             0.063ns  (required time - arrival time)
  Source:                 design_1_i/cnn_accel_top_0/inst/cnn_accel_top_short_const_short_short_const_short_const_int_int_int_i_U/genblk1[1].ram_reg_uram_0/CLK
                            (rising edge-triggered cell URAM288 clocked by clk_pl_0  {rise@0.000ns fall@3.500ns period=7.000ns})
  Destination:            design_1_i/cnn_accel_top_0/inst/grp_dataflow_parent_loop_proc2_fu_316/dataflow_parent_loop_proc_U0/dataflow_in_loop_Row_Loop_1_U0/compute_and_write_row4_U0/grp_compute_and_write_row4_Pipeline_Acc_TileN_Conv_KY_Conv_KX_Conv_C_fu_306/add_33s_33s_33_1_1_U277/dout/DSP_OUTPUT_INST/ALU_OUT[17]
                            (rising edge-triggered cell DSP_OUTPUT clocked by clk_pl_0  {rise@0.000ns fall@3.500ns period=7.000ns})
  Path Group:             clk_pl_0
  Path Type:              Setup (Max at Slow Process Corner)
  Requirement:            7.000ns  (clk_pl_0 rise@7.000ns - clk_pl_0 rise@0.000ns)
  Data Path Delay:        6.897ns  (logic 5.551ns (80.487%)  route 1.346ns (19.513%))
  Logic Levels:           10  (DSP_A_B_DATA=1 DSP_ALU=3 DSP_C_DATA=1 DSP_M_DATA=1 DSP_MULTIPLIER=1 DSP_OUTPUT=2 DSP_PREADD_DATA=1)
  Clock Path Skew:        0.088ns (DCD - SCD + CPR)
    Destination Clock Delay (DCD):    3.218ns = ( 10.218 - 7.000 ) 
    Source Clock Delay      (SCD):    3.364ns
    Clock Pessimism Removal (CPR):    0.234ns
  Clock Uncertainty:      0.142ns  ((TSJ^2 + DJ^2)^1/2) / 2 + PE
    Total System Jitter     (TSJ):    0.071ns
    Discrete Jitter          (DJ):    0.276ns
    Phase Error              (PE):    0.000ns
  Clock Net Delay (Source):      3.097ns (routing 1.584ns, distribution 1.513ns)
  Clock Net Delay (Destination): 3.002ns (routing 1.450ns, distribution 1.552ns)

    Location             Delay type                Incr(ns)  Path(ns)    Netlist Resource(s)
  -------------------------------------------------------------------    -------------------
                         (clock clk_pl_0 rise edge)
                                                      0.000     0.000 r  
    PS8_X0Y0             PS8                          0.000     0.000 r  design_1_i/zynq_ps/inst/PS8_i/PLCLK[0]
                         net (fo=1, routed)           0.229     0.229    design_1_i/zynq_ps/inst/pl_clk_unbuffered[0]
    BUFG_PS_X0Y80        BUFG_PS (Prop_BUFG_PS_I_O)
                                                      0.038     0.267 r  design_1_i/zynq_ps/inst/buffer_pl_clk_0.PL_CLK_0_BUFG/O
    X1Y1 (CLOCK_ROOT)    net (fo=31682, routed)       3.097     3.364    design_1_i/cnn_accel_top_0/inst/cnn_accel_top_short_const_short_short_const_short_const_int_int_int_i_U/ap_clk
    URAM288_X0Y14        URAM288                                      r  design_1_i/cnn_accel_top_0/inst/cnn_accel_top_short_const_short_short_const_short_const_int_int_int_i_U/genblk1[1].ram_reg_uram_0/CLK
  -------------------------------------------------------------------    -------------------
    URAM288_X0Y14        URAM288 (Prop_URAM_288K_INST_URAM288_CLK_DOUT_A[4])
                                                      1.698     5.062 f  design_1_i/cnn_accel_top_0/inst/cnn_accel_top_short_const_short_short_const_short_const_int_int_int_i_U/genblk1[1].ram_reg_uram_0/DOUT_A[4]
                         net (fo=2, routed)           0.488     5.550    design_1_i/cnn_accel_top_0/inst/grp_dataflow_parent_loop_proc2_fu_316/dataflow_parent_loop_proc_U0/dataflow_in_loop_Row_Loop_1_U0/compute_and_write_row4_U0/grp_compute_and_write_row4_Pipeline_Acc_TileN_Conv_KY_Conv_KX_Conv_C_fu_306/mul_16s_16s_32_1_1_U268/tmp_product/B[4]
    DSP48E2_X11Y19       DSP_A_B_DATA (Prop_DSP_A_B_DATA_DSP48E2_B[4]_B2_DATA[4])
                                                      0.216     5.766 r  design_1_i/cnn_accel_top_0/inst/grp_dataflow_parent_loop_proc2_fu_316/dataflow_parent_loop_proc_U0/dataflow_in_loop_Row_Loop_1_U0/compute_and_write_row4_U0/grp_compute_and_write_row4_Pipeline_Acc_TileN_Conv_KY_Conv_KX_Conv_C_fu_306/mul_16s_16s_32_1_1_U268/tmp_product/DSP_A_B_DATA_INST/B2_DATA[4]
                         net (fo=1, routed)           0.000     5.766    design_1_i/cnn_accel_top_0/inst/grp_dataflow_parent_loop_proc2_fu_316/dataflow_parent_loop_proc_U0/dataflow_in_loop_Row_Loop_1_U0/compute_and_write_row4_U0/grp_compute_and_write_row4_Pipeline_Acc_TileN_Conv_KY_Conv_KX_Conv_C_fu_306/mul_16s_16s_32_1_1_U268/tmp_product/DSP_A_B_DATA.B2_DATA<4>
    DSP48E2_X11Y19       DSP_PREADD_DATA (Prop_DSP_PREADD_DATA_DSP48E2_B2_DATA[4]_B2B1[4])
                                                      0.097     5.863 r  design_1_i/cnn_accel_top_0/inst/grp_dataflow_parent_loop_proc2_fu_316/dataflow_parent_loop_proc_U0/dataflow_in_loop_Row_Loop_1_U0/compute_and_write_row4_U0/grp_compute_and_write_row4_Pipeline_Acc_TileN_Conv_KY_Conv_KX_Conv_C_fu_306/mul_16s_16s_32_1_1_U268/tmp_product/DSP_PREADD_DATA_INST/B2B1[4]
                         net (fo=1, routed)           0.000     5.863    design_1_i/cnn_accel_top_0/inst/grp_dataflow_parent_loop_proc2_fu_316/dataflow_parent_loop_proc_U0/dataflow_in_loop_Row_Loop_1_U0/compute_and_write_row4_U0/grp_compute_and_write_row4_Pipeline_Acc_TileN_Conv_KY_Conv_KX_Conv_C_fu_306/mul_16s_16s_32_1_1_U268/tmp_product/DSP_PREADD_DATA.B2B1<4>
    DSP48E2_X11Y19       DSP_MULTIPLIER (Prop_DSP_MULTIPLIER_DSP48E2_B2B1[4]_U[12])
                                                      0.773     6.636 f  design_1_i/cnn_accel_top_0/inst/grp_dataflow_parent_loop_proc2_fu_316/dataflow_parent_loop_proc_U0/dataflow_in_loop_Row_Loop_1_U0/compute_and_write_row4_U0/grp_compute_and_write_row4_Pipeline_Acc_TileN_Conv_KY_Conv_KX_Conv_C_fu_306/mul_16s_16s_32_1_1_U268/tmp_product/DSP_MULTIPLIER_INST/U[12]
                         net (fo=1, routed)           0.000     6.636    design_1_i/cnn_accel_top_0/inst/grp_dataflow_parent_loop_proc2_fu_316/dataflow_parent_loop_proc_U0/dataflow_in_loop_Row_Loop_1_U0/compute_and_write_row4_U0/grp_compute_and_write_row4_Pipeline_Acc_TileN_Conv_KY_Conv_KX_Conv_C_fu_306/mul_16s_16s_32_1_1_U268/tmp_product/DSP_MULTIPLIER.U<12>
    DSP48E2_X11Y19       DSP_M_DATA (Prop_DSP_M_DATA_DSP48E2_U[12]_U_DATA[12])
                                                      0.067     6.703 r  design_1_i/cnn_accel_top_0/inst/grp_dataflow_parent_loop_proc2_fu_316/dataflow_parent_loop_proc_U0/dataflow_in_loop_Row_Loop_1_U0/compute_and_write_row4_U0/grp_compute_and_write_row4_Pipeline_Acc_TileN_Conv_KY_Conv_KX_Conv_C_fu_306/mul_16s_16s_32_1_1_U268/tmp_product/DSP_M_DATA_INST/U_DATA[12]
                         net (fo=1, routed)           0.000     6.703    design_1_i/cnn_accel_top_0/inst/grp_dataflow_parent_loop_proc2_fu_316/dataflow_parent_loop_proc_U0/dataflow_in_loop_Row_Loop_1_U0/compute_and_write_row4_U0/grp_compute_and_write_row4_Pipeline_Acc_TileN_Conv_KY_Conv_KX_Conv_C_fu_306/mul_16s_16s_32_1_1_U268/tmp_product/DSP_M_DATA.U_DATA<12>
    DSP48E2_X11Y19       DSP_ALU (Prop_DSP_ALU_DSP48E2_U_DATA[12]_ALU_OUT[12])
                                                      0.727     7.430 f  design_1_i/cnn_accel_top_0/inst/grp_dataflow_parent_loop_proc2_fu_316/dataflow_parent_loop_proc_U0/dataflow_in_loop_Row_Loop_1_U0/compute_and_write_row4_U0/grp_compute_and_write_row4_Pipeline_Acc_TileN_Conv_KY_Conv_KX_Conv_C_fu_306/mul_16s_16s_32_1_1_U268/tmp_product/DSP_ALU_INST/ALU_OUT[12]
                         net (fo=1, routed)           0.000     7.430    design_1_i/cnn_accel_top_0/inst/grp_dataflow_parent_loop_proc2_fu_316/dataflow_parent_loop_proc_U0/dataflow_in_loop_Row_Loop_1_U0/compute_and_write_row4_U0/grp_compute_and_write_row4_Pipeline_Acc_TileN_Conv_KY_Conv_KX_Conv_C_fu_306/mul_16s_16s_32_1_1_U268/tmp_product/DSP_ALU.ALU_OUT<12>
    DSP48E2_X11Y19       DSP_OUTPUT (Prop_DSP_OUTPUT_DSP48E2_ALU_OUT[12]_P[12])
                                                      0.146     7.576 r  design_1_i/cnn_accel_top_0/inst/grp_dataflow_parent_loop_proc2_fu_316/dataflow_parent_loop_proc_U0/dataflow_in_loop_Row_Loop_1_U0/compute_and_write_row4_U0/grp_compute_and_write_row4_Pipeline_Acc_TileN_Conv_KY_Conv_KX_Conv_C_fu_306/mul_16s_16s_32_1_1_U268/tmp_product/DSP_OUTPUT_INST/P[12]
                         net (fo=1, routed)           0.820     8.396    design_1_i/cnn_accel_top_0/inst/grp_dataflow_parent_loop_proc2_fu_316/dataflow_parent_loop_proc_U0/dataflow_in_loop_Row_Loop_1_U0/compute_and_write_row4_U0/grp_compute_and_write_row4_Pipeline_Acc_TileN_Conv_KY_Conv_KX_Conv_C_fu_306/add_33s_33s_33_1_1_U276/dout/C[12]
    DSP48E2_X12Y19       DSP_C_DATA (Prop_DSP_C_DATA_DSP48E2_C[12]_C_DATA[12])
                                                      0.135     8.531 r  design_1_i/cnn_accel_top_0/inst/grp_dataflow_parent_loop_proc2_fu_316/dataflow_parent_loop_proc_U0/dataflow_in_loop_Row_Loop_1_U0/compute_and_write_row4_U0/grp_compute_and_write_row4_Pipeline_Acc_TileN_Conv_KY_Conv_KX_Conv_C_fu_306/add_33s_33s_33_1_1_U276/dout/DSP_C_DATA_INST/C_DATA[12]
                         net (fo=2, routed)           0.000     8.531    design_1_i/cnn_accel_top_0/inst/grp_dataflow_parent_loop_proc2_fu_316/dataflow_parent_loop_proc_U0/dataflow_in_loop_Row_Loop_1_U0/compute_and_write_row4_U0/grp_compute_and_write_row4_Pipeline_Acc_TileN_Conv_KY_Conv_KX_Conv_C_fu_306/add_33s_33s_33_1_1_U276/dout/DSP_C_DATA.C_DATA<12>
    DSP48E2_X12Y19       DSP_ALU (Prop_DSP_ALU_DSP48E2_C_DATA[12]_ALU_OUT[47])
                                                      0.786     9.317 f  design_1_i/cnn_accel_top_0/inst/grp_dataflow_parent_loop_proc2_fu_316/dataflow_parent_loop_proc_U0/dataflow_in_loop_Row_Loop_1_U0/compute_and_write_row4_U0/grp_compute_and_write_row4_Pipeline_Acc_TileN_Conv_KY_Conv_KX_Conv_C_fu_306/add_33s_33s_33_1_1_U276/dout/DSP_ALU_INST/ALU_OUT[47]
                         net (fo=1, routed)           0.000     9.317    design_1_i/cnn_accel_top_0/inst/grp_dataflow_parent_loop_proc2_fu_316/dataflow_parent_loop_proc_U0/dataflow_in_loop_Row_Loop_1_U0/compute_and_write_row4_U0/grp_compute_and_write_row4_Pipeline_Acc_TileN_Conv_KY_Conv_KX_Conv_C_fu_306/add_33s_33s_33_1_1_U276/dout/DSP_ALU.ALU_OUT<47>
    DSP48E2_X12Y19       DSP_OUTPUT (Prop_DSP_OUTPUT_DSP48E2_ALU_OUT[47]_PCOUT[47])
                                                      0.167     9.484 r  design_1_i/cnn_accel_top_0/inst/grp_dataflow_parent_loop_proc2_fu_316/dataflow_parent_loop_proc_U0/dataflow_in_loop_Row_Loop_1_U0/compute_and_write_row4_U0/grp_compute_and_write_row4_Pipeline_Acc_TileN_Conv_KY_Conv_KX_Conv_C_fu_306/add_33s_33s_33_1_1_U276/dout/DSP_OUTPUT_INST/PCOUT[47]
                         net (fo=1, routed)           0.038     9.522    design_1_i/cnn_accel_top_0/inst/grp_dataflow_parent_loop_proc2_fu_316/dataflow_parent_loop_proc_U0/dataflow_in_loop_Row_Loop_1_U0/compute_and_write_row4_U0/grp_compute_and_write_row4_Pipeline_Acc_TileN_Conv_KY_Conv_KX_Conv_C_fu_306/add_33s_33s_33_1_1_U277/dout/PCIN[47]
    DSP48E2_X12Y20       DSP_ALU (Prop_DSP_ALU_DSP48E2_PCIN[47]_ALU_OUT[17])
                                                      0.739    10.261 r  design_1_i/cnn_accel_top_0/inst/grp_dataflow_parent_loop_proc2_fu_316/dataflow_parent_loop_proc_U0/dataflow_in_loop_Row_Loop_1_U0/compute_and_write_row4_U0/grp_compute_and_write_row4_Pipeline_Acc_TileN_Conv_KY_Conv_KX_Conv_C_fu_306/add_33s_33s_33_1_1_U277/dout/DSP_ALU_INST/ALU_OUT[17]
                         net (fo=1, routed)           0.000    10.261    design_1_i/cnn_accel_top_0/inst/grp_dataflow_parent_loop_proc2_fu_316/dataflow_parent_loop_proc_U0/dataflow_in_loop_Row_Loop_1_U0/compute_and_write_row4_U0/grp_compute_and_write_row4_Pipeline_Acc_TileN_Conv_KY_Conv_KX_Conv_C_fu_306/add_33s_33s_33_1_1_U277/dout/DSP_ALU.ALU_OUT<17>
    DSP48E2_X12Y20       DSP_OUTPUT                                   r  design_1_i/cnn_accel_top_0/inst/grp_dataflow_parent_loop_proc2_fu_316/dataflow_parent_loop_proc_U0/dataflow_in_loop_Row_Loop_1_U0/compute_and_write_row4_U0/grp_compute_and_write_row4_Pipeline_Acc_TileN_Conv_KY_Conv_KX_Conv_C_fu_306/add_33s_33s_33_1_1_U277/dout/DSP_OUTPUT_INST/ALU_OUT[17]
  -------------------------------------------------------------------    -------------------

                         (clock clk_pl_0 rise edge)
                                                      7.000     7.000 r  
    PS8_X0Y0             PS8                          0.000     7.000 r  design_1_i/zynq_ps/inst/PS8_i/PLCLK[0]
                         net (fo=1, routed)           0.181     7.181    design_1_i/zynq_ps/inst/pl_clk_unbuffered[0]
    BUFG_PS_X0Y80        BUFG_PS (Prop_BUFG_PS_I_O)
                                                      0.035     7.216 r  design_1_i/zynq_ps/inst/buffer_pl_clk_0.PL_CLK_0_BUFG/O
    X1Y1 (CLOCK_ROOT)    net (fo=31682, routed)       3.002    10.218    design_1_i/cnn_accel_top_0/inst/grp_dataflow_parent_loop_proc2_fu_316/dataflow_parent_loop_proc_U0/dataflow_in_loop_Row_Loop_1_U0/compute_and_write_row4_U0/grp_compute_and_write_row4_Pipeline_Acc_TileN_Conv_KY_Conv_KX_Conv_C_fu_306/add_33s_33s_33_1_1_U277/dout/CLK
    DSP48E2_X12Y20       DSP_OUTPUT                                   r  design_1_i/cnn_accel_top_0/inst/grp_dataflow_parent_loop_proc2_fu_316/dataflow_parent_loop_proc_U0/dataflow_in_loop_Row_Loop_1_U0/compute_and_write_row4_U0/grp_compute_and_write_row4_Pipeline_Acc_TileN_Conv_KY_Conv_KX_Conv_C_fu_306/add_33s_33s_33_1_1_U277/dout/DSP_OUTPUT_INST/CLK
                         clock pessimism              0.234    10.452    
                         clock uncertainty           -0.142    10.309    
    DSP48E2_X12Y20       DSP_OUTPUT (Setup_DSP_OUTPUT_DSP48E2_CLK_ALU_OUT[17])
                                                      0.014    10.323    design_1_i/cnn_accel_top_0/inst/grp_dataflow_parent_loop_proc2_fu_316/dataflow_parent_loop_proc_U0/dataflow_in_loop_Row_Loop_1_U0/compute_and_write_row4_U0/grp_compute_and_write_row4_Pipeline_Acc_TileN_Conv_KY_Conv_KX_Conv_C_fu_306/add_33s_33s_33_1_1_U277/dout/DSP_OUTPUT_INST
  -------------------------------------------------------------------
                         required time                         10.323    
                         arrival time                         -10.261    
  -------------------------------------------------------------------
                         slack                                  0.063    

Slack (MET) :             0.063ns  (required time - arrival time)
  Source:                 design_1_i/cnn_accel_top_0/inst/cnn_accel_top_short_const_short_short_const_short_const_int_int_int_i_U/genblk1[1].ram_reg_uram_0/CLK
                            (rising edge-triggered cell URAM288 clocked by clk_pl_0  {rise@0.000ns fall@3.500ns period=7.000ns})
  Destination:            design_1_i/cnn_accel_top_0/inst/grp_dataflow_parent_loop_proc2_fu_316/dataflow_parent_loop_proc_U0/dataflow_in_loop_Row_Loop_1_U0/compute_and_write_row4_U0/grp_compute_and_write_row4_Pipeline_Acc_TileN_Conv_KY_Conv_KX_Conv_C_fu_306/add_33s_33s_33_1_1_U277/dout/DSP_OUTPUT_INST/ALU_OUT[18]
                            (rising edge-triggered cell DSP_OUTPUT clocked by clk_pl_0  {rise@0.000ns fall@3.500ns period=7.000ns})
  Path Group:             clk_pl_0
  Path Type:              Setup (Max at Slow Process Corner)
  Requirement:            7.000ns  (clk_pl_0 rise@7.000ns - clk_pl_0 rise@0.000ns)
  Data Path Delay:        6.897ns  (logic 5.551ns (80.487%)  route 1.346ns (19.513%))
  Logic Levels:           10  (DSP_A_B_DATA=1 DSP_ALU=3 DSP_C_DATA=1 DSP_M_DATA=1 DSP_MULTIPLIER=1 DSP_OUTPUT=2 DSP_PREADD_DATA=1)
  Clock Path Skew:        0.088ns (DCD - SCD + CPR)
    Destination Clock Delay (DCD):    3.218ns = ( 10.218 - 7.000 ) 
    Source Clock Delay      (SCD):    3.364ns
    Clock Pessimism Removal (CPR):    0.234ns
  Clock Uncertainty:      0.142ns  ((TSJ^2 + DJ^2)^1/2) / 2 + PE
    Total System Jitter     (TSJ):    0.071ns
    Discrete Jitter          (DJ):    0.276ns
    Phase Error              (PE):    0.000ns
  Clock Net Delay (Source):      3.097ns (routing 1.584ns, distribution 1.513ns)
  Clock Net Delay (Destination): 3.002ns (routing 1.450ns, distribution 1.552ns)

    Location             Delay type                Incr(ns)  Path(ns)    Netlist Resource(s)
  -------------------------------------------------------------------    -------------------
                         (clock clk_pl_0 rise edge)
                                                      0.000     0.000 r  
    PS8_X0Y0             PS8                          0.000     0.000 r  design_1_i/zynq_ps/inst/PS8_i/PLCLK[0]
                         net (fo=1, routed)           0.229     0.229    design_1_i/zynq_ps/inst/pl_clk_unbuffered[0]
    BUFG_PS_X0Y80        BUFG_PS (Prop_BUFG_PS_I_O)
                                                      0.038     0.267 r  design_1_i/zynq_ps/inst/buffer_pl_clk_0.PL_CLK_0_BUFG/O
    X1Y1 (CLOCK_ROOT)    net (fo=31682, routed)       3.097     3.364    design_1_i/cnn_accel_top_0/inst/cnn_accel_top_short_const_short_short_const_short_const_int_int_int_i_U/ap_clk
    URAM288_X0Y14        URAM288                                      r  design_1_i/cnn_accel_top_0/inst/cnn_accel_top_short_const_short_short_const_short_const_int_int_int_i_U/genblk1[1].ram_reg_uram_0/CLK
  -------------------------------------------------------------------    -------------------
    URAM288_X0Y14        URAM288 (Prop_URAM_288K_INST_URAM288_CLK_DOUT_A[4])
                                                      1.698     5.062 f  design_1_i/cnn_accel_top_0/inst/cnn_accel_top_short_const_short_short_const_short_const_int_int_int_i_U/genblk1[1].ram_reg_uram_0/DOUT_A[4]
                         net (fo=2, routed)           0.488     5.550    design_1_i/cnn_accel_top_0/inst/grp_dataflow_parent_loop_proc2_fu_316/dataflow_parent_loop_proc_U0/dataflow_in_loop_Row_Loop_1_U0/compute_and_write_row4_U0/grp_compute_and_write_row4_Pipeline_Acc_TileN_Conv_KY_Conv_KX_Conv_C_fu_306/mul_16s_16s_32_1_1_U268/tmp_product/B[4]
    DSP48E2_X11Y19       DSP_A_B_DATA (Prop_DSP_A_B_DATA_DSP48E2_B[4]_B2_DATA[4])
                                                      0.216     5.766 r  design_1_i/cnn_accel_top_0/inst/grp_dataflow_parent_loop_proc2_fu_316/dataflow_parent_loop_proc_U0/dataflow_in_loop_Row_Loop_1_U0/compute_and_write_row4_U0/grp_compute_and_write_row4_Pipeline_Acc_TileN_Conv_KY_Conv_KX_Conv_C_fu_306/mul_16s_16s_32_1_1_U268/tmp_product/DSP_A_B_DATA_INST/B2_DATA[4]
                         net (fo=1, routed)           0.000     5.766    design_1_i/cnn_accel_top_0/inst/grp_dataflow_parent_loop_proc2_fu_316/dataflow_parent_loop_proc_U0/dataflow_in_loop_Row_Loop_1_U0/compute_and_write_row4_U0/grp_compute_and_write_row4_Pipeline_Acc_TileN_Conv_KY_Conv_KX_Conv_C_fu_306/mul_16s_16s_32_1_1_U268/tmp_product/DSP_A_B_DATA.B2_DATA<4>
    DSP48E2_X11Y19       DSP_PREADD_DATA (Prop_DSP_PREADD_DATA_DSP48E2_B2_DATA[4]_B2B1[4])
                                                      0.097     5.863 r  design_1_i/cnn_accel_top_0/inst/grp_dataflow_parent_loop_proc2_fu_316/dataflow_parent_loop_proc_U0/dataflow_in_loop_Row_Loop_1_U0/compute_and_write_row4_U0/grp_compute_and_write_row4_Pipeline_Acc_TileN_Conv_KY_Conv_KX_Conv_C_fu_306/mul_16s_16s_32_1_1_U268/tmp_product/DSP_PREADD_DATA_INST/B2B1[4]
                         net (fo=1, routed)           0.000     5.863    design_1_i/cnn_accel_top_0/inst/grp_dataflow_parent_loop_proc2_fu_316/dataflow_parent_loop_proc_U0/dataflow_in_loop_Row_Loop_1_U0/compute_and_write_row4_U0/grp_compute_and_write_row4_Pipeline_Acc_TileN_Conv_KY_Conv_KX_Conv_C_fu_306/mul_16s_16s_32_1_1_U268/tmp_product/DSP_PREADD_DATA.B2B1<4>
    DSP48E2_X11Y19       DSP_MULTIPLIER (Prop_DSP_MULTIPLIER_DSP48E2_B2B1[4]_U[12])
                                                      0.773     6.636 f  design_1_i/cnn_accel_top_0/inst/grp_dataflow_parent_loop_proc2_fu_316/dataflow_parent_loop_proc_U0/dataflow_in_loop_Row_Loop_1_U0/compute_and_write_row4_U0/grp_compute_and_write_row4_Pipeline_Acc_TileN_Conv_KY_Conv_KX_Conv_C_fu_306/mul_16s_16s_32_1_1_U268/tmp_product/DSP_MULTIPLIER_INST/U[12]
                         net (fo=1, routed)           0.000     6.636    design_1_i/cnn_accel_top_0/inst/grp_dataflow_parent_loop_proc2_fu_316/dataflow_parent_loop_proc_U0/dataflow_in_loop_Row_Loop_1_U0/compute_and_write_row4_U0/grp_compute_and_write_row4_Pipeline_Acc_TileN_Conv_KY_Conv_KX_Conv_C_fu_306/mul_16s_16s_32_1_1_U268/tmp_product/DSP_MULTIPLIER.U<12>
    DSP48E2_X11Y19       DSP_M_DATA (Prop_DSP_M_DATA_DSP48E2_U[12]_U_DATA[12])
                                                      0.067     6.703 r  design_1_i/cnn_accel_top_0/inst/grp_dataflow_parent_loop_proc2_fu_316/dataflow_parent_loop_proc_U0/dataflow_in_loop_Row_Loop_1_U0/compute_and_write_row4_U0/grp_compute_and_write_row4_Pipeline_Acc_TileN_Conv_KY_Conv_KX_Conv_C_fu_306/mul_16s_16s_32_1_1_U268/tmp_product/DSP_M_DATA_INST/U_DATA[12]
                         net (fo=1, routed)           0.000     6.703    design_1_i/cnn_accel_top_0/inst/grp_dataflow_parent_loop_proc2_fu_316/dataflow_parent_loop_proc_U0/dataflow_in_loop_Row_Loop_1_U0/compute_and_write_row4_U0/grp_compute_and_write_row4_Pipeline_Acc_TileN_Conv_KY_Conv_KX_Conv_C_fu_306/mul_16s_16s_32_1_1_U268/tmp_product/DSP_M_DATA.U_DATA<12>
    DSP48E2_X11Y19       DSP_ALU (Prop_DSP_ALU_DSP48E2_U_DATA[12]_ALU_OUT[12])
                                                      0.727     7.430 f  design_1_i/cnn_accel_top_0/inst/grp_dataflow_parent_loop_proc2_fu_316/dataflow_parent_loop_proc_U0/dataflow_in_loop_Row_Loop_1_U0/compute_and_write_row4_U0/grp_compute_and_write_row4_Pipeline_Acc_TileN_Conv_KY_Conv_KX_Conv_C_fu_306/mul_16s_16s_32_1_1_U268/tmp_product/DSP_ALU_INST/ALU_OUT[12]
                         net (fo=1, routed)           0.000     7.430    design_1_i/cnn_accel_top_0/inst/grp_dataflow_parent_loop_proc2_fu_316/dataflow_parent_loop_proc_U0/dataflow_in_loop_Row_Loop_1_U0/compute_and_write_row4_U0/grp_compute_and_write_row4_Pipeline_Acc_TileN_Conv_KY_Conv_KX_Conv_C_fu_306/mul_16s_16s_32_1_1_U268/tmp_product/DSP_ALU.ALU_OUT<12>
    DSP48E2_X11Y19       DSP_OUTPUT (Prop_DSP_OUTPUT_DSP48E2_ALU_OUT[12]_P[12])
                                                      0.146     7.576 r  design_1_i/cnn_accel_top_0/inst/grp_dataflow_parent_loop_proc2_fu_316/dataflow_parent_loop_proc_U0/dataflow_in_loop_Row_Loop_1_U0/compute_and_write_row4_U0/grp_compute_and_write_row4_Pipeline_Acc_TileN_Conv_KY_Conv_KX_Conv_C_fu_306/mul_16s_16s_32_1_1_U268/tmp_product/DSP_OUTPUT_INST/P[12]
                         net (fo=1, routed)           0.820     8.396    design_1_i/cnn_accel_top_0/inst/grp_dataflow_parent_loop_proc2_fu_316/dataflow_parent_loop_proc_U0/dataflow_in_loop_Row_Loop_1_U0/compute_and_write_row4_U0/grp_compute_and_write_row4_Pipeline_Acc_TileN_Conv_KY_Conv_KX_Conv_C_fu_306/add_33s_33s_33_1_1_U276/dout/C[12]
    DSP48E2_X12Y19       DSP_C_DATA (Prop_DSP_C_DATA_DSP48E2_C[12]_C_DATA[12])
                                                      0.135     8.531 r  design_1_i/cnn_accel_top_0/inst/grp_dataflow_parent_loop_proc2_fu_316/dataflow_parent_loop_proc_U0/dataflow_in_loop_Row_Loop_1_U0/compute_and_write_row4_U0/grp_compute_and_write_row4_Pipeline_Acc_TileN_Conv_KY_Conv_KX_Conv_C_fu_306/add_33s_33s_33_1_1_U276/dout/DSP_C_DATA_INST/C_DATA[12]
                         net (fo=2, routed)           0.000     8.531    design_1_i/cnn_accel_top_0/inst/grp_dataflow_parent_loop_proc2_fu_316/dataflow_parent_loop_proc_U0/dataflow_in_loop_Row_Loop_1_U0/compute_and_write_row4_U0/grp_compute_and_write_row4_Pipeline_Acc_TileN_Conv_KY_Conv_KX_Conv_C_fu_306/add_33s_33s_33_1_1_U276/dout/DSP_C_DATA.C_DATA<12>
    DSP48E2_X12Y19       DSP_ALU (Prop_DSP_ALU_DSP48E2_C_DATA[12]_ALU_OUT[47])
                                                      0.786     9.317 f  design_1_i/cnn_accel_top_0/inst/grp_dataflow_parent_loop_proc2_fu_316/dataflow_parent_loop_proc_U0/dataflow_in_loop_Row_Loop_1_U0/compute_and_write_row4_U0/grp_compute_and_write_row4_Pipeline_Acc_TileN_Conv_KY_Conv_KX_Conv_C_fu_306/add_33s_33s_33_1_1_U276/dout/DSP_ALU_INST/ALU_OUT[47]
                         net (fo=1, routed)           0.000     9.317    design_1_i/cnn_accel_top_0/inst/grp_dataflow_parent_loop_proc2_fu_316/dataflow_parent_loop_proc_U0/dataflow_in_loop_Row_Loop_1_U0/compute_and_write_row4_U0/grp_compute_and_write_row4_Pipeline_Acc_TileN_Conv_KY_Conv_KX_Conv_C_fu_306/add_33s_33s_33_1_1_U276/dout/DSP_ALU.ALU_OUT<47>
    DSP48E2_X12Y19       DSP_OUTPUT (Prop_DSP_OUTPUT_DSP48E2_ALU_OUT[47]_PCOUT[47])
                                                      0.167     9.484 r  design_1_i/cnn_accel_top_0/inst/grp_dataflow_parent_loop_proc2_fu_316/dataflow_parent_loop_proc_U0/dataflow_in_loop_Row_Loop_1_U0/compute_and_write_row4_U0/grp_compute_and_write_row4_Pipeline_Acc_TileN_Conv_KY_Conv_KX_Conv_C_fu_306/add_33s_33s_33_1_1_U276/dout/DSP_OUTPUT_INST/PCOUT[47]
                         net (fo=1, routed)           0.038     9.522    design_1_i/cnn_accel_top_0/inst/grp_dataflow_parent_loop_proc2_fu_316/dataflow_parent_loop_proc_U0/dataflow_in_loop_Row_Loop_1_U0/compute_and_write_row4_U0/grp_compute_and_write_row4_Pipeline_Acc_TileN_Conv_KY_Conv_KX_Conv_C_fu_306/add_33s_33s_33_1_1_U277/dout/PCIN[47]
    DSP48E2_X12Y20       DSP_ALU (Prop_DSP_ALU_DSP48E2_PCIN[47]_ALU_OUT[18])
                                                      0.739    10.261 r  design_1_i/cnn_accel_top_0/inst/grp_dataflow_parent_loop_proc2_fu_316/dataflow_parent_loop_proc_U0/dataflow_in_loop_Row_Loop_1_U0/compute_and_write_row4_U0/grp_compute_and_write_row4_Pipeline_Acc_TileN_Conv_KY_Conv_KX_Conv_C_fu_306/add_33s_33s_33_1_1_U277/dout/DSP_ALU_INST/ALU_OUT[18]
                         net (fo=1, routed)           0.000    10.261    design_1_i/cnn_accel_top_0/inst/grp_dataflow_parent_loop_proc2_fu_316/dataflow_parent_loop_proc_U0/dataflow_in_loop_Row_Loop_1_U0/compute_and_write_row4_U0/grp_compute_and_write_row4_Pipeline_Acc_TileN_Conv_KY_Conv_KX_Conv_C_fu_306/add_33s_33s_33_1_1_U277/dout/DSP_ALU.ALU_OUT<18>
    DSP48E2_X12Y20       DSP_OUTPUT                                   r  design_1_i/cnn_accel_top_0/inst/grp_dataflow_parent_loop_proc2_fu_316/dataflow_parent_loop_proc_U0/dataflow_in_loop_Row_Loop_1_U0/compute_and_write_row4_U0/grp_compute_and_write_row4_Pipeline_Acc_TileN_Conv_KY_Conv_KX_Conv_C_fu_306/add_33s_33s_33_1_1_U277/dout/DSP_OUTPUT_INST/ALU_OUT[18]
  -------------------------------------------------------------------    -------------------

                         (clock clk_pl_0 rise edge)
                                                      7.000     7.000 r  
    PS8_X0Y0             PS8                          0.000     7.000 r  design_1_i/zynq_ps/inst/PS8_i/PLCLK[0]
                         net (fo=1, routed)           0.181     7.181    design_1_i/zynq_ps/inst/pl_clk_unbuffered[0]
    BUFG_PS_X0Y80        BUFG_PS (Prop_BUFG_PS_I_O)
                                                      0.035     7.216 r  design_1_i/zynq_ps/inst/buffer_pl_clk_0.PL_CLK_0_BUFG/O
    X1Y1 (CLOCK_ROOT)    net (fo=31682, routed)       3.002    10.218    design_1_i/cnn_accel_top_0/inst/grp_dataflow_parent_loop_proc2_fu_316/dataflow_parent_loop_proc_U0/dataflow_in_loop_Row_Loop_1_U0/compute_and_write_row4_U0/grp_compute_and_write_row4_Pipeline_Acc_TileN_Conv_KY_Conv_KX_Conv_C_fu_306/add_33s_33s_33_1_1_U277/dout/CLK
    DSP48E2_X12Y20       DSP_OUTPUT                                   r  design_1_i/cnn_accel_top_0/inst/grp_dataflow_parent_loop_proc2_fu_316/dataflow_parent_loop_proc_U0/dataflow_in_loop_Row_Loop_1_U0/compute_and_write_row4_U0/grp_compute_and_write_row4_Pipeline_Acc_TileN_Conv_KY_Conv_KX_Conv_C_fu_306/add_33s_33s_33_1_1_U277/dout/DSP_OUTPUT_INST/CLK
                         clock pessimism              0.234    10.452    
                         clock uncertainty           -0.142    10.309    
    DSP48E2_X12Y20       DSP_OUTPUT (Setup_DSP_OUTPUT_DSP48E2_CLK_ALU_OUT[18])
                                                      0.014    10.323    design_1_i/cnn_accel_top_0/inst/grp_dataflow_parent_loop_proc2_fu_316/dataflow_parent_loop_proc_U0/dataflow_in_loop_Row_Loop_1_U0/compute_and_write_row4_U0/grp_compute_and_write_row4_Pipeline_Acc_TileN_Conv_KY_Conv_KX_Conv_C_fu_306/add_33s_33s_33_1_1_U277/dout/DSP_OUTPUT_INST
  -------------------------------------------------------------------
                         required time                         10.323    
                         arrival time                         -10.261    
  -------------------------------------------------------------------
                         slack                                  0.063    





Min Delay Paths
--------------------------------------------------------------------------------------
Slack (MET) :             0.011ns  (arrival time - required time)
  Source:                 <hidden>
                            (rising edge-triggered cell FDRE clocked by clk_pl_0  {rise@0.000ns fall@3.500ns period=7.000ns})
  Destination:            <hidden>
                            (rising edge-triggered cell FDRE clocked by clk_pl_0  {rise@0.000ns fall@3.500ns period=7.000ns})
  Path Group:             clk_pl_0
  Path Type:              Hold (Min at Slow Process Corner)
  Requirement:            0.000ns  (clk_pl_0 rise@0.000ns - clk_pl_0 rise@0.000ns)
  Data Path Delay:        0.296ns  (logic 0.114ns (38.482%)  route 0.182ns (61.518%))
  Logic Levels:           0  
  Clock Path Skew:        0.185ns (DCD - SCD - CPR)
    Destination Clock Delay (DCD):    3.434ns
    Source Clock Delay      (SCD):    3.061ns
    Clock Pessimism Removal (CPR):    0.188ns
  Clock Net Delay (Source):      2.845ns (routing 1.450ns, distribution 1.395ns)
  Clock Net Delay (Destination): 3.167ns (routing 1.584ns, distribution 1.583ns)

    Location             Delay type                Incr(ns)  Path(ns)    Netlist Resource(s)
  -------------------------------------------------------------------    -------------------
                         (clock clk_pl_0 rise edge)
                                                      0.000     0.000 r  
    PS8_X0Y0             PS8                          0.000     0.000 r  design_1_i/zynq_ps/inst/PS8_i/PLCLK[0]
                         net (fo=1, routed)           0.181     0.181    design_1_i/zynq_ps/inst/pl_clk_unbuffered[0]
    BUFG_PS_X0Y80        BUFG_PS (Prop_BUFG_PS_I_O)
                                                      0.035     0.216 r  design_1_i/zynq_ps/inst/buffer_pl_clk_0.PL_CLK_0_BUFG/O
    X1Y1 (CLOCK_ROOT)    net (fo=31682, routed)       2.845     3.061    <hidden>
    SLICE_X8Y55          FDRE                                         r  <hidden>
  -------------------------------------------------------------------    -------------------
    SLICE_X8Y55          FDRE (Prop_AFF2_SLICEM_C_Q)
                                                      0.114     3.175 r  <hidden>
                         net (fo=2, routed)           0.182     3.357    <hidden>
    SLICE_X9Y60          FDRE                                         r  <hidden>
  -------------------------------------------------------------------    -------------------

                         (clock clk_pl_0 rise edge)
                                                      0.000     0.000 r  
    PS8_X0Y0             PS8                          0.000     0.000 r  design_1_i/zynq_ps/inst/PS8_i/PLCLK[0]
                         net (fo=1, routed)           0.229     0.229    design_1_i/zynq_ps/inst/pl_clk_unbuffered[0]
    BUFG_PS_X0Y80        BUFG_PS (Prop_BUFG_PS_I_O)
                                                      0.038     0.267 r  design_1_i/zynq_ps/inst/buffer_pl_clk_0.PL_CLK_0_BUFG/O
    X1Y1 (CLOCK_ROOT)    net (fo=31682, routed)       3.167     3.434    <hidden>
    SLICE_X9Y60          FDRE                                         r  <hidden>
                         clock pessimism             -0.188     3.246    
    SLICE_X9Y60          FDRE (Hold_EFF_SLICEL_C_D)
                                                      0.101     3.347    <hidden>
  -------------------------------------------------------------------
                         required time                         -3.347    
                         arrival time                           3.357    
  -------------------------------------------------------------------
                         slack                                  0.011    

Slack (MET) :             0.011ns  (arrival time - required time)
  Source:                 design_1_i/cnn_accel_top_0/inst/gmem_in_m_axi_U/load_unit_0/tmp_addr_reg[26]/C
                            (rising edge-triggered cell FDRE clocked by clk_pl_0  {rise@0.000ns fall@3.500ns period=7.000ns})
  Destination:            design_1_i/cnn_accel_top_0/inst/gmem_in_m_axi_U/bus_read/rreq_burst_conv/rs_req/data_p2_reg[26]/D
                            (rising edge-triggered cell FDRE clocked by clk_pl_0  {rise@0.000ns fall@3.500ns period=7.000ns})
  Path Group:             clk_pl_0
  Path Type:              Hold (Min at Slow Process Corner)
  Requirement:            0.000ns  (clk_pl_0 rise@0.000ns - clk_pl_0 rise@0.000ns)
  Data Path Delay:        0.213ns  (logic 0.112ns (52.693%)  route 0.101ns (47.307%))
  Logic Levels:           0  
  Clock Path Skew:        0.098ns (DCD - SCD - CPR)
    Destination Clock Delay (DCD):    3.358ns
    Source Clock Delay      (SCD):    3.025ns
    Clock Pessimism Removal (CPR):    0.234ns
  Clock Net Delay (Source):      2.809ns (routing 1.450ns, distribution 1.359ns)
  Clock Net Delay (Destination): 3.091ns (routing 1.584ns, distribution 1.507ns)

    Location             Delay type                Incr(ns)  Path(ns)    Netlist Resource(s)
  -------------------------------------------------------------------    -------------------
                         (clock clk_pl_0 rise edge)
                                                      0.000     0.000 r  
    PS8_X0Y0             PS8                          0.000     0.000 r  design_1_i/zynq_ps/inst/PS8_i/PLCLK[0]
                         net (fo=1, routed)           0.181     0.181    design_1_i/zynq_ps/inst/pl_clk_unbuffered[0]
    BUFG_PS_X0Y80        BUFG_PS (Prop_BUFG_PS_I_O)
                                                      0.035     0.216 r  design_1_i/zynq_ps/inst/buffer_pl_clk_0.PL_CLK_0_BUFG/O
    X1Y1 (CLOCK_ROOT)    net (fo=31682, routed)       2.809     3.025    design_1_i/cnn_accel_top_0/inst/gmem_in_m_axi_U/load_unit_0/ap_clk
    SLICE_X15Y18         FDRE                                         r  design_1_i/cnn_accel_top_0/inst/gmem_in_m_axi_U/load_unit_0/tmp_addr_reg[26]/C
  -------------------------------------------------------------------    -------------------
    SLICE_X15Y18         FDRE (Prop_EFF_SLICEL_C_Q)
                                                      0.112     3.137 r  design_1_i/cnn_accel_top_0/inst/gmem_in_m_axi_U/load_unit_0/tmp_addr_reg[26]/Q
                         net (fo=2, routed)           0.101     3.238    design_1_i/cnn_accel_top_0/inst/gmem_in_m_axi_U/bus_read/rreq_burst_conv/rs_req/data_p2_reg[89]_0[25]
    SLICE_X14Y18         FDRE                                         r  design_1_i/cnn_accel_top_0/inst/gmem_in_m_axi_U/bus_read/rreq_burst_conv/rs_req/data_p2_reg[26]/D
  -------------------------------------------------------------------    -------------------

                         (clock clk_pl_0 rise edge)
                                                      0.000     0.000 r  
    PS8_X0Y0             PS8                          0.000     0.000 r  design_1_i/zynq_ps/inst/PS8_i/PLCLK[0]
                         net (fo=1, routed)           0.229     0.229    design_1_i/zynq_ps/inst/pl_clk_unbuffered[0]
    BUFG_PS_X0Y80        BUFG_PS (Prop_BUFG_PS_I_O)
                                                      0.038     0.267 r  design_1_i/zynq_ps/inst/buffer_pl_clk_0.PL_CLK_0_BUFG/O
    X1Y1 (CLOCK_ROOT)    net (fo=31682, routed)       3.091     3.358    design_1_i/cnn_accel_top_0/inst/gmem_in_m_axi_U/bus_read/rreq_burst_conv/rs_req/ap_clk
    SLICE_X14Y18         FDRE                                         r  design_1_i/cnn_accel_top_0/inst/gmem_in_m_axi_U/bus_read/rreq_burst_conv/rs_req/data_p2_reg[26]/C
                         clock pessimism             -0.234     3.124    
    SLICE_X14Y18         FDRE (Hold_HFF2_SLICEL_C_D)
                                                      0.103     3.227    design_1_i/cnn_accel_top_0/inst/gmem_in_m_axi_U/bus_read/rreq_burst_conv/rs_req/data_p2_reg[26]
  -------------------------------------------------------------------
                         required time                         -3.227    
                         arrival time                           3.238    
  -------------------------------------------------------------------
                         slack                                  0.011    

Slack (MET) :             0.012ns  (arrival time - required time)
  Source:                 <hidden>
                            (rising edge-triggered cell FDRE clocked by clk_pl_0  {rise@0.000ns fall@3.500ns period=7.000ns})
  Destination:            <hidden>
                            (rising edge-triggered cell FDRE clocked by clk_pl_0  {rise@0.000ns fall@3.500ns period=7.000ns})
  Path Group:             clk_pl_0
  Path Type:              Hold (Min at Slow Process Corner)
  Requirement:            0.000ns  (clk_pl_0 rise@0.000ns - clk_pl_0 rise@0.000ns)
  Data Path Delay:        0.248ns  (logic 0.114ns (45.968%)  route 0.134ns (54.032%))
  Logic Levels:           0  
  Clock Path Skew:        0.135ns (DCD - SCD - CPR)
    Destination Clock Delay (DCD):    3.420ns
    Source Clock Delay      (SCD):    3.051ns
    Clock Pessimism Removal (CPR):    0.234ns
  Clock Net Delay (Source):      2.835ns (routing 1.450ns, distribution 1.385ns)
  Clock Net Delay (Destination): 3.153ns (routing 1.584ns, distribution 1.569ns)

    Location             Delay type                Incr(ns)  Path(ns)    Netlist Resource(s)
  -------------------------------------------------------------------    -------------------
                         (clock clk_pl_0 rise edge)
                                                      0.000     0.000 r  
    PS8_X0Y0             PS8                          0.000     0.000 r  design_1_i/zynq_ps/inst/PS8_i/PLCLK[0]
                         net (fo=1, routed)           0.181     0.181    design_1_i/zynq_ps/inst/pl_clk_unbuffered[0]
    BUFG_PS_X0Y80        BUFG_PS (Prop_BUFG_PS_I_O)
                                                      0.035     0.216 r  design_1_i/zynq_ps/inst/buffer_pl_clk_0.PL_CLK_0_BUFG/O
    X1Y1 (CLOCK_ROOT)    net (fo=31682, routed)       2.835     3.051    <hidden>
    SLICE_X7Y58          FDRE                                         r  <hidden>
  -------------------------------------------------------------------    -------------------
    SLICE_X7Y58          FDRE (Prop_GFF2_SLICEM_C_Q)
                                                      0.114     3.165 r  <hidden>
                         net (fo=1, routed)           0.134     3.299    <hidden>
    SLICE_X6Y59          FDRE                                         r  <hidden>
  -------------------------------------------------------------------    -------------------

                         (clock clk_pl_0 rise edge)
                                                      0.000     0.000 r  
    PS8_X0Y0             PS8                          0.000     0.000 r  design_1_i/zynq_ps/inst/PS8_i/PLCLK[0]
                         net (fo=1, routed)           0.229     0.229    design_1_i/zynq_ps/inst/pl_clk_unbuffered[0]
    BUFG_PS_X0Y80        BUFG_PS (Prop_BUFG_PS_I_O)
                                                      0.038     0.267 r  design_1_i/zynq_ps/inst/buffer_pl_clk_0.PL_CLK_0_BUFG/O
    X1Y1 (CLOCK_ROOT)    net (fo=31682, routed)       3.153     3.420    <hidden>
    SLICE_X6Y59          FDRE                                         r  <hidden>
                         clock pessimism             -0.234     3.186    
    SLICE_X6Y59          FDRE (Hold_GFF_SLICEL_C_D)
                                                      0.101     3.287    <hidden>
  -------------------------------------------------------------------
                         required time                         -3.287    
                         arrival time                           3.299    
  -------------------------------------------------------------------
                         slack                                  0.012    

Slack (MET) :             0.012ns  (arrival time - required time)
  Source:                 design_1_i/cnn_accel_top_0/inst/gmem_out_m_axi_U/store_unit_0/bus_wide_gen.wreq_offset/U_fifo_srl/dout_reg[30]/C
                            (rising edge-triggered cell FDRE clocked by clk_pl_0  {rise@0.000ns fall@3.500ns period=7.000ns})
  Destination:            design_1_i/cnn_accel_top_0/inst/gmem_out_m_axi_U/store_unit_0/bus_wide_gen.offset_pack_reg_reg[30]/D
                            (rising edge-triggered cell FDRE clocked by clk_pl_0  {rise@0.000ns fall@3.500ns period=7.000ns})
  Path Group:             clk_pl_0
  Path Type:              Hold (Min at Slow Process Corner)
  Requirement:            0.000ns  (clk_pl_0 rise@0.000ns - clk_pl_0 rise@0.000ns)
  Data Path Delay:        0.214ns  (logic 0.114ns (53.271%)  route 0.100ns (46.729%))
  Logic Levels:           0  
  Clock Path Skew:        0.100ns (DCD - SCD - CPR)
    Destination Clock Delay (DCD):    3.365ns
    Source Clock Delay      (SCD):    3.031ns
    Clock Pessimism Removal (CPR):    0.234ns
  Clock Net Delay (Source):      2.815ns (routing 1.450ns, distribution 1.365ns)
  Clock Net Delay (Destination): 3.098ns (routing 1.584ns, distribution 1.514ns)

    Location             Delay type                Incr(ns)  Path(ns)    Netlist Resource(s)
  -------------------------------------------------------------------    -------------------
                         (clock clk_pl_0 rise edge)
                                                      0.000     0.000 r  
    PS8_X0Y0             PS8                          0.000     0.000 r  design_1_i/zynq_ps/inst/PS8_i/PLCLK[0]
                         net (fo=1, routed)           0.181     0.181    design_1_i/zynq_ps/inst/pl_clk_unbuffered[0]
    BUFG_PS_X0Y80        BUFG_PS (Prop_BUFG_PS_I_O)
                                                      0.035     0.216 r  design_1_i/zynq_ps/inst/buffer_pl_clk_0.PL_CLK_0_BUFG/O
    X1Y1 (CLOCK_ROOT)    net (fo=31682, routed)       2.815     3.031    design_1_i/cnn_accel_top_0/inst/gmem_out_m_axi_U/store_unit_0/bus_wide_gen.wreq_offset/U_fifo_srl/ap_clk
    SLICE_X12Y57         FDRE                                         r  design_1_i/cnn_accel_top_0/inst/gmem_out_m_axi_U/store_unit_0/bus_wide_gen.wreq_offset/U_fifo_srl/dout_reg[30]/C
  -------------------------------------------------------------------    -------------------
    SLICE_X12Y57         FDRE (Prop_GFF2_SLICEM_C_Q)
                                                      0.114     3.145 r  design_1_i/cnn_accel_top_0/inst/gmem_out_m_axi_U/store_unit_0/bus_wide_gen.wreq_offset/U_fifo_srl/dout_reg[30]/Q
                         net (fo=1, routed)           0.100     3.245    design_1_i/cnn_accel_top_0/inst/gmem_out_m_axi_U/store_unit_0/bus_wide_gen.wreq_offset_n_15
    SLICE_X11Y57         FDRE                                         r  design_1_i/cnn_accel_top_0/inst/gmem_out_m_axi_U/store_unit_0/bus_wide_gen.offset_pack_reg_reg[30]/D
  -------------------------------------------------------------------    -------------------

                         (clock clk_pl_0 rise edge)
                                                      0.000     0.000 r  
    PS8_X0Y0             PS8                          0.000     0.000 r  design_1_i/zynq_ps/inst/PS8_i/PLCLK[0]
                         net (fo=1, routed)           0.229     0.229    design_1_i/zynq_ps/inst/pl_clk_unbuffered[0]
    BUFG_PS_X0Y80        BUFG_PS (Prop_BUFG_PS_I_O)
                                                      0.038     0.267 r  design_1_i/zynq_ps/inst/buffer_pl_clk_0.PL_CLK_0_BUFG/O
    X1Y1 (CLOCK_ROOT)    net (fo=31682, routed)       3.098     3.365    design_1_i/cnn_accel_top_0/inst/gmem_out_m_axi_U/store_unit_0/ap_clk
    SLICE_X11Y57         FDRE                                         r  design_1_i/cnn_accel_top_0/inst/gmem_out_m_axi_U/store_unit_0/bus_wide_gen.offset_pack_reg_reg[30]/C
                         clock pessimism             -0.234     3.131    
    SLICE_X11Y57         FDRE (Hold_AFF2_SLICEL_C_D)
                                                      0.102     3.233    design_1_i/cnn_accel_top_0/inst/gmem_out_m_axi_U/store_unit_0/bus_wide_gen.offset_pack_reg_reg[30]
  -------------------------------------------------------------------
                         required time                         -3.233    
                         arrival time                           3.245    
  -------------------------------------------------------------------
                         slack                                  0.012    

Slack (MET) :             0.013ns  (arrival time - required time)
  Source:                 <hidden>
                            (rising edge-triggered cell FDRE clocked by clk_pl_0  {rise@0.000ns fall@3.500ns period=7.000ns})
  Destination:            <hidden>
                            (rising edge-triggered cell FDRE clocked by clk_pl_0  {rise@0.000ns fall@3.500ns period=7.000ns})
  Path Group:             clk_pl_0
  Path Type:              Hold (Min at Slow Process Corner)
  Requirement:            0.000ns  (clk_pl_0 rise@0.000ns - clk_pl_0 rise@0.000ns)
  Data Path Delay:        0.222ns  (logic 0.112ns (50.382%)  route 0.110ns (49.618%))
  Logic Levels:           0  
  Clock Path Skew:        0.108ns (DCD - SCD - CPR)
    Destination Clock Delay (DCD):    3.371ns
    Source Clock Delay      (SCD):    3.023ns
    Clock Pessimism Removal (CPR):    0.240ns
  Clock Net Delay (Source):      2.807ns (routing 1.450ns, distribution 1.357ns)
  Clock Net Delay (Destination): 3.104ns (routing 1.584ns, distribution 1.520ns)

    Location             Delay type                Incr(ns)  Path(ns)    Netlist Resource(s)
  -------------------------------------------------------------------    -------------------
                         (clock clk_pl_0 rise edge)
                                                      0.000     0.000 r  
    PS8_X0Y0             PS8                          0.000     0.000 r  design_1_i/zynq_ps/inst/PS8_i/PLCLK[0]
                         net (fo=1, routed)           0.181     0.181    design_1_i/zynq_ps/inst/pl_clk_unbuffered[0]
    BUFG_PS_X0Y80        BUFG_PS (Prop_BUFG_PS_I_O)
                                                      0.035     0.216 r  design_1_i/zynq_ps/inst/buffer_pl_clk_0.PL_CLK_0_BUFG/O
    X1Y1 (CLOCK_ROOT)    net (fo=31682, routed)       2.807     3.023    <hidden>
    SLICE_X0Y93          FDRE                                         r  <hidden>
  -------------------------------------------------------------------    -------------------
    SLICE_X0Y93          FDRE (Prop_BFF_SLICEL_C_Q)
                                                      0.112     3.135 r  <hidden>
                         net (fo=2, routed)           0.110     3.245    <hidden>
    SLICE_X1Y93          FDRE                                         r  <hidden>
  -------------------------------------------------------------------    -------------------

                         (clock clk_pl_0 rise edge)
                                                      0.000     0.000 r  
    PS8_X0Y0             PS8                          0.000     0.000 r  design_1_i/zynq_ps/inst/PS8_i/PLCLK[0]
                         net (fo=1, routed)           0.229     0.229    design_1_i/zynq_ps/inst/pl_clk_unbuffered[0]
    BUFG_PS_X0Y80        BUFG_PS (Prop_BUFG_PS_I_O)
                                                      0.038     0.267 r  design_1_i/zynq_ps/inst/buffer_pl_clk_0.PL_CLK_0_BUFG/O
    X1Y1 (CLOCK_ROOT)    net (fo=31682, routed)       3.104     3.371    <hidden>
    SLICE_X1Y93          FDRE                                         r  <hidden>
                         clock pessimism             -0.240     3.131    
    SLICE_X1Y93          FDRE (Hold_CFF2_SLICEM_C_D)
                                                      0.102     3.233    <hidden>
  -------------------------------------------------------------------
                         required time                         -3.233    
                         arrival time                           3.245    
  -------------------------------------------------------------------
                         slack                                  0.013    

Slack (MET) :             0.013ns  (arrival time - required time)
  Source:                 design_1_i/cnn_accel_top_0/inst/gmem_param_m_axi_U/bus_read/rreq_burst_conv/end_from_4k_reg[3]/C
                            (rising edge-triggered cell FDRE clocked by clk_pl_0  {rise@0.000ns fall@3.500ns period=7.000ns})
  Destination:            design_1_i/cnn_accel_top_0/inst/gmem_param_m_axi_U/bus_read/rreq_burst_conv/sect_len_buf_reg[3]/D
                            (rising edge-triggered cell FDRE clocked by clk_pl_0  {rise@0.000ns fall@3.500ns period=7.000ns})
  Path Group:             clk_pl_0
  Path Type:              Hold (Min at Slow Process Corner)
  Requirement:            0.000ns  (clk_pl_0 rise@0.000ns - clk_pl_0 rise@0.000ns)
  Data Path Delay:        0.322ns  (logic 0.165ns (51.242%)  route 0.157ns (48.758%))
  Logic Levels:           1  (LUT6=1)
  Clock Path Skew:        0.209ns (DCD - SCD - CPR)
    Destination Clock Delay (DCD):    3.301ns
    Source Clock Delay      (SCD):    2.852ns
    Clock Pessimism Removal (CPR):    0.239ns
  Clock Net Delay (Source):      2.636ns (routing 1.450ns, distribution 1.186ns)
  Clock Net Delay (Destination): 3.034ns (routing 1.584ns, distribution 1.450ns)

    Location             Delay type                Incr(ns)  Path(ns)    Netlist Resource(s)
  -------------------------------------------------------------------    -------------------
                         (clock clk_pl_0 rise edge)
                                                      0.000     0.000 r  
    PS8_X0Y0             PS8                          0.000     0.000 r  design_1_i/zynq_ps/inst/PS8_i/PLCLK[0]
                         net (fo=1, routed)           0.181     0.181    design_1_i/zynq_ps/inst/pl_clk_unbuffered[0]
    BUFG_PS_X0Y80        BUFG_PS (Prop_BUFG_PS_I_O)
                                                      0.035     0.216 r  design_1_i/zynq_ps/inst/buffer_pl_clk_0.PL_CLK_0_BUFG/O
    X1Y1 (CLOCK_ROOT)    net (fo=31682, routed)       2.636     2.852    design_1_i/cnn_accel_top_0/inst/gmem_param_m_axi_U/bus_read/rreq_burst_conv/ap_clk
    SLICE_X40Y62         FDRE                                         r  design_1_i/cnn_accel_top_0/inst/gmem_param_m_axi_U/bus_read/rreq_burst_conv/end_from_4k_reg[3]/C
  -------------------------------------------------------------------    -------------------
    SLICE_X40Y62         FDRE (Prop_GFF_SLICEM_C_Q)
                                                      0.112     2.964 r  design_1_i/cnn_accel_top_0/inst/gmem_param_m_axi_U/bus_read/rreq_burst_conv/end_from_4k_reg[3]/Q
                         net (fo=1, routed)           0.119     3.083    design_1_i/cnn_accel_top_0/inst/gmem_param_m_axi_U/bus_read/rreq_burst_conv/end_from_4k[3]
    SLICE_X41Y61         LUT6 (Prop_G6LUT_SLICEM_I5_O)
                                                      0.053     3.136 r  design_1_i/cnn_accel_top_0/inst/gmem_param_m_axi_U/bus_read/rreq_burst_conv/sect_len_buf[3]_i_1/O
                         net (fo=1, routed)           0.038     3.174    design_1_i/cnn_accel_top_0/inst/gmem_param_m_axi_U/bus_read/rreq_burst_conv/sect_len[3]
    SLICE_X41Y61         FDRE                                         r  design_1_i/cnn_accel_top_0/inst/gmem_param_m_axi_U/bus_read/rreq_burst_conv/sect_len_buf_reg[3]/D
  -------------------------------------------------------------------    -------------------

                         (clock clk_pl_0 rise edge)
                                                      0.000     0.000 r  
    PS8_X0Y0             PS8                          0.000     0.000 r  design_1_i/zynq_ps/inst/PS8_i/PLCLK[0]
                         net (fo=1, routed)           0.229     0.229    design_1_i/zynq_ps/inst/pl_clk_unbuffered[0]
    BUFG_PS_X0Y80        BUFG_PS (Prop_BUFG_PS_I_O)
                                                      0.038     0.267 r  design_1_i/zynq_ps/inst/buffer_pl_clk_0.PL_CLK_0_BUFG/O
    X1Y1 (CLOCK_ROOT)    net (fo=31682, routed)       3.034     3.301    design_1_i/cnn_accel_top_0/inst/gmem_param_m_axi_U/bus_read/rreq_burst_conv/ap_clk
    SLICE_X41Y61         FDRE                                         r  design_1_i/cnn_accel_top_0/inst/gmem_param_m_axi_U/bus_read/rreq_burst_conv/sect_len_buf_reg[3]/C
                         clock pessimism             -0.239     3.061    
    SLICE_X41Y61         FDRE (Hold_GFF_SLICEM_C_D)
                                                      0.100     3.161    design_1_i/cnn_accel_top_0/inst/gmem_param_m_axi_U/bus_read/rreq_burst_conv/sect_len_buf_reg[3]
  -------------------------------------------------------------------
                         required time                         -3.161    
                         arrival time                           3.174    
  -------------------------------------------------------------------
                         slack                                  0.013    

Slack (MET) :             0.013ns  (arrival time - required time)
  Source:                 <hidden>
                            (rising edge-triggered cell FDRE clocked by clk_pl_0  {rise@0.000ns fall@3.500ns period=7.000ns})
  Destination:            <hidden>
                            (rising edge-triggered cell FDRE clocked by clk_pl_0  {rise@0.000ns fall@3.500ns period=7.000ns})
  Path Group:             clk_pl_0
  Path Type:              Hold (Min at Slow Process Corner)
  Requirement:            0.000ns  (clk_pl_0 rise@0.000ns - clk_pl_0 rise@0.000ns)
  Data Path Delay:        0.222ns  (logic 0.112ns (50.450%)  route 0.110ns (49.550%))
  Logic Levels:           0  
  Clock Path Skew:        0.107ns (DCD - SCD - CPR)
    Destination Clock Delay (DCD):    3.394ns
    Source Clock Delay      (SCD):    3.047ns
    Clock Pessimism Removal (CPR):    0.240ns
  Clock Net Delay (Source):      2.831ns (routing 1.450ns, distribution 1.381ns)
  Clock Net Delay (Destination): 3.127ns (routing 1.584ns, distribution 1.543ns)

    Location             Delay type                Incr(ns)  Path(ns)    Netlist Resource(s)
  -------------------------------------------------------------------    -------------------
                         (clock clk_pl_0 rise edge)
                                                      0.000     0.000 r  
    PS8_X0Y0             PS8                          0.000     0.000 r  design_1_i/zynq_ps/inst/PS8_i/PLCLK[0]
                         net (fo=1, routed)           0.181     0.181    design_1_i/zynq_ps/inst/pl_clk_unbuffered[0]
    BUFG_PS_X0Y80        BUFG_PS (Prop_BUFG_PS_I_O)
                                                      0.035     0.216 r  design_1_i/zynq_ps/inst/buffer_pl_clk_0.PL_CLK_0_BUFG/O
    X1Y1 (CLOCK_ROOT)    net (fo=31682, routed)       2.831     3.047    <hidden>
    SLICE_X4Y75          FDRE                                         r  <hidden>
  -------------------------------------------------------------------    -------------------
    SLICE_X4Y75          FDRE (Prop_GFF_SLICEM_C_Q)
                                                      0.112     3.159 r  <hidden>
                         net (fo=1, routed)           0.110     3.269    <hidden>
    SLICE_X2Y75          FDRE                                         r  <hidden>
  -------------------------------------------------------------------    -------------------

                         (clock clk_pl_0 rise edge)
                                                      0.000     0.000 r  
    PS8_X0Y0             PS8                          0.000     0.000 r  design_1_i/zynq_ps/inst/PS8_i/PLCLK[0]
                         net (fo=1, routed)           0.229     0.229    design_1_i/zynq_ps/inst/pl_clk_unbuffered[0]
    BUFG_PS_X0Y80        BUFG_PS (Prop_BUFG_PS_I_O)
                                                      0.038     0.267 r  design_1_i/zynq_ps/inst/buffer_pl_clk_0.PL_CLK_0_BUFG/O
    X1Y1 (CLOCK_ROOT)    net (fo=31682, routed)       3.127     3.394    <hidden>
    SLICE_X2Y75          FDRE                                         r  <hidden>
                         clock pessimism             -0.240     3.154    
    SLICE_X2Y75          FDRE (Hold_BFF2_SLICEM_C_D)
                                                      0.102     3.256    <hidden>
  -------------------------------------------------------------------
                         required time                         -3.256    
                         arrival time                           3.269    
  -------------------------------------------------------------------
                         slack                                  0.013    

Slack (MET) :             0.013ns  (arrival time - required time)
  Source:                 <hidden>
                            (rising edge-triggered cell FDRE clocked by clk_pl_0  {rise@0.000ns fall@3.500ns period=7.000ns})
  Destination:            <hidden>
                            (rising edge-triggered cell FDRE clocked by clk_pl_0  {rise@0.000ns fall@3.500ns period=7.000ns})
  Path Group:             clk_pl_0
  Path Type:              Hold (Min at Slow Process Corner)
  Requirement:            0.000ns  (clk_pl_0 rise@0.000ns - clk_pl_0 rise@0.000ns)
  Data Path Delay:        0.246ns  (logic 0.115ns (46.842%)  route 0.131ns (53.158%))
  Logic Levels:           0  
  Clock Path Skew:        0.129ns (DCD - SCD - CPR)
    Destination Clock Delay (DCD):    3.207ns
    Source Clock Delay      (SCD):    2.847ns
    Clock Pessimism Removal (CPR):    0.230ns
  Clock Net Delay (Source):      2.631ns (routing 1.450ns, distribution 1.181ns)
  Clock Net Delay (Destination): 2.940ns (routing 1.584ns, distribution 1.356ns)

    Location             Delay type                Incr(ns)  Path(ns)    Netlist Resource(s)
  -------------------------------------------------------------------    -------------------
                         (clock clk_pl_0 rise edge)
                                                      0.000     0.000 r  
    PS8_X0Y0             PS8                          0.000     0.000 r  design_1_i/zynq_ps/inst/PS8_i/PLCLK[0]
                         net (fo=1, routed)           0.181     0.181    design_1_i/zynq_ps/inst/pl_clk_unbuffered[0]
    BUFG_PS_X0Y80        BUFG_PS (Prop_BUFG_PS_I_O)
                                                      0.035     0.216 r  design_1_i/zynq_ps/inst/buffer_pl_clk_0.PL_CLK_0_BUFG/O
    X1Y1 (CLOCK_ROOT)    net (fo=31682, routed)       2.631     2.847    <hidden>
    SLICE_X27Y56         FDRE                                         r  <hidden>
  -------------------------------------------------------------------    -------------------
    SLICE_X27Y56         FDRE (Prop_DFF2_SLICEL_C_Q)
                                                      0.115     2.962 r  <hidden>
                         net (fo=3, routed)           0.131     3.093    <hidden>
    SLICE_X26Y56         FDRE                                         r  <hidden>
  -------------------------------------------------------------------    -------------------

                         (clock clk_pl_0 rise edge)
                                                      0.000     0.000 r  
    PS8_X0Y0             PS8                          0.000     0.000 r  design_1_i/zynq_ps/inst/PS8_i/PLCLK[0]
                         net (fo=1, routed)           0.229     0.229    design_1_i/zynq_ps/inst/pl_clk_unbuffered[0]
    BUFG_PS_X0Y80        BUFG_PS (Prop_BUFG_PS_I_O)
                                                      0.038     0.267 r  design_1_i/zynq_ps/inst/buffer_pl_clk_0.PL_CLK_0_BUFG/O
    X1Y1 (CLOCK_ROOT)    net (fo=31682, routed)       2.940     3.207    <hidden>
    SLICE_X26Y56         FDRE                                         r  <hidden>
                         clock pessimism             -0.230     2.977    
    SLICE_X26Y56         FDRE (Hold_FFF2_SLICEL_C_D)
                                                      0.103     3.080    <hidden>
  -------------------------------------------------------------------
                         required time                         -3.080    
                         arrival time                           3.093    
  -------------------------------------------------------------------
                         slack                                  0.013    

Slack (MET) :             0.014ns  (arrival time - required time)
  Source:                 design_1_i/cnn_accel_top_0/inst/gmem_in_m_axi_U/load_unit_0/fifo_rreq/U_fifo_srl/dout_reg[42]/C
                            (rising edge-triggered cell FDRE clocked by clk_pl_0  {rise@0.000ns fall@3.500ns period=7.000ns})
  Destination:            design_1_i/cnn_accel_top_0/inst/gmem_in_m_axi_U/load_unit_0/tmp_addr_reg[43]/D
                            (rising edge-triggered cell FDRE clocked by clk_pl_0  {rise@0.000ns fall@3.500ns period=7.000ns})
  Path Group:             clk_pl_0
  Path Type:              Hold (Min at Slow Process Corner)
  Requirement:            0.000ns  (clk_pl_0 rise@0.000ns - clk_pl_0 rise@0.000ns)
  Data Path Delay:        0.235ns  (logic 0.112ns (47.660%)  route 0.123ns (52.340%))
  Logic Levels:           0  
  Clock Path Skew:        0.118ns (DCD - SCD - CPR)
    Destination Clock Delay (DCD):    3.368ns
    Source Clock Delay      (SCD):    3.015ns
    Clock Pessimism Removal (CPR):    0.234ns
  Clock Net Delay (Source):      2.799ns (routing 1.450ns, distribution 1.349ns)
  Clock Net Delay (Destination): 3.101ns (routing 1.584ns, distribution 1.517ns)

    Location             Delay type                Incr(ns)  Path(ns)    Netlist Resource(s)
  -------------------------------------------------------------------    -------------------
                         (clock clk_pl_0 rise edge)
                                                      0.000     0.000 r  
    PS8_X0Y0             PS8                          0.000     0.000 r  design_1_i/zynq_ps/inst/PS8_i/PLCLK[0]
                         net (fo=1, routed)           0.181     0.181    design_1_i/zynq_ps/inst/pl_clk_unbuffered[0]
    BUFG_PS_X0Y80        BUFG_PS (Prop_BUFG_PS_I_O)
                                                      0.035     0.216 r  design_1_i/zynq_ps/inst/buffer_pl_clk_0.PL_CLK_0_BUFG/O
    X1Y1 (CLOCK_ROOT)    net (fo=31682, routed)       2.799     3.015    design_1_i/cnn_accel_top_0/inst/gmem_in_m_axi_U/load_unit_0/fifo_rreq/U_fifo_srl/ap_clk
    SLICE_X17Y19         FDRE                                         r  design_1_i/cnn_accel_top_0/inst/gmem_in_m_axi_U/load_unit_0/fifo_rreq/U_fifo_srl/dout_reg[42]/C
  -------------------------------------------------------------------    -------------------
    SLICE_X17Y19         FDRE (Prop_HFF_SLICEM_C_Q)
                                                      0.112     3.127 r  design_1_i/cnn_accel_top_0/inst/gmem_in_m_axi_U/load_unit_0/fifo_rreq/U_fifo_srl/dout_reg[42]/Q
                         net (fo=1, routed)           0.123     3.250    design_1_i/cnn_accel_top_0/inst/gmem_in_m_axi_U/load_unit_0/fifo_rreq_n_52
    SLICE_X16Y20         FDRE                                         r  design_1_i/cnn_accel_top_0/inst/gmem_in_m_axi_U/load_unit_0/tmp_addr_reg[43]/D
  -------------------------------------------------------------------    -------------------

                         (clock clk_pl_0 rise edge)
                                                      0.000     0.000 r  
    PS8_X0Y0             PS8                          0.000     0.000 r  design_1_i/zynq_ps/inst/PS8_i/PLCLK[0]
                         net (fo=1, routed)           0.229     0.229    design_1_i/zynq_ps/inst/pl_clk_unbuffered[0]
    BUFG_PS_X0Y80        BUFG_PS (Prop_BUFG_PS_I_O)
                                                      0.038     0.267 r  design_1_i/zynq_ps/inst/buffer_pl_clk_0.PL_CLK_0_BUFG/O
    X1Y1 (CLOCK_ROOT)    net (fo=31682, routed)       3.101     3.368    design_1_i/cnn_accel_top_0/inst/gmem_in_m_axi_U/load_unit_0/ap_clk
    SLICE_X16Y20         FDRE                                         r  design_1_i/cnn_accel_top_0/inst/gmem_in_m_axi_U/load_unit_0/tmp_addr_reg[43]/C
                         clock pessimism             -0.234     3.133    
    SLICE_X16Y20         FDRE (Hold_GFF2_SLICEL_C_D)
                                                      0.103     3.236    design_1_i/cnn_accel_top_0/inst/gmem_in_m_axi_U/load_unit_0/tmp_addr_reg[43]
  -------------------------------------------------------------------
                         required time                         -3.236    
                         arrival time                           3.250    
  -------------------------------------------------------------------
                         slack                                  0.014    

Slack (MET) :             0.014ns  (arrival time - required time)
  Source:                 design_1_i/cnn_accel_top_0/inst/gmem_param_m_axi_U/bus_read/rs_rdata/data_p1_reg[63]/C
                            (rising edge-triggered cell FDRE clocked by clk_pl_0  {rise@0.000ns fall@3.500ns period=7.000ns})
  Destination:            design_1_i/cnn_accel_top_0/inst/gmem_param_m_axi_U/load_unit_0/buff_rdata/U_fifo_mem/mem_reg_bram_1/DINADIN[27]
                            (rising edge-triggered cell RAMB36E2 clocked by clk_pl_0  {rise@0.000ns fall@3.500ns period=7.000ns})
  Path Group:             clk_pl_0
  Path Type:              Hold (Min at Slow Process Corner)
  Requirement:            0.000ns  (clk_pl_0 rise@0.000ns - clk_pl_0 rise@0.000ns)
  Data Path Delay:        0.220ns  (logic 0.112ns (50.909%)  route 0.108ns (49.091%))
  Logic Levels:           0  
  Clock Path Skew:        0.254ns (DCD - SCD - CPR)
    Destination Clock Delay (DCD):    3.513ns
    Source Clock Delay      (SCD):    3.010ns
    Clock Pessimism Removal (CPR):    0.248ns
  Clock Net Delay (Source):      2.794ns (routing 1.450ns, distribution 1.344ns)
  Clock Net Delay (Destination): 3.246ns (routing 1.584ns, distribution 1.662ns)

    Location             Delay type                Incr(ns)  Path(ns)    Netlist Resource(s)
  -------------------------------------------------------------------    -------------------
                         (clock clk_pl_0 rise edge)
                                                      0.000     0.000 r  
    PS8_X0Y0             PS8                          0.000     0.000 r  design_1_i/zynq_ps/inst/PS8_i/PLCLK[0]
                         net (fo=1, routed)           0.181     0.181    design_1_i/zynq_ps/inst/pl_clk_unbuffered[0]
    BUFG_PS_X0Y80        BUFG_PS (Prop_BUFG_PS_I_O)
                                                      0.035     0.216 r  design_1_i/zynq_ps/inst/buffer_pl_clk_0.PL_CLK_0_BUFG/O
    X1Y1 (CLOCK_ROOT)    net (fo=31682, routed)       2.794     3.010    design_1_i/cnn_accel_top_0/inst/gmem_param_m_axi_U/bus_read/rs_rdata/ap_clk
    SLICE_X48Y139        FDRE                                         r  design_1_i/cnn_accel_top_0/inst/gmem_param_m_axi_U/bus_read/rs_rdata/data_p1_reg[63]/C
  -------------------------------------------------------------------    -------------------
    SLICE_X48Y139        FDRE (Prop_DFF_SLICEL_C_Q)
                                                      0.112     3.122 r  design_1_i/cnn_accel_top_0/inst/gmem_param_m_axi_U/bus_read/rs_rdata/data_p1_reg[63]/Q
                         net (fo=1, routed)           0.108     3.230    design_1_i/cnn_accel_top_0/inst/gmem_param_m_axi_U/load_unit_0/buff_rdata/U_fifo_mem/din[63]
    RAMB36_X1Y27         RAMB36E2                                     r  design_1_i/cnn_accel_top_0/inst/gmem_param_m_axi_U/load_unit_0/buff_rdata/U_fifo_mem/mem_reg_bram_1/DINADIN[27]
  -------------------------------------------------------------------    -------------------

                         (clock clk_pl_0 rise edge)
                                                      0.000     0.000 r  
    PS8_X0Y0             PS8                          0.000     0.000 r  design_1_i/zynq_ps/inst/PS8_i/PLCLK[0]
                         net (fo=1, routed)           0.229     0.229    design_1_i/zynq_ps/inst/pl_clk_unbuffered[0]
    BUFG_PS_X0Y80        BUFG_PS (Prop_BUFG_PS_I_O)
                                                      0.038     0.267 r  design_1_i/zynq_ps/inst/buffer_pl_clk_0.PL_CLK_0_BUFG/O
    X1Y1 (CLOCK_ROOT)    net (fo=31682, routed)       3.246     3.513    design_1_i/cnn_accel_top_0/inst/gmem_param_m_axi_U/load_unit_0/buff_rdata/U_fifo_mem/ap_clk
    RAMB36_X1Y27         RAMB36E2                                     r  design_1_i/cnn_accel_top_0/inst/gmem_param_m_axi_U/load_unit_0/buff_rdata/U_fifo_mem/mem_reg_bram_1/CLKARDCLK
                         clock pessimism             -0.248     3.264    
    RAMB36_X1Y27         RAMB36E2 (Hold_RAMB36E2_RAMB36_CLKARDCLK_DINADIN[27])
                                                     -0.048     3.216    design_1_i/cnn_accel_top_0/inst/gmem_param_m_axi_U/load_unit_0/buff_rdata/U_fifo_mem/mem_reg_bram_1
  -------------------------------------------------------------------
                         required time                         -3.216    
                         arrival time                           3.230    
  -------------------------------------------------------------------
                         slack                                  0.014    





Pulse Width Checks
--------------------------------------------------------------------------------------
Clock Name:         clk_pl_0
Waveform(ns):       { 0.000 3.500 }
Period(ns):         7.000
Sources:            { design_1_i/zynq_ps/inst/PS8_i/PLCLK[0] }

Check Type        Corner  Lib Pin          Reference Pin  Required(ns)  Actual(ns)  Slack(ns)  Location       Pin
Min Period        n/a     PS8/MAXIGP0ACLK  n/a            3.000         7.000       4.000      PS8_X0Y0       design_1_i/zynq_ps/inst/PS8_i/MAXIGP0ACLK
Min Period        n/a     PS8/SAXIGP0RCLK  n/a            3.000         7.000       4.000      PS8_X0Y0       design_1_i/zynq_ps/inst/PS8_i/SAXIGP0RCLK
Min Period        n/a     PS8/SAXIGP0WCLK  n/a            3.000         7.000       4.000      PS8_X0Y0       design_1_i/zynq_ps/inst/PS8_i/SAXIGP0WCLK
Min Period        n/a     URAM288/CLK      n/a            2.471         7.000       4.529      URAM288_X0Y12  design_1_i/cnn_accel_top_0/inst/cnn_accel_top_short_const_short_short_const_short_const_int_int_int_i_1_U/genblk1[1].ram_reg_uram_0/CLK
Min Period        n/a     URAM288/CLK      n/a            2.471         7.000       4.529      URAM288_X0Y13  design_1_i/cnn_accel_top_0/inst/cnn_accel_top_short_const_short_short_const_short_const_int_int_int_i_1_U/genblk1[1].ram_reg_uram_1/CLK
Min Period        n/a     URAM288/CLK      n/a            2.471         7.000       4.529      URAM288_X0Y4   design_1_i/cnn_accel_top_0/inst/cnn_accel_top_short_const_short_short_const_short_const_int_int_int_i_2_U/genblk1[1].ram_reg_uram_0/CLK
Min Period        n/a     URAM288/CLK      n/a            2.471         7.000       4.529      URAM288_X0Y8   design_1_i/cnn_accel_top_0/inst/cnn_accel_top_short_const_short_short_const_short_const_int_int_int_i_2_U/genblk1[1].ram_reg_uram_1/CLK
Min Period        n/a     URAM288/CLK      n/a            2.471         7.000       4.529      URAM288_X0Y5   design_1_i/cnn_accel_top_0/inst/cnn_accel_top_short_const_short_short_const_short_const_int_int_int_i_3_U/genblk1[1].ram_reg_uram_0/CLK
Min Period        n/a     URAM288/CLK      n/a            2.471         7.000       4.529      URAM288_X0Y9   design_1_i/cnn_accel_top_0/inst/cnn_accel_top_short_const_short_short_const_short_const_int_int_int_i_3_U/genblk1[1].ram_reg_uram_1/CLK
Min Period        n/a     URAM288/CLK      n/a            2.471         7.000       4.529      URAM288_X0Y20  design_1_i/cnn_accel_top_0/inst/cnn_accel_top_short_const_short_short_const_short_const_int_int_int_i_4_U/genblk1[1].ram_reg_uram_0/CLK
Low Pulse Width   Slow    PS8/MAXIGP0ACLK  n/a            1.500         3.500       2.000      PS8_X0Y0       design_1_i/zynq_ps/inst/PS8_i/MAXIGP0ACLK
Low Pulse Width   Fast    PS8/MAXIGP0ACLK  n/a            1.500         3.500       2.000      PS8_X0Y0       design_1_i/zynq_ps/inst/PS8_i/MAXIGP0ACLK
Low Pulse Width   Slow    PS8/SAXIGP0RCLK  n/a            1.500         3.500       2.000      PS8_X0Y0       design_1_i/zynq_ps/inst/PS8_i/SAXIGP0RCLK
Low Pulse Width   Fast    PS8/SAXIGP0RCLK  n/a            1.500         3.500       2.000      PS8_X0Y0       design_1_i/zynq_ps/inst/PS8_i/SAXIGP0RCLK
Low Pulse Width   Slow    PS8/SAXIGP0WCLK  n/a            1.500         3.500       2.000      PS8_X0Y0       design_1_i/zynq_ps/inst/PS8_i/SAXIGP0WCLK
Low Pulse Width   Fast    PS8/SAXIGP0WCLK  n/a            1.500         3.500       2.000      PS8_X0Y0       design_1_i/zynq_ps/inst/PS8_i/SAXIGP0WCLK
Low Pulse Width   Slow    URAM288/CLK      n/a            0.800         3.500       2.700      URAM288_X0Y12  design_1_i/cnn_accel_top_0/inst/cnn_accel_top_short_const_short_short_const_short_const_int_int_int_i_1_U/genblk1[1].ram_reg_uram_0/CLK
Low Pulse Width   Fast    URAM288/CLK      n/a            0.800         3.500       2.700      URAM288_X0Y12  design_1_i/cnn_accel_top_0/inst/cnn_accel_top_short_const_short_short_const_short_const_int_int_int_i_1_U/genblk1[1].ram_reg_uram_0/CLK
Low Pulse Width   Slow    URAM288/CLK      n/a            0.800         3.500       2.700      URAM288_X0Y13  design_1_i/cnn_accel_top_0/inst/cnn_accel_top_short_const_short_short_const_short_const_int_int_int_i_1_U/genblk1[1].ram_reg_uram_1/CLK
Low Pulse Width   Fast    URAM288/CLK      n/a            0.800         3.500       2.700      URAM288_X0Y13  design_1_i/cnn_accel_top_0/inst/cnn_accel_top_short_const_short_short_const_short_const_int_int_int_i_1_U/genblk1[1].ram_reg_uram_1/CLK
High Pulse Width  Slow    PS8/MAXIGP0ACLK  n/a            1.500         3.500       2.000      PS8_X0Y0       design_1_i/zynq_ps/inst/PS8_i/MAXIGP0ACLK
High Pulse Width  Fast    PS8/MAXIGP0ACLK  n/a            1.500         3.500       2.000      PS8_X0Y0       design_1_i/zynq_ps/inst/PS8_i/MAXIGP0ACLK
High Pulse Width  Slow    PS8/SAXIGP0RCLK  n/a            1.500         3.500       2.000      PS8_X0Y0       design_1_i/zynq_ps/inst/PS8_i/SAXIGP0RCLK
High Pulse Width  Fast    PS8/SAXIGP0RCLK  n/a            1.500         3.500       2.000      PS8_X0Y0       design_1_i/zynq_ps/inst/PS8_i/SAXIGP0RCLK
High Pulse Width  Slow    PS8/SAXIGP0WCLK  n/a            1.500         3.500       2.000      PS8_X0Y0       design_1_i/zynq_ps/inst/PS8_i/SAXIGP0WCLK
High Pulse Width  Fast    PS8/SAXIGP0WCLK  n/a            1.500         3.500       2.000      PS8_X0Y0       design_1_i/zynq_ps/inst/PS8_i/SAXIGP0WCLK
High Pulse Width  Slow    URAM288/CLK      n/a            0.800         3.500       2.700      URAM288_X0Y12  design_1_i/cnn_accel_top_0/inst/cnn_accel_top_short_const_short_short_const_short_const_int_int_int_i_1_U/genblk1[1].ram_reg_uram_0/CLK
High Pulse Width  Fast    URAM288/CLK      n/a            0.800         3.500       2.700      URAM288_X0Y12  design_1_i/cnn_accel_top_0/inst/cnn_accel_top_short_const_short_short_const_short_const_int_int_int_i_1_U/genblk1[1].ram_reg_uram_0/CLK
High Pulse Width  Slow    URAM288/CLK      n/a            0.800         3.500       2.700      URAM288_X0Y13  design_1_i/cnn_accel_top_0/inst/cnn_accel_top_short_const_short_short_const_short_const_int_int_int_i_1_U/genblk1[1].ram_reg_uram_1/CLK
High Pulse Width  Fast    URAM288/CLK      n/a            0.800         3.500       2.700      URAM288_X0Y13  design_1_i/cnn_accel_top_0/inst/cnn_accel_top_short_const_short_short_const_short_const_int_int_int_i_1_U/genblk1[1].ram_reg_uram_1/CLK



--------------------------------------------------------------------------------------
Path Group:  (none)
From Clock:  
  To Clock:  clk_pl_0

Max Delay             1 Endpoint
Min Delay             1 Endpoint
--------------------------------------------------------------------------------------


Max Delay Paths
--------------------------------------------------------------------------------------
Slack:                    inf
  Source:                 design_1_i/zynq_ps/inst/PS8_i/EMIOGPIOO[95]
                            (internal pin)
  Destination:            design_1_i/proc_sys_reset_0/U0/EXT_LPF/ACTIVE_LOW_EXT.ACT_LO_EXT/GENERATE_LEVEL_P_S_CDC.SINGLE_BIT.CROSS_PLEVEL_IN2SCNDRY_IN_cdc_to/D
                            (rising edge-triggered cell FDRE clocked by clk_pl_0  {rise@0.000ns fall@3.500ns period=7.000ns})
  Path Group:             (none)
  Path Type:              Setup (Max at Slow Process Corner)
  Data Path Delay:        2.971ns  (logic 0.227ns (7.641%)  route 2.744ns (92.359%))
  Logic Levels:           1  (LUT1=1)
  Clock Uncertainty:      0.140ns  ((TSJ^2 + DJ^2)^1/2) / 2 + PE
    Total System Jitter     (TSJ):    0.050ns
    Discrete Jitter          (DJ):    0.276ns
    Phase Error              (PE):    0.000ns
  Clock Net Delay (Destination): 2.780ns (routing 1.450ns, distribution 1.330ns)
  Timing Exception:       False Path

    Location             Delay type                Incr(ns)  Path(ns)    Netlist Resource(s)
  -------------------------------------------------------------------    -------------------
    PS8_X0Y0             PS8                          0.000     0.000 f  design_1_i/zynq_ps/inst/PS8_i/EMIOGPIOO[95]
                         net (fo=1, routed)           2.133     2.133    design_1_i/proc_sys_reset_0/U0/EXT_LPF/ACTIVE_LOW_EXT.ACT_LO_EXT/ext_reset_in
    SLICE_X15Y84         LUT1 (Prop_H6LUT_SLICEL_I0_O)
                                                      0.227     2.360 r  design_1_i/proc_sys_reset_0/U0/EXT_LPF/ACTIVE_LOW_EXT.ACT_LO_EXT/GENERATE_LEVEL_P_S_CDC.SINGLE_BIT.CROSS_PLEVEL_IN2SCNDRY_IN_cdc_to_i_1/O
                         net (fo=1, routed)           0.611     2.971    design_1_i/proc_sys_reset_0/U0/EXT_LPF/ACTIVE_LOW_EXT.ACT_LO_EXT/exr_d1
    SLICE_X22Y69         FDRE                                         r  design_1_i/proc_sys_reset_0/U0/EXT_LPF/ACTIVE_LOW_EXT.ACT_LO_EXT/GENERATE_LEVEL_P_S_CDC.SINGLE_BIT.CROSS_PLEVEL_IN2SCNDRY_IN_cdc_to/D
  -------------------------------------------------------------------    -------------------

                         (clock clk_pl_0 rise edge)
                                                      0.000     0.000 r  
    PS8_X0Y0             PS8                          0.000     0.000 r  design_1_i/zynq_ps/inst/PS8_i/PLCLK[0]
                         net (fo=1, routed)           0.181     0.181    design_1_i/zynq_ps/inst/pl_clk_unbuffered[0]
    BUFG_PS_X0Y80        BUFG_PS (Prop_BUFG_PS_I_O)
                                                      0.035     0.216 r  design_1_i/zynq_ps/inst/buffer_pl_clk_0.PL_CLK_0_BUFG/O
    X1Y1 (CLOCK_ROOT)    net (fo=31682, routed)       2.780     2.996    design_1_i/proc_sys_reset_0/U0/EXT_LPF/ACTIVE_LOW_EXT.ACT_LO_EXT/slowest_sync_clk
    SLICE_X22Y69         FDRE                                         r  design_1_i/proc_sys_reset_0/U0/EXT_LPF/ACTIVE_LOW_EXT.ACT_LO_EXT/GENERATE_LEVEL_P_S_CDC.SINGLE_BIT.CROSS_PLEVEL_IN2SCNDRY_IN_cdc_to/C





Min Delay Paths
--------------------------------------------------------------------------------------
Slack:                    inf
  Source:                 design_1_i/zynq_ps/inst/PS8_i/EMIOGPIOO[95]
                            (internal pin)
  Destination:            design_1_i/proc_sys_reset_0/U0/EXT_LPF/ACTIVE_LOW_EXT.ACT_LO_EXT/GENERATE_LEVEL_P_S_CDC.SINGLE_BIT.CROSS_PLEVEL_IN2SCNDRY_IN_cdc_to/D
                            (rising edge-triggered cell FDRE clocked by clk_pl_0  {rise@0.000ns fall@3.500ns period=7.000ns})
  Path Group:             (none)
  Path Type:              Hold (Min at Fast Process Corner)
  Data Path Delay:        1.177ns  (logic 0.104ns (8.836%)  route 1.073ns (91.164%))
  Logic Levels:           1  (LUT1=1)
  Clock Uncertainty:      0.140ns  ((TSJ^2 + DJ^2)^1/2) / 2 + PE
    Total System Jitter     (TSJ):    0.050ns
    Discrete Jitter          (DJ):    0.276ns
    Phase Error              (PE):    0.000ns
  Clock Net Delay (Destination): 1.843ns (routing 0.971ns, distribution 0.872ns)
  Timing Exception:       False Path

    Location             Delay type                Incr(ns)  Path(ns)    Netlist Resource(s)
  -------------------------------------------------------------------    -------------------
    PS8_X0Y0             PS8                          0.000     0.000 f  design_1_i/zynq_ps/inst/PS8_i/EMIOGPIOO[95]
                         net (fo=1, routed)           0.873     0.873    design_1_i/proc_sys_reset_0/U0/EXT_LPF/ACTIVE_LOW_EXT.ACT_LO_EXT/ext_reset_in
    SLICE_X15Y84         LUT1 (Prop_H6LUT_SLICEL_I0_O)
                                                      0.104     0.977 r  design_1_i/proc_sys_reset_0/U0/EXT_LPF/ACTIVE_LOW_EXT.ACT_LO_EXT/GENERATE_LEVEL_P_S_CDC.SINGLE_BIT.CROSS_PLEVEL_IN2SCNDRY_IN_cdc_to_i_1/O
                         net (fo=1, routed)           0.200     1.177    design_1_i/proc_sys_reset_0/U0/EXT_LPF/ACTIVE_LOW_EXT.ACT_LO_EXT/exr_d1
    SLICE_X22Y69         FDRE                                         r  design_1_i/proc_sys_reset_0/U0/EXT_LPF/ACTIVE_LOW_EXT.ACT_LO_EXT/GENERATE_LEVEL_P_S_CDC.SINGLE_BIT.CROSS_PLEVEL_IN2SCNDRY_IN_cdc_to/D
  -------------------------------------------------------------------    -------------------

                         (clock clk_pl_0 rise edge)
                                                      0.000     0.000 r  
    PS8_X0Y0             PS8                          0.000     0.000 r  design_1_i/zynq_ps/inst/PS8_i/PLCLK[0]
                         net (fo=1, routed)           0.164     0.164    design_1_i/zynq_ps/inst/pl_clk_unbuffered[0]
    BUFG_PS_X0Y80        BUFG_PS (Prop_BUFG_PS_I_O)
                                                      0.023     0.187 r  design_1_i/zynq_ps/inst/buffer_pl_clk_0.PL_CLK_0_BUFG/O
    X1Y1 (CLOCK_ROOT)    net (fo=31682, routed)       1.843     2.030    design_1_i/proc_sys_reset_0/U0/EXT_LPF/ACTIVE_LOW_EXT.ACT_LO_EXT/slowest_sync_clk
    SLICE_X22Y69         FDRE                                         r  design_1_i/proc_sys_reset_0/U0/EXT_LPF/ACTIVE_LOW_EXT.ACT_LO_EXT/GENERATE_LEVEL_P_S_CDC.SINGLE_BIT.CROSS_PLEVEL_IN2SCNDRY_IN_cdc_to/C





--------------------------------------------------------------------------------------
Path Group:  (none)
From Clock:  clk_pl_0
  To Clock:  clk_pl_0

Max Delay           110 Endpoints
Min Delay           110 Endpoints
--------------------------------------------------------------------------------------


Max Delay Paths
--------------------------------------------------------------------------------------
Slack:                    inf
  Source:                 design_1_i/axi_smc_0/inst/clk_map/psr_aclk/U0/ACTIVE_LOW_BSR_OUT_DFF[0].FDRE_BSR_N/C
                            (rising edge-triggered cell FDRE clocked by clk_pl_0  {rise@0.000ns fall@3.500ns period=7.000ns})
  Destination:            <hidden>
                            (recovery check against rising-edge clock clk_pl_0  {rise@0.000ns fall@3.500ns period=7.000ns})
  Path Group:             (none)
  Path Type:              Recovery (Max at Slow Process Corner)
  Data Path Delay:        4.263ns  (logic 0.113ns (2.651%)  route 4.150ns (97.349%))
  Logic Levels:           0  
  Clock Path Skew:        -0.320ns (DCD - SCD + CPR)
    Destination Clock Delay (DCD):    3.066ns
    Source Clock Delay      (SCD):    3.386ns
    Clock Pessimism Removal (CPR):    0.000ns
  Clock Uncertainty:      0.142ns  ((TSJ^2 + DJ^2)^1/2) / 2 + PE
    Total System Jitter     (TSJ):    0.071ns
    Discrete Jitter          (DJ):    0.276ns
    Phase Error              (PE):    0.000ns
  Clock Net Delay (Source):      3.119ns (routing 1.584ns, distribution 1.535ns)
  Clock Net Delay (Destination): 2.850ns (routing 1.450ns, distribution 1.400ns)
  Timing Exception:       False Path

    Location             Delay type                Incr(ns)  Path(ns)    Netlist Resource(s)
  -------------------------------------------------------------------    -------------------
                         (clock clk_pl_0 rise edge)
                                                      0.000     0.000 r  
    PS8_X0Y0             PS8                          0.000     0.000 r  design_1_i/zynq_ps/inst/PS8_i/PLCLK[0]
                         net (fo=1, routed)           0.229     0.229    design_1_i/zynq_ps/inst/pl_clk_unbuffered[0]
    BUFG_PS_X0Y80        BUFG_PS (Prop_BUFG_PS_I_O)
                                                      0.038     0.267 r  design_1_i/zynq_ps/inst/buffer_pl_clk_0.PL_CLK_0_BUFG/O
    X1Y1 (CLOCK_ROOT)    net (fo=31682, routed)       3.119     3.386    design_1_i/axi_smc_0/inst/clk_map/psr_aclk/U0/aclk
    SLICE_X6Y119         FDRE                                         r  design_1_i/axi_smc_0/inst/clk_map/psr_aclk/U0/ACTIVE_LOW_BSR_OUT_DFF[0].FDRE_BSR_N/C
  -------------------------------------------------------------------    -------------------
    SLICE_X6Y119         FDRE (Prop_HFF_SLICEL_C_Q)
                                                      0.113     3.499 r  design_1_i/axi_smc_0/inst/clk_map/psr_aclk/U0/ACTIVE_LOW_BSR_OUT_DFF[0].FDRE_BSR_N/Q
                         net (fo=81, routed)          4.150     7.649    <hidden>
    SLICE_X2Y58          FDCE                                         f  <hidden>  (IS_INVERTED)
  -------------------------------------------------------------------    -------------------

                         (clock clk_pl_0 rise edge)
                                                      0.000     0.000 r  
    PS8_X0Y0             PS8                          0.000     0.000 r  design_1_i/zynq_ps/inst/PS8_i/PLCLK[0]
                         net (fo=1, routed)           0.181     0.181    design_1_i/zynq_ps/inst/pl_clk_unbuffered[0]
    BUFG_PS_X0Y80        BUFG_PS (Prop_BUFG_PS_I_O)
                                                      0.035     0.216 r  design_1_i/zynq_ps/inst/buffer_pl_clk_0.PL_CLK_0_BUFG/O
    X1Y1 (CLOCK_ROOT)    net (fo=31682, routed)       2.850     3.066    <hidden>
    SLICE_X2Y58          FDCE                                         r  <hidden>

Slack:                    inf
  Source:                 design_1_i/axi_smc_0/inst/clk_map/psr_aclk/U0/ACTIVE_LOW_BSR_OUT_DFF[0].FDRE_BSR_N/C
                            (rising edge-triggered cell FDRE clocked by clk_pl_0  {rise@0.000ns fall@3.500ns period=7.000ns})
  Destination:            <hidden>
                            (recovery check against rising-edge clock clk_pl_0  {rise@0.000ns fall@3.500ns period=7.000ns})
  Path Group:             (none)
  Path Type:              Recovery (Max at Slow Process Corner)
  Data Path Delay:        4.263ns  (logic 0.113ns (2.651%)  route 4.150ns (97.349%))
  Logic Levels:           0  
  Clock Path Skew:        -0.320ns (DCD - SCD + CPR)
    Destination Clock Delay (DCD):    3.066ns
    Source Clock Delay      (SCD):    3.386ns
    Clock Pessimism Removal (CPR):    0.000ns
  Clock Uncertainty:      0.142ns  ((TSJ^2 + DJ^2)^1/2) / 2 + PE
    Total System Jitter     (TSJ):    0.071ns
    Discrete Jitter          (DJ):    0.276ns
    Phase Error              (PE):    0.000ns
  Clock Net Delay (Source):      3.119ns (routing 1.584ns, distribution 1.535ns)
  Clock Net Delay (Destination): 2.850ns (routing 1.450ns, distribution 1.400ns)
  Timing Exception:       False Path

    Location             Delay type                Incr(ns)  Path(ns)    Netlist Resource(s)
  -------------------------------------------------------------------    -------------------
                         (clock clk_pl_0 rise edge)
                                                      0.000     0.000 r  
    PS8_X0Y0             PS8                          0.000     0.000 r  design_1_i/zynq_ps/inst/PS8_i/PLCLK[0]
                         net (fo=1, routed)           0.229     0.229    design_1_i/zynq_ps/inst/pl_clk_unbuffered[0]
    BUFG_PS_X0Y80        BUFG_PS (Prop_BUFG_PS_I_O)
                                                      0.038     0.267 r  design_1_i/zynq_ps/inst/buffer_pl_clk_0.PL_CLK_0_BUFG/O
    X1Y1 (CLOCK_ROOT)    net (fo=31682, routed)       3.119     3.386    design_1_i/axi_smc_0/inst/clk_map/psr_aclk/U0/aclk
    SLICE_X6Y119         FDRE                                         r  design_1_i/axi_smc_0/inst/clk_map/psr_aclk/U0/ACTIVE_LOW_BSR_OUT_DFF[0].FDRE_BSR_N/C
  -------------------------------------------------------------------    -------------------
    SLICE_X6Y119         FDRE (Prop_HFF_SLICEL_C_Q)
                                                      0.113     3.499 r  design_1_i/axi_smc_0/inst/clk_map/psr_aclk/U0/ACTIVE_LOW_BSR_OUT_DFF[0].FDRE_BSR_N/Q
                         net (fo=81, routed)          4.150     7.649    <hidden>
    SLICE_X2Y58          FDCE                                         f  <hidden>  (IS_INVERTED)
  -------------------------------------------------------------------    -------------------

                         (clock clk_pl_0 rise edge)
                                                      0.000     0.000 r  
    PS8_X0Y0             PS8                          0.000     0.000 r  design_1_i/zynq_ps/inst/PS8_i/PLCLK[0]
                         net (fo=1, routed)           0.181     0.181    design_1_i/zynq_ps/inst/pl_clk_unbuffered[0]
    BUFG_PS_X0Y80        BUFG_PS (Prop_BUFG_PS_I_O)
                                                      0.035     0.216 r  design_1_i/zynq_ps/inst/buffer_pl_clk_0.PL_CLK_0_BUFG/O
    X1Y1 (CLOCK_ROOT)    net (fo=31682, routed)       2.850     3.066    <hidden>
    SLICE_X2Y58          FDCE                                         r  <hidden>

Slack:                    inf
  Source:                 design_1_i/axi_smc_0/inst/clk_map/psr_aclk/U0/ACTIVE_LOW_BSR_OUT_DFF[0].FDRE_BSR_N/C
                            (rising edge-triggered cell FDRE clocked by clk_pl_0  {rise@0.000ns fall@3.500ns period=7.000ns})
  Destination:            <hidden>
                            (recovery check against rising-edge clock clk_pl_0  {rise@0.000ns fall@3.500ns period=7.000ns})
  Path Group:             (none)
  Path Type:              Recovery (Max at Slow Process Corner)
  Data Path Delay:        4.263ns  (logic 0.113ns (2.651%)  route 4.150ns (97.349%))
  Logic Levels:           0  
  Clock Path Skew:        -0.320ns (DCD - SCD + CPR)
    Destination Clock Delay (DCD):    3.066ns
    Source Clock Delay      (SCD):    3.386ns
    Clock Pessimism Removal (CPR):    0.000ns
  Clock Uncertainty:      0.142ns  ((TSJ^2 + DJ^2)^1/2) / 2 + PE
    Total System Jitter     (TSJ):    0.071ns
    Discrete Jitter          (DJ):    0.276ns
    Phase Error              (PE):    0.000ns
  Clock Net Delay (Source):      3.119ns (routing 1.584ns, distribution 1.535ns)
  Clock Net Delay (Destination): 2.850ns (routing 1.450ns, distribution 1.400ns)
  Timing Exception:       False Path

    Location             Delay type                Incr(ns)  Path(ns)    Netlist Resource(s)
  -------------------------------------------------------------------    -------------------
                         (clock clk_pl_0 rise edge)
                                                      0.000     0.000 r  
    PS8_X0Y0             PS8                          0.000     0.000 r  design_1_i/zynq_ps/inst/PS8_i/PLCLK[0]
                         net (fo=1, routed)           0.229     0.229    design_1_i/zynq_ps/inst/pl_clk_unbuffered[0]
    BUFG_PS_X0Y80        BUFG_PS (Prop_BUFG_PS_I_O)
                                                      0.038     0.267 r  design_1_i/zynq_ps/inst/buffer_pl_clk_0.PL_CLK_0_BUFG/O
    X1Y1 (CLOCK_ROOT)    net (fo=31682, routed)       3.119     3.386    design_1_i/axi_smc_0/inst/clk_map/psr_aclk/U0/aclk
    SLICE_X6Y119         FDRE                                         r  design_1_i/axi_smc_0/inst/clk_map/psr_aclk/U0/ACTIVE_LOW_BSR_OUT_DFF[0].FDRE_BSR_N/C
  -------------------------------------------------------------------    -------------------
    SLICE_X6Y119         FDRE (Prop_HFF_SLICEL_C_Q)
                                                      0.113     3.499 r  design_1_i/axi_smc_0/inst/clk_map/psr_aclk/U0/ACTIVE_LOW_BSR_OUT_DFF[0].FDRE_BSR_N/Q
                         net (fo=81, routed)          4.150     7.649    <hidden>
    SLICE_X2Y58          FDCE                                         f  <hidden>  (IS_INVERTED)
  -------------------------------------------------------------------    -------------------

                         (clock clk_pl_0 rise edge)
                                                      0.000     0.000 r  
    PS8_X0Y0             PS8                          0.000     0.000 r  design_1_i/zynq_ps/inst/PS8_i/PLCLK[0]
                         net (fo=1, routed)           0.181     0.181    design_1_i/zynq_ps/inst/pl_clk_unbuffered[0]
    BUFG_PS_X0Y80        BUFG_PS (Prop_BUFG_PS_I_O)
                                                      0.035     0.216 r  design_1_i/zynq_ps/inst/buffer_pl_clk_0.PL_CLK_0_BUFG/O
    X1Y1 (CLOCK_ROOT)    net (fo=31682, routed)       2.850     3.066    <hidden>
    SLICE_X2Y58          FDCE                                         r  <hidden>

Slack:                    inf
  Source:                 design_1_i/axi_smc_0/inst/clk_map/psr_aclk/U0/ACTIVE_LOW_BSR_OUT_DFF[0].FDRE_BSR_N/C
                            (rising edge-triggered cell FDRE clocked by clk_pl_0  {rise@0.000ns fall@3.500ns period=7.000ns})
  Destination:            <hidden>
                            (recovery check against rising-edge clock clk_pl_0  {rise@0.000ns fall@3.500ns period=7.000ns})
  Path Group:             (none)
  Path Type:              Recovery (Max at Slow Process Corner)
  Data Path Delay:        4.193ns  (logic 0.113ns (2.695%)  route 4.080ns (97.305%))
  Logic Levels:           0  
  Clock Path Skew:        -0.360ns (DCD - SCD + CPR)
    Destination Clock Delay (DCD):    3.026ns
    Source Clock Delay      (SCD):    3.386ns
    Clock Pessimism Removal (CPR):    0.000ns
  Clock Uncertainty:      0.142ns  ((TSJ^2 + DJ^2)^1/2) / 2 + PE
    Total System Jitter     (TSJ):    0.071ns
    Discrete Jitter          (DJ):    0.276ns
    Phase Error              (PE):    0.000ns
  Clock Net Delay (Source):      3.119ns (routing 1.584ns, distribution 1.535ns)
  Clock Net Delay (Destination): 2.810ns (routing 1.450ns, distribution 1.360ns)
  Timing Exception:       False Path

    Location             Delay type                Incr(ns)  Path(ns)    Netlist Resource(s)
  -------------------------------------------------------------------    -------------------
                         (clock clk_pl_0 rise edge)
                                                      0.000     0.000 r  
    PS8_X0Y0             PS8                          0.000     0.000 r  design_1_i/zynq_ps/inst/PS8_i/PLCLK[0]
                         net (fo=1, routed)           0.229     0.229    design_1_i/zynq_ps/inst/pl_clk_unbuffered[0]
    BUFG_PS_X0Y80        BUFG_PS (Prop_BUFG_PS_I_O)
                                                      0.038     0.267 r  design_1_i/zynq_ps/inst/buffer_pl_clk_0.PL_CLK_0_BUFG/O
    X1Y1 (CLOCK_ROOT)    net (fo=31682, routed)       3.119     3.386    design_1_i/axi_smc_0/inst/clk_map/psr_aclk/U0/aclk
    SLICE_X6Y119         FDRE                                         r  design_1_i/axi_smc_0/inst/clk_map/psr_aclk/U0/ACTIVE_LOW_BSR_OUT_DFF[0].FDRE_BSR_N/C
  -------------------------------------------------------------------    -------------------
    SLICE_X6Y119         FDRE (Prop_HFF_SLICEL_C_Q)
                                                      0.113     3.499 r  design_1_i/axi_smc_0/inst/clk_map/psr_aclk/U0/ACTIVE_LOW_BSR_OUT_DFF[0].FDRE_BSR_N/Q
                         net (fo=81, routed)          4.080     7.579    <hidden>
    SLICE_X13Y56         FDCE                                         f  <hidden>  (IS_INVERTED)
  -------------------------------------------------------------------    -------------------

                         (clock clk_pl_0 rise edge)
                                                      0.000     0.000 r  
    PS8_X0Y0             PS8                          0.000     0.000 r  design_1_i/zynq_ps/inst/PS8_i/PLCLK[0]
                         net (fo=1, routed)           0.181     0.181    design_1_i/zynq_ps/inst/pl_clk_unbuffered[0]
    BUFG_PS_X0Y80        BUFG_PS (Prop_BUFG_PS_I_O)
                                                      0.035     0.216 r  design_1_i/zynq_ps/inst/buffer_pl_clk_0.PL_CLK_0_BUFG/O
    X1Y1 (CLOCK_ROOT)    net (fo=31682, routed)       2.810     3.026    <hidden>
    SLICE_X13Y56         FDCE                                         r  <hidden>

Slack:                    inf
  Source:                 design_1_i/axi_smc_0/inst/clk_map/psr_aclk/U0/ACTIVE_LOW_BSR_OUT_DFF[0].FDRE_BSR_N/C
                            (rising edge-triggered cell FDRE clocked by clk_pl_0  {rise@0.000ns fall@3.500ns period=7.000ns})
  Destination:            <hidden>
                            (recovery check against rising-edge clock clk_pl_0  {rise@0.000ns fall@3.500ns period=7.000ns})
  Path Group:             (none)
  Path Type:              Recovery (Max at Slow Process Corner)
  Data Path Delay:        4.193ns  (logic 0.113ns (2.695%)  route 4.080ns (97.305%))
  Logic Levels:           0  
  Clock Path Skew:        -0.360ns (DCD - SCD + CPR)
    Destination Clock Delay (DCD):    3.026ns
    Source Clock Delay      (SCD):    3.386ns
    Clock Pessimism Removal (CPR):    0.000ns
  Clock Uncertainty:      0.142ns  ((TSJ^2 + DJ^2)^1/2) / 2 + PE
    Total System Jitter     (TSJ):    0.071ns
    Discrete Jitter          (DJ):    0.276ns
    Phase Error              (PE):    0.000ns
  Clock Net Delay (Source):      3.119ns (routing 1.584ns, distribution 1.535ns)
  Clock Net Delay (Destination): 2.810ns (routing 1.450ns, distribution 1.360ns)
  Timing Exception:       False Path

    Location             Delay type                Incr(ns)  Path(ns)    Netlist Resource(s)
  -------------------------------------------------------------------    -------------------
                         (clock clk_pl_0 rise edge)
                                                      0.000     0.000 r  
    PS8_X0Y0             PS8                          0.000     0.000 r  design_1_i/zynq_ps/inst/PS8_i/PLCLK[0]
                         net (fo=1, routed)           0.229     0.229    design_1_i/zynq_ps/inst/pl_clk_unbuffered[0]
    BUFG_PS_X0Y80        BUFG_PS (Prop_BUFG_PS_I_O)
                                                      0.038     0.267 r  design_1_i/zynq_ps/inst/buffer_pl_clk_0.PL_CLK_0_BUFG/O
    X1Y1 (CLOCK_ROOT)    net (fo=31682, routed)       3.119     3.386    design_1_i/axi_smc_0/inst/clk_map/psr_aclk/U0/aclk
    SLICE_X6Y119         FDRE                                         r  design_1_i/axi_smc_0/inst/clk_map/psr_aclk/U0/ACTIVE_LOW_BSR_OUT_DFF[0].FDRE_BSR_N/C
  -------------------------------------------------------------------    -------------------
    SLICE_X6Y119         FDRE (Prop_HFF_SLICEL_C_Q)
                                                      0.113     3.499 r  design_1_i/axi_smc_0/inst/clk_map/psr_aclk/U0/ACTIVE_LOW_BSR_OUT_DFF[0].FDRE_BSR_N/Q
                         net (fo=81, routed)          4.080     7.579    <hidden>
    SLICE_X13Y56         FDCE                                         f  <hidden>  (IS_INVERTED)
  -------------------------------------------------------------------    -------------------

                         (clock clk_pl_0 rise edge)
                                                      0.000     0.000 r  
    PS8_X0Y0             PS8                          0.000     0.000 r  design_1_i/zynq_ps/inst/PS8_i/PLCLK[0]
                         net (fo=1, routed)           0.181     0.181    design_1_i/zynq_ps/inst/pl_clk_unbuffered[0]
    BUFG_PS_X0Y80        BUFG_PS (Prop_BUFG_PS_I_O)
                                                      0.035     0.216 r  design_1_i/zynq_ps/inst/buffer_pl_clk_0.PL_CLK_0_BUFG/O
    X1Y1 (CLOCK_ROOT)    net (fo=31682, routed)       2.810     3.026    <hidden>
    SLICE_X13Y56         FDCE                                         r  <hidden>

Slack:                    inf
  Source:                 design_1_i/axi_smc_0/inst/clk_map/psr_aclk/U0/ACTIVE_LOW_BSR_OUT_DFF[0].FDRE_BSR_N/C
                            (rising edge-triggered cell FDRE clocked by clk_pl_0  {rise@0.000ns fall@3.500ns period=7.000ns})
  Destination:            <hidden>
                            (recovery check against rising-edge clock clk_pl_0  {rise@0.000ns fall@3.500ns period=7.000ns})
  Path Group:             (none)
  Path Type:              Recovery (Max at Slow Process Corner)
  Data Path Delay:        4.193ns  (logic 0.113ns (2.695%)  route 4.080ns (97.305%))
  Logic Levels:           0  
  Clock Path Skew:        -0.360ns (DCD - SCD + CPR)
    Destination Clock Delay (DCD):    3.026ns
    Source Clock Delay      (SCD):    3.386ns
    Clock Pessimism Removal (CPR):    0.000ns
  Clock Uncertainty:      0.142ns  ((TSJ^2 + DJ^2)^1/2) / 2 + PE
    Total System Jitter     (TSJ):    0.071ns
    Discrete Jitter          (DJ):    0.276ns
    Phase Error              (PE):    0.000ns
  Clock Net Delay (Source):      3.119ns (routing 1.584ns, distribution 1.535ns)
  Clock Net Delay (Destination): 2.810ns (routing 1.450ns, distribution 1.360ns)
  Timing Exception:       False Path

    Location             Delay type                Incr(ns)  Path(ns)    Netlist Resource(s)
  -------------------------------------------------------------------    -------------------
                         (clock clk_pl_0 rise edge)
                                                      0.000     0.000 r  
    PS8_X0Y0             PS8                          0.000     0.000 r  design_1_i/zynq_ps/inst/PS8_i/PLCLK[0]
                         net (fo=1, routed)           0.229     0.229    design_1_i/zynq_ps/inst/pl_clk_unbuffered[0]
    BUFG_PS_X0Y80        BUFG_PS (Prop_BUFG_PS_I_O)
                                                      0.038     0.267 r  design_1_i/zynq_ps/inst/buffer_pl_clk_0.PL_CLK_0_BUFG/O
    X1Y1 (CLOCK_ROOT)    net (fo=31682, routed)       3.119     3.386    design_1_i/axi_smc_0/inst/clk_map/psr_aclk/U0/aclk
    SLICE_X6Y119         FDRE                                         r  design_1_i/axi_smc_0/inst/clk_map/psr_aclk/U0/ACTIVE_LOW_BSR_OUT_DFF[0].FDRE_BSR_N/C
  -------------------------------------------------------------------    -------------------
    SLICE_X6Y119         FDRE (Prop_HFF_SLICEL_C_Q)
                                                      0.113     3.499 r  design_1_i/axi_smc_0/inst/clk_map/psr_aclk/U0/ACTIVE_LOW_BSR_OUT_DFF[0].FDRE_BSR_N/Q
                         net (fo=81, routed)          4.080     7.579    <hidden>
    SLICE_X13Y56         FDCE                                         f  <hidden>  (IS_INVERTED)
  -------------------------------------------------------------------    -------------------

                         (clock clk_pl_0 rise edge)
                                                      0.000     0.000 r  
    PS8_X0Y0             PS8                          0.000     0.000 r  design_1_i/zynq_ps/inst/PS8_i/PLCLK[0]
                         net (fo=1, routed)           0.181     0.181    design_1_i/zynq_ps/inst/pl_clk_unbuffered[0]
    BUFG_PS_X0Y80        BUFG_PS (Prop_BUFG_PS_I_O)
                                                      0.035     0.216 r  design_1_i/zynq_ps/inst/buffer_pl_clk_0.PL_CLK_0_BUFG/O
    X1Y1 (CLOCK_ROOT)    net (fo=31682, routed)       2.810     3.026    <hidden>
    SLICE_X13Y56         FDCE                                         r  <hidden>

Slack:                    inf
  Source:                 design_1_i/axi_smc_0/inst/clk_map/psr_aclk/U0/ACTIVE_LOW_BSR_OUT_DFF[0].FDRE_BSR_N/C
                            (rising edge-triggered cell FDRE clocked by clk_pl_0  {rise@0.000ns fall@3.500ns period=7.000ns})
  Destination:            <hidden>
                            (recovery check against rising-edge clock clk_pl_0  {rise@0.000ns fall@3.500ns period=7.000ns})
  Path Group:             (none)
  Path Type:              Recovery (Max at Slow Process Corner)
  Data Path Delay:        4.133ns  (logic 0.113ns (2.734%)  route 4.020ns (97.266%))
  Logic Levels:           0  
  Clock Path Skew:        -0.332ns (DCD - SCD + CPR)
    Destination Clock Delay (DCD):    3.054ns
    Source Clock Delay      (SCD):    3.386ns
    Clock Pessimism Removal (CPR):    0.000ns
  Clock Uncertainty:      0.142ns  ((TSJ^2 + DJ^2)^1/2) / 2 + PE
    Total System Jitter     (TSJ):    0.071ns
    Discrete Jitter          (DJ):    0.276ns
    Phase Error              (PE):    0.000ns
  Clock Net Delay (Source):      3.119ns (routing 1.584ns, distribution 1.535ns)
  Clock Net Delay (Destination): 2.838ns (routing 1.450ns, distribution 1.388ns)
  Timing Exception:       False Path

    Location             Delay type                Incr(ns)  Path(ns)    Netlist Resource(s)
  -------------------------------------------------------------------    -------------------
                         (clock clk_pl_0 rise edge)
                                                      0.000     0.000 r  
    PS8_X0Y0             PS8                          0.000     0.000 r  design_1_i/zynq_ps/inst/PS8_i/PLCLK[0]
                         net (fo=1, routed)           0.229     0.229    design_1_i/zynq_ps/inst/pl_clk_unbuffered[0]
    BUFG_PS_X0Y80        BUFG_PS (Prop_BUFG_PS_I_O)
                                                      0.038     0.267 r  design_1_i/zynq_ps/inst/buffer_pl_clk_0.PL_CLK_0_BUFG/O
    X1Y1 (CLOCK_ROOT)    net (fo=31682, routed)       3.119     3.386    design_1_i/axi_smc_0/inst/clk_map/psr_aclk/U0/aclk
    SLICE_X6Y119         FDRE                                         r  design_1_i/axi_smc_0/inst/clk_map/psr_aclk/U0/ACTIVE_LOW_BSR_OUT_DFF[0].FDRE_BSR_N/C
  -------------------------------------------------------------------    -------------------
    SLICE_X6Y119         FDRE (Prop_HFF_SLICEL_C_Q)
                                                      0.113     3.499 r  design_1_i/axi_smc_0/inst/clk_map/psr_aclk/U0/ACTIVE_LOW_BSR_OUT_DFF[0].FDRE_BSR_N/Q
                         net (fo=81, routed)          4.020     7.519    <hidden>
    SLICE_X2Y55          FDCE                                         f  <hidden>  (IS_INVERTED)
  -------------------------------------------------------------------    -------------------

                         (clock clk_pl_0 rise edge)
                                                      0.000     0.000 r  
    PS8_X0Y0             PS8                          0.000     0.000 r  design_1_i/zynq_ps/inst/PS8_i/PLCLK[0]
                         net (fo=1, routed)           0.181     0.181    design_1_i/zynq_ps/inst/pl_clk_unbuffered[0]
    BUFG_PS_X0Y80        BUFG_PS (Prop_BUFG_PS_I_O)
                                                      0.035     0.216 r  design_1_i/zynq_ps/inst/buffer_pl_clk_0.PL_CLK_0_BUFG/O
    X1Y1 (CLOCK_ROOT)    net (fo=31682, routed)       2.838     3.054    <hidden>
    SLICE_X2Y55          FDCE                                         r  <hidden>

Slack:                    inf
  Source:                 design_1_i/axi_smc_0/inst/clk_map/psr_aclk/U0/ACTIVE_LOW_BSR_OUT_DFF[0].FDRE_BSR_N/C
                            (rising edge-triggered cell FDRE clocked by clk_pl_0  {rise@0.000ns fall@3.500ns period=7.000ns})
  Destination:            <hidden>
                            (recovery check against rising-edge clock clk_pl_0  {rise@0.000ns fall@3.500ns period=7.000ns})
  Path Group:             (none)
  Path Type:              Recovery (Max at Slow Process Corner)
  Data Path Delay:        4.133ns  (logic 0.113ns (2.734%)  route 4.020ns (97.266%))
  Logic Levels:           0  
  Clock Path Skew:        -0.332ns (DCD - SCD + CPR)
    Destination Clock Delay (DCD):    3.054ns
    Source Clock Delay      (SCD):    3.386ns
    Clock Pessimism Removal (CPR):    0.000ns
  Clock Uncertainty:      0.142ns  ((TSJ^2 + DJ^2)^1/2) / 2 + PE
    Total System Jitter     (TSJ):    0.071ns
    Discrete Jitter          (DJ):    0.276ns
    Phase Error              (PE):    0.000ns
  Clock Net Delay (Source):      3.119ns (routing 1.584ns, distribution 1.535ns)
  Clock Net Delay (Destination): 2.838ns (routing 1.450ns, distribution 1.388ns)
  Timing Exception:       False Path

    Location             Delay type                Incr(ns)  Path(ns)    Netlist Resource(s)
  -------------------------------------------------------------------    -------------------
                         (clock clk_pl_0 rise edge)
                                                      0.000     0.000 r  
    PS8_X0Y0             PS8                          0.000     0.000 r  design_1_i/zynq_ps/inst/PS8_i/PLCLK[0]
                         net (fo=1, routed)           0.229     0.229    design_1_i/zynq_ps/inst/pl_clk_unbuffered[0]
    BUFG_PS_X0Y80        BUFG_PS (Prop_BUFG_PS_I_O)
                                                      0.038     0.267 r  design_1_i/zynq_ps/inst/buffer_pl_clk_0.PL_CLK_0_BUFG/O
    X1Y1 (CLOCK_ROOT)    net (fo=31682, routed)       3.119     3.386    design_1_i/axi_smc_0/inst/clk_map/psr_aclk/U0/aclk
    SLICE_X6Y119         FDRE                                         r  design_1_i/axi_smc_0/inst/clk_map/psr_aclk/U0/ACTIVE_LOW_BSR_OUT_DFF[0].FDRE_BSR_N/C
  -------------------------------------------------------------------    -------------------
    SLICE_X6Y119         FDRE (Prop_HFF_SLICEL_C_Q)
                                                      0.113     3.499 r  design_1_i/axi_smc_0/inst/clk_map/psr_aclk/U0/ACTIVE_LOW_BSR_OUT_DFF[0].FDRE_BSR_N/Q
                         net (fo=81, routed)          4.020     7.519    <hidden>
    SLICE_X2Y55          FDCE                                         f  <hidden>  (IS_INVERTED)
  -------------------------------------------------------------------    -------------------

                         (clock clk_pl_0 rise edge)
                                                      0.000     0.000 r  
    PS8_X0Y0             PS8                          0.000     0.000 r  design_1_i/zynq_ps/inst/PS8_i/PLCLK[0]
                         net (fo=1, routed)           0.181     0.181    design_1_i/zynq_ps/inst/pl_clk_unbuffered[0]
    BUFG_PS_X0Y80        BUFG_PS (Prop_BUFG_PS_I_O)
                                                      0.035     0.216 r  design_1_i/zynq_ps/inst/buffer_pl_clk_0.PL_CLK_0_BUFG/O
    X1Y1 (CLOCK_ROOT)    net (fo=31682, routed)       2.838     3.054    <hidden>
    SLICE_X2Y55          FDCE                                         r  <hidden>

Slack:                    inf
  Source:                 design_1_i/axi_smc_0/inst/clk_map/psr_aclk/U0/ACTIVE_LOW_BSR_OUT_DFF[0].FDRE_BSR_N/C
                            (rising edge-triggered cell FDRE clocked by clk_pl_0  {rise@0.000ns fall@3.500ns period=7.000ns})
  Destination:            <hidden>
                            (recovery check against rising-edge clock clk_pl_0  {rise@0.000ns fall@3.500ns period=7.000ns})
  Path Group:             (none)
  Path Type:              Recovery (Max at Slow Process Corner)
  Data Path Delay:        4.133ns  (logic 0.113ns (2.734%)  route 4.020ns (97.266%))
  Logic Levels:           0  
  Clock Path Skew:        -0.332ns (DCD - SCD + CPR)
    Destination Clock Delay (DCD):    3.054ns
    Source Clock Delay      (SCD):    3.386ns
    Clock Pessimism Removal (CPR):    0.000ns
  Clock Uncertainty:      0.142ns  ((TSJ^2 + DJ^2)^1/2) / 2 + PE
    Total System Jitter     (TSJ):    0.071ns
    Discrete Jitter          (DJ):    0.276ns
    Phase Error              (PE):    0.000ns
  Clock Net Delay (Source):      3.119ns (routing 1.584ns, distribution 1.535ns)
  Clock Net Delay (Destination): 2.838ns (routing 1.450ns, distribution 1.388ns)
  Timing Exception:       False Path

    Location             Delay type                Incr(ns)  Path(ns)    Netlist Resource(s)
  -------------------------------------------------------------------    -------------------
                         (clock clk_pl_0 rise edge)
                                                      0.000     0.000 r  
    PS8_X0Y0             PS8                          0.000     0.000 r  design_1_i/zynq_ps/inst/PS8_i/PLCLK[0]
                         net (fo=1, routed)           0.229     0.229    design_1_i/zynq_ps/inst/pl_clk_unbuffered[0]
    BUFG_PS_X0Y80        BUFG_PS (Prop_BUFG_PS_I_O)
                                                      0.038     0.267 r  design_1_i/zynq_ps/inst/buffer_pl_clk_0.PL_CLK_0_BUFG/O
    X1Y1 (CLOCK_ROOT)    net (fo=31682, routed)       3.119     3.386    design_1_i/axi_smc_0/inst/clk_map/psr_aclk/U0/aclk
    SLICE_X6Y119         FDRE                                         r  design_1_i/axi_smc_0/inst/clk_map/psr_aclk/U0/ACTIVE_LOW_BSR_OUT_DFF[0].FDRE_BSR_N/C
  -------------------------------------------------------------------    -------------------
    SLICE_X6Y119         FDRE (Prop_HFF_SLICEL_C_Q)
                                                      0.113     3.499 r  design_1_i/axi_smc_0/inst/clk_map/psr_aclk/U0/ACTIVE_LOW_BSR_OUT_DFF[0].FDRE_BSR_N/Q
                         net (fo=81, routed)          4.020     7.519    <hidden>
    SLICE_X2Y55          FDCE                                         f  <hidden>  (IS_INVERTED)
  -------------------------------------------------------------------    -------------------

                         (clock clk_pl_0 rise edge)
                                                      0.000     0.000 r  
    PS8_X0Y0             PS8                          0.000     0.000 r  design_1_i/zynq_ps/inst/PS8_i/PLCLK[0]
                         net (fo=1, routed)           0.181     0.181    design_1_i/zynq_ps/inst/pl_clk_unbuffered[0]
    BUFG_PS_X0Y80        BUFG_PS (Prop_BUFG_PS_I_O)
                                                      0.035     0.216 r  design_1_i/zynq_ps/inst/buffer_pl_clk_0.PL_CLK_0_BUFG/O
    X1Y1 (CLOCK_ROOT)    net (fo=31682, routed)       2.838     3.054    <hidden>
    SLICE_X2Y55          FDCE                                         r  <hidden>

Slack:                    inf
  Source:                 design_1_i/axi_smc_0/inst/clk_map/psr_aclk/U0/ACTIVE_LOW_BSR_OUT_DFF[0].FDRE_BSR_N/C
                            (rising edge-triggered cell FDRE clocked by clk_pl_0  {rise@0.000ns fall@3.500ns period=7.000ns})
  Destination:            <hidden>
                            (recovery check against rising-edge clock clk_pl_0  {rise@0.000ns fall@3.500ns period=7.000ns})
  Path Group:             (none)
  Path Type:              Recovery (Max at Slow Process Corner)
  Data Path Delay:        4.097ns  (logic 0.113ns (2.758%)  route 3.984ns (97.242%))
  Logic Levels:           0  
  Clock Path Skew:        -0.351ns (DCD - SCD + CPR)
    Destination Clock Delay (DCD):    3.035ns
    Source Clock Delay      (SCD):    3.386ns
    Clock Pessimism Removal (CPR):    0.000ns
  Clock Uncertainty:      0.142ns  ((TSJ^2 + DJ^2)^1/2) / 2 + PE
    Total System Jitter     (TSJ):    0.071ns
    Discrete Jitter          (DJ):    0.276ns
    Phase Error              (PE):    0.000ns
  Clock Net Delay (Source):      3.119ns (routing 1.584ns, distribution 1.535ns)
  Clock Net Delay (Destination): 2.819ns (routing 1.450ns, distribution 1.369ns)
  Timing Exception:       False Path

    Location             Delay type                Incr(ns)  Path(ns)    Netlist Resource(s)
  -------------------------------------------------------------------    -------------------
                         (clock clk_pl_0 rise edge)
                                                      0.000     0.000 r  
    PS8_X0Y0             PS8                          0.000     0.000 r  design_1_i/zynq_ps/inst/PS8_i/PLCLK[0]
                         net (fo=1, routed)           0.229     0.229    design_1_i/zynq_ps/inst/pl_clk_unbuffered[0]
    BUFG_PS_X0Y80        BUFG_PS (Prop_BUFG_PS_I_O)
                                                      0.038     0.267 r  design_1_i/zynq_ps/inst/buffer_pl_clk_0.PL_CLK_0_BUFG/O
    X1Y1 (CLOCK_ROOT)    net (fo=31682, routed)       3.119     3.386    design_1_i/axi_smc_0/inst/clk_map/psr_aclk/U0/aclk
    SLICE_X6Y119         FDRE                                         r  design_1_i/axi_smc_0/inst/clk_map/psr_aclk/U0/ACTIVE_LOW_BSR_OUT_DFF[0].FDRE_BSR_N/C
  -------------------------------------------------------------------    -------------------
    SLICE_X6Y119         FDRE (Prop_HFF_SLICEL_C_Q)
                                                      0.113     3.499 r  design_1_i/axi_smc_0/inst/clk_map/psr_aclk/U0/ACTIVE_LOW_BSR_OUT_DFF[0].FDRE_BSR_N/Q
                         net (fo=81, routed)          3.984     7.483    <hidden>
    SLICE_X14Y49         FDCE                                         f  <hidden>  (IS_INVERTED)
  -------------------------------------------------------------------    -------------------

                         (clock clk_pl_0 rise edge)
                                                      0.000     0.000 r  
    PS8_X0Y0             PS8                          0.000     0.000 r  design_1_i/zynq_ps/inst/PS8_i/PLCLK[0]
                         net (fo=1, routed)           0.181     0.181    design_1_i/zynq_ps/inst/pl_clk_unbuffered[0]
    BUFG_PS_X0Y80        BUFG_PS (Prop_BUFG_PS_I_O)
                                                      0.035     0.216 r  design_1_i/zynq_ps/inst/buffer_pl_clk_0.PL_CLK_0_BUFG/O
    X1Y1 (CLOCK_ROOT)    net (fo=31682, routed)       2.819     3.035    <hidden>
    SLICE_X14Y49         FDCE                                         r  <hidden>





Min Delay Paths
--------------------------------------------------------------------------------------
Slack:                    inf
  Source:                 design_1_i/axi_ctrl_smc/inst/clk_map/psr_aclk/U0/ACTIVE_LOW_BSR_OUT_DFF[0].FDRE_BSR_N/C
                            (rising edge-triggered cell FDRE clocked by clk_pl_0  {rise@0.000ns fall@3.500ns period=7.000ns})
  Destination:            <hidden>
                            (removal check against rising-edge clock clk_pl_0  {rise@0.000ns fall@3.500ns period=7.000ns})
  Path Group:             (none)
  Path Type:              Removal (Min at Fast Process Corner)
  Data Path Delay:        0.210ns  (logic 0.083ns (39.547%)  route 0.127ns (60.453%))
  Logic Levels:           0  
  Clock Path Skew:        0.187ns (DCD - SCD - CPR)
    Destination Clock Delay (DCD):    2.048ns
    Source Clock Delay      (SCD):    1.861ns
    Clock Pessimism Removal (CPR):    -0.000ns
  Clock Uncertainty:      0.142ns  ((TSJ^2 + DJ^2)^1/2) / 2 + PE
    Total System Jitter     (TSJ):    0.071ns
    Discrete Jitter          (DJ):    0.276ns
    Phase Error              (PE):    0.000ns
  Clock Net Delay (Source):      1.710ns (routing 0.886ns, distribution 0.824ns)
  Clock Net Delay (Destination): 1.861ns (routing 0.971ns, distribution 0.890ns)
  Timing Exception:       False Path

    Location             Delay type                Incr(ns)  Path(ns)    Netlist Resource(s)
  -------------------------------------------------------------------    -------------------
                         (clock clk_pl_0 rise edge)
                                                      0.000     0.000 r  
    PS8_X0Y0             PS8                          0.000     0.000 r  design_1_i/zynq_ps/inst/PS8_i/PLCLK[0]
                         net (fo=1, routed)           0.129     0.129    design_1_i/zynq_ps/inst/pl_clk_unbuffered[0]
    BUFG_PS_X0Y80        BUFG_PS (Prop_BUFG_PS_I_O)
                                                      0.022     0.151 r  design_1_i/zynq_ps/inst/buffer_pl_clk_0.PL_CLK_0_BUFG/O
    X1Y1 (CLOCK_ROOT)    net (fo=31682, routed)       1.710     1.861    design_1_i/axi_ctrl_smc/inst/clk_map/psr_aclk/U0/aclk
    SLICE_X7Y87          FDRE                                         r  design_1_i/axi_ctrl_smc/inst/clk_map/psr_aclk/U0/ACTIVE_LOW_BSR_OUT_DFF[0].FDRE_BSR_N/C
  -------------------------------------------------------------------    -------------------
    SLICE_X7Y87          FDRE (Prop_DFF_SLICEM_C_Q)
                                                      0.083     1.944 r  design_1_i/axi_ctrl_smc/inst/clk_map/psr_aclk/U0/ACTIVE_LOW_BSR_OUT_DFF[0].FDRE_BSR_N/Q
                         net (fo=27, routed)          0.127     2.070    <hidden>
    SLICE_X7Y90          FDCE                                         f  <hidden>  (IS_INVERTED)
  -------------------------------------------------------------------    -------------------

                         (clock clk_pl_0 rise edge)
                                                      0.000     0.000 r  
    PS8_X0Y0             PS8                          0.000     0.000 r  design_1_i/zynq_ps/inst/PS8_i/PLCLK[0]
                         net (fo=1, routed)           0.164     0.164    design_1_i/zynq_ps/inst/pl_clk_unbuffered[0]
    BUFG_PS_X0Y80        BUFG_PS (Prop_BUFG_PS_I_O)
                                                      0.023     0.187 r  design_1_i/zynq_ps/inst/buffer_pl_clk_0.PL_CLK_0_BUFG/O
    X1Y1 (CLOCK_ROOT)    net (fo=31682, routed)       1.861     2.048    <hidden>
    SLICE_X7Y90          FDCE                                         r  <hidden>

Slack:                    inf
  Source:                 design_1_i/axi_ctrl_smc/inst/clk_map/psr_aclk/U0/ACTIVE_LOW_BSR_OUT_DFF[0].FDRE_BSR_N/C
                            (rising edge-triggered cell FDRE clocked by clk_pl_0  {rise@0.000ns fall@3.500ns period=7.000ns})
  Destination:            <hidden>
                            (removal check against rising-edge clock clk_pl_0  {rise@0.000ns fall@3.500ns period=7.000ns})
  Path Group:             (none)
  Path Type:              Removal (Min at Fast Process Corner)
  Data Path Delay:        0.210ns  (logic 0.083ns (39.547%)  route 0.127ns (60.453%))
  Logic Levels:           0  
  Clock Path Skew:        0.187ns (DCD - SCD - CPR)
    Destination Clock Delay (DCD):    2.048ns
    Source Clock Delay      (SCD):    1.861ns
    Clock Pessimism Removal (CPR):    -0.000ns
  Clock Uncertainty:      0.142ns  ((TSJ^2 + DJ^2)^1/2) / 2 + PE
    Total System Jitter     (TSJ):    0.071ns
    Discrete Jitter          (DJ):    0.276ns
    Phase Error              (PE):    0.000ns
  Clock Net Delay (Source):      1.710ns (routing 0.886ns, distribution 0.824ns)
  Clock Net Delay (Destination): 1.861ns (routing 0.971ns, distribution 0.890ns)
  Timing Exception:       False Path

    Location             Delay type                Incr(ns)  Path(ns)    Netlist Resource(s)
  -------------------------------------------------------------------    -------------------
                         (clock clk_pl_0 rise edge)
                                                      0.000     0.000 r  
    PS8_X0Y0             PS8                          0.000     0.000 r  design_1_i/zynq_ps/inst/PS8_i/PLCLK[0]
                         net (fo=1, routed)           0.129     0.129    design_1_i/zynq_ps/inst/pl_clk_unbuffered[0]
    BUFG_PS_X0Y80        BUFG_PS (Prop_BUFG_PS_I_O)
                                                      0.022     0.151 r  design_1_i/zynq_ps/inst/buffer_pl_clk_0.PL_CLK_0_BUFG/O
    X1Y1 (CLOCK_ROOT)    net (fo=31682, routed)       1.710     1.861    design_1_i/axi_ctrl_smc/inst/clk_map/psr_aclk/U0/aclk
    SLICE_X7Y87          FDRE                                         r  design_1_i/axi_ctrl_smc/inst/clk_map/psr_aclk/U0/ACTIVE_LOW_BSR_OUT_DFF[0].FDRE_BSR_N/C
  -------------------------------------------------------------------    -------------------
    SLICE_X7Y87          FDRE (Prop_DFF_SLICEM_C_Q)
                                                      0.083     1.944 r  design_1_i/axi_ctrl_smc/inst/clk_map/psr_aclk/U0/ACTIVE_LOW_BSR_OUT_DFF[0].FDRE_BSR_N/Q
                         net (fo=27, routed)          0.127     2.070    <hidden>
    SLICE_X7Y90          FDCE                                         f  <hidden>  (IS_INVERTED)
  -------------------------------------------------------------------    -------------------

                         (clock clk_pl_0 rise edge)
                                                      0.000     0.000 r  
    PS8_X0Y0             PS8                          0.000     0.000 r  design_1_i/zynq_ps/inst/PS8_i/PLCLK[0]
                         net (fo=1, routed)           0.164     0.164    design_1_i/zynq_ps/inst/pl_clk_unbuffered[0]
    BUFG_PS_X0Y80        BUFG_PS (Prop_BUFG_PS_I_O)
                                                      0.023     0.187 r  design_1_i/zynq_ps/inst/buffer_pl_clk_0.PL_CLK_0_BUFG/O
    X1Y1 (CLOCK_ROOT)    net (fo=31682, routed)       1.861     2.048    <hidden>
    SLICE_X7Y90          FDCE                                         r  <hidden>

Slack:                    inf
  Source:                 design_1_i/axi_ctrl_smc/inst/clk_map/psr_aclk/U0/ACTIVE_LOW_BSR_OUT_DFF[0].FDRE_BSR_N/C
                            (rising edge-triggered cell FDRE clocked by clk_pl_0  {rise@0.000ns fall@3.500ns period=7.000ns})
  Destination:            <hidden>
                            (removal check against rising-edge clock clk_pl_0  {rise@0.000ns fall@3.500ns period=7.000ns})
  Path Group:             (none)
  Path Type:              Removal (Min at Fast Process Corner)
  Data Path Delay:        0.210ns  (logic 0.083ns (39.547%)  route 0.127ns (60.453%))
  Logic Levels:           0  
  Clock Path Skew:        0.187ns (DCD - SCD - CPR)
    Destination Clock Delay (DCD):    2.048ns
    Source Clock Delay      (SCD):    1.861ns
    Clock Pessimism Removal (CPR):    -0.000ns
  Clock Uncertainty:      0.142ns  ((TSJ^2 + DJ^2)^1/2) / 2 + PE
    Total System Jitter     (TSJ):    0.071ns
    Discrete Jitter          (DJ):    0.276ns
    Phase Error              (PE):    0.000ns
  Clock Net Delay (Source):      1.710ns (routing 0.886ns, distribution 0.824ns)
  Clock Net Delay (Destination): 1.861ns (routing 0.971ns, distribution 0.890ns)
  Timing Exception:       False Path

    Location             Delay type                Incr(ns)  Path(ns)    Netlist Resource(s)
  -------------------------------------------------------------------    -------------------
                         (clock clk_pl_0 rise edge)
                                                      0.000     0.000 r  
    PS8_X0Y0             PS8                          0.000     0.000 r  design_1_i/zynq_ps/inst/PS8_i/PLCLK[0]
                         net (fo=1, routed)           0.129     0.129    design_1_i/zynq_ps/inst/pl_clk_unbuffered[0]
    BUFG_PS_X0Y80        BUFG_PS (Prop_BUFG_PS_I_O)
                                                      0.022     0.151 r  design_1_i/zynq_ps/inst/buffer_pl_clk_0.PL_CLK_0_BUFG/O
    X1Y1 (CLOCK_ROOT)    net (fo=31682, routed)       1.710     1.861    design_1_i/axi_ctrl_smc/inst/clk_map/psr_aclk/U0/aclk
    SLICE_X7Y87          FDRE                                         r  design_1_i/axi_ctrl_smc/inst/clk_map/psr_aclk/U0/ACTIVE_LOW_BSR_OUT_DFF[0].FDRE_BSR_N/C
  -------------------------------------------------------------------    -------------------
    SLICE_X7Y87          FDRE (Prop_DFF_SLICEM_C_Q)
                                                      0.083     1.944 r  design_1_i/axi_ctrl_smc/inst/clk_map/psr_aclk/U0/ACTIVE_LOW_BSR_OUT_DFF[0].FDRE_BSR_N/Q
                         net (fo=27, routed)          0.127     2.070    <hidden>
    SLICE_X7Y90          FDCE                                         f  <hidden>  (IS_INVERTED)
  -------------------------------------------------------------------    -------------------

                         (clock clk_pl_0 rise edge)
                                                      0.000     0.000 r  
    PS8_X0Y0             PS8                          0.000     0.000 r  design_1_i/zynq_ps/inst/PS8_i/PLCLK[0]
                         net (fo=1, routed)           0.164     0.164    design_1_i/zynq_ps/inst/pl_clk_unbuffered[0]
    BUFG_PS_X0Y80        BUFG_PS (Prop_BUFG_PS_I_O)
                                                      0.023     0.187 r  design_1_i/zynq_ps/inst/buffer_pl_clk_0.PL_CLK_0_BUFG/O
    X1Y1 (CLOCK_ROOT)    net (fo=31682, routed)       1.861     2.048    <hidden>
    SLICE_X7Y90          FDCE                                         r  <hidden>

Slack:                    inf
  Source:                 design_1_i/axi_ctrl_smc/inst/clk_map/psr_aclk/U0/ACTIVE_LOW_BSR_OUT_DFF[0].FDRE_BSR_N/C
                            (rising edge-triggered cell FDRE clocked by clk_pl_0  {rise@0.000ns fall@3.500ns period=7.000ns})
  Destination:            <hidden>
                            (removal check against rising-edge clock clk_pl_0  {rise@0.000ns fall@3.500ns period=7.000ns})
  Path Group:             (none)
  Path Type:              Removal (Min at Fast Process Corner)
  Data Path Delay:        0.243ns  (logic 0.083ns (34.133%)  route 0.160ns (65.867%))
  Logic Levels:           0  
  Clock Path Skew:        0.192ns (DCD - SCD - CPR)
    Destination Clock Delay (DCD):    2.052ns
    Source Clock Delay      (SCD):    1.861ns
    Clock Pessimism Removal (CPR):    -0.000ns
  Clock Uncertainty:      0.142ns  ((TSJ^2 + DJ^2)^1/2) / 2 + PE
    Total System Jitter     (TSJ):    0.071ns
    Discrete Jitter          (DJ):    0.276ns
    Phase Error              (PE):    0.000ns
  Clock Net Delay (Source):      1.710ns (routing 0.886ns, distribution 0.824ns)
  Clock Net Delay (Destination): 1.865ns (routing 0.971ns, distribution 0.894ns)
  Timing Exception:       False Path

    Location             Delay type                Incr(ns)  Path(ns)    Netlist Resource(s)
  -------------------------------------------------------------------    -------------------
                         (clock clk_pl_0 rise edge)
                                                      0.000     0.000 r  
    PS8_X0Y0             PS8                          0.000     0.000 r  design_1_i/zynq_ps/inst/PS8_i/PLCLK[0]
                         net (fo=1, routed)           0.129     0.129    design_1_i/zynq_ps/inst/pl_clk_unbuffered[0]
    BUFG_PS_X0Y80        BUFG_PS (Prop_BUFG_PS_I_O)
                                                      0.022     0.151 r  design_1_i/zynq_ps/inst/buffer_pl_clk_0.PL_CLK_0_BUFG/O
    X1Y1 (CLOCK_ROOT)    net (fo=31682, routed)       1.710     1.861    design_1_i/axi_ctrl_smc/inst/clk_map/psr_aclk/U0/aclk
    SLICE_X7Y87          FDRE                                         r  design_1_i/axi_ctrl_smc/inst/clk_map/psr_aclk/U0/ACTIVE_LOW_BSR_OUT_DFF[0].FDRE_BSR_N/C
  -------------------------------------------------------------------    -------------------
    SLICE_X7Y87          FDRE (Prop_DFF_SLICEM_C_Q)
                                                      0.083     1.944 r  design_1_i/axi_ctrl_smc/inst/clk_map/psr_aclk/U0/ACTIVE_LOW_BSR_OUT_DFF[0].FDRE_BSR_N/Q
                         net (fo=27, routed)          0.160     2.104    <hidden>
    SLICE_X8Y90          FDCE                                         f  <hidden>  (IS_INVERTED)
  -------------------------------------------------------------------    -------------------

                         (clock clk_pl_0 rise edge)
                                                      0.000     0.000 r  
    PS8_X0Y0             PS8                          0.000     0.000 r  design_1_i/zynq_ps/inst/PS8_i/PLCLK[0]
                         net (fo=1, routed)           0.164     0.164    design_1_i/zynq_ps/inst/pl_clk_unbuffered[0]
    BUFG_PS_X0Y80        BUFG_PS (Prop_BUFG_PS_I_O)
                                                      0.023     0.187 r  design_1_i/zynq_ps/inst/buffer_pl_clk_0.PL_CLK_0_BUFG/O
    X1Y1 (CLOCK_ROOT)    net (fo=31682, routed)       1.865     2.052    <hidden>
    SLICE_X8Y90          FDCE                                         r  <hidden>

Slack:                    inf
  Source:                 design_1_i/axi_ctrl_smc/inst/clk_map/psr_aclk/U0/ACTIVE_LOW_BSR_OUT_DFF[0].FDRE_BSR_N/C
                            (rising edge-triggered cell FDRE clocked by clk_pl_0  {rise@0.000ns fall@3.500ns period=7.000ns})
  Destination:            <hidden>
                            (removal check against rising-edge clock clk_pl_0  {rise@0.000ns fall@3.500ns period=7.000ns})
  Path Group:             (none)
  Path Type:              Removal (Min at Fast Process Corner)
  Data Path Delay:        0.243ns  (logic 0.083ns (34.133%)  route 0.160ns (65.867%))
  Logic Levels:           0  
  Clock Path Skew:        0.192ns (DCD - SCD - CPR)
    Destination Clock Delay (DCD):    2.052ns
    Source Clock Delay      (SCD):    1.861ns
    Clock Pessimism Removal (CPR):    -0.000ns
  Clock Uncertainty:      0.142ns  ((TSJ^2 + DJ^2)^1/2) / 2 + PE
    Total System Jitter     (TSJ):    0.071ns
    Discrete Jitter          (DJ):    0.276ns
    Phase Error              (PE):    0.000ns
  Clock Net Delay (Source):      1.710ns (routing 0.886ns, distribution 0.824ns)
  Clock Net Delay (Destination): 1.865ns (routing 0.971ns, distribution 0.894ns)
  Timing Exception:       False Path

    Location             Delay type                Incr(ns)  Path(ns)    Netlist Resource(s)
  -------------------------------------------------------------------    -------------------
                         (clock clk_pl_0 rise edge)
                                                      0.000     0.000 r  
    PS8_X0Y0             PS8                          0.000     0.000 r  design_1_i/zynq_ps/inst/PS8_i/PLCLK[0]
                         net (fo=1, routed)           0.129     0.129    design_1_i/zynq_ps/inst/pl_clk_unbuffered[0]
    BUFG_PS_X0Y80        BUFG_PS (Prop_BUFG_PS_I_O)
                                                      0.022     0.151 r  design_1_i/zynq_ps/inst/buffer_pl_clk_0.PL_CLK_0_BUFG/O
    X1Y1 (CLOCK_ROOT)    net (fo=31682, routed)       1.710     1.861    design_1_i/axi_ctrl_smc/inst/clk_map/psr_aclk/U0/aclk
    SLICE_X7Y87          FDRE                                         r  design_1_i/axi_ctrl_smc/inst/clk_map/psr_aclk/U0/ACTIVE_LOW_BSR_OUT_DFF[0].FDRE_BSR_N/C
  -------------------------------------------------------------------    -------------------
    SLICE_X7Y87          FDRE (Prop_DFF_SLICEM_C_Q)
                                                      0.083     1.944 r  design_1_i/axi_ctrl_smc/inst/clk_map/psr_aclk/U0/ACTIVE_LOW_BSR_OUT_DFF[0].FDRE_BSR_N/Q
                         net (fo=27, routed)          0.160     2.104    <hidden>
    SLICE_X8Y90          FDCE                                         f  <hidden>  (IS_INVERTED)
  -------------------------------------------------------------------    -------------------

                         (clock clk_pl_0 rise edge)
                                                      0.000     0.000 r  
    PS8_X0Y0             PS8                          0.000     0.000 r  design_1_i/zynq_ps/inst/PS8_i/PLCLK[0]
                         net (fo=1, routed)           0.164     0.164    design_1_i/zynq_ps/inst/pl_clk_unbuffered[0]
    BUFG_PS_X0Y80        BUFG_PS (Prop_BUFG_PS_I_O)
                                                      0.023     0.187 r  design_1_i/zynq_ps/inst/buffer_pl_clk_0.PL_CLK_0_BUFG/O
    X1Y1 (CLOCK_ROOT)    net (fo=31682, routed)       1.865     2.052    <hidden>
    SLICE_X8Y90          FDCE                                         r  <hidden>

Slack:                    inf
  Source:                 design_1_i/axi_ctrl_smc/inst/clk_map/psr_aclk/U0/ACTIVE_LOW_BSR_OUT_DFF[0].FDRE_BSR_N/C
                            (rising edge-triggered cell FDRE clocked by clk_pl_0  {rise@0.000ns fall@3.500ns period=7.000ns})
  Destination:            <hidden>
                            (removal check against rising-edge clock clk_pl_0  {rise@0.000ns fall@3.500ns period=7.000ns})
  Path Group:             (none)
  Path Type:              Removal (Min at Fast Process Corner)
  Data Path Delay:        0.243ns  (logic 0.083ns (34.133%)  route 0.160ns (65.867%))
  Logic Levels:           0  
  Clock Path Skew:        0.192ns (DCD - SCD - CPR)
    Destination Clock Delay (DCD):    2.052ns
    Source Clock Delay      (SCD):    1.861ns
    Clock Pessimism Removal (CPR):    -0.000ns
  Clock Uncertainty:      0.142ns  ((TSJ^2 + DJ^2)^1/2) / 2 + PE
    Total System Jitter     (TSJ):    0.071ns
    Discrete Jitter          (DJ):    0.276ns
    Phase Error              (PE):    0.000ns
  Clock Net Delay (Source):      1.710ns (routing 0.886ns, distribution 0.824ns)
  Clock Net Delay (Destination): 1.865ns (routing 0.971ns, distribution 0.894ns)
  Timing Exception:       False Path

    Location             Delay type                Incr(ns)  Path(ns)    Netlist Resource(s)
  -------------------------------------------------------------------    -------------------
                         (clock clk_pl_0 rise edge)
                                                      0.000     0.000 r  
    PS8_X0Y0             PS8                          0.000     0.000 r  design_1_i/zynq_ps/inst/PS8_i/PLCLK[0]
                         net (fo=1, routed)           0.129     0.129    design_1_i/zynq_ps/inst/pl_clk_unbuffered[0]
    BUFG_PS_X0Y80        BUFG_PS (Prop_BUFG_PS_I_O)
                                                      0.022     0.151 r  design_1_i/zynq_ps/inst/buffer_pl_clk_0.PL_CLK_0_BUFG/O
    X1Y1 (CLOCK_ROOT)    net (fo=31682, routed)       1.710     1.861    design_1_i/axi_ctrl_smc/inst/clk_map/psr_aclk/U0/aclk
    SLICE_X7Y87          FDRE                                         r  design_1_i/axi_ctrl_smc/inst/clk_map/psr_aclk/U0/ACTIVE_LOW_BSR_OUT_DFF[0].FDRE_BSR_N/C
  -------------------------------------------------------------------    -------------------
    SLICE_X7Y87          FDRE (Prop_DFF_SLICEM_C_Q)
                                                      0.083     1.944 r  design_1_i/axi_ctrl_smc/inst/clk_map/psr_aclk/U0/ACTIVE_LOW_BSR_OUT_DFF[0].FDRE_BSR_N/Q
                         net (fo=27, routed)          0.160     2.104    <hidden>
    SLICE_X8Y90          FDCE                                         f  <hidden>  (IS_INVERTED)
  -------------------------------------------------------------------    -------------------

                         (clock clk_pl_0 rise edge)
                                                      0.000     0.000 r  
    PS8_X0Y0             PS8                          0.000     0.000 r  design_1_i/zynq_ps/inst/PS8_i/PLCLK[0]
                         net (fo=1, routed)           0.164     0.164    design_1_i/zynq_ps/inst/pl_clk_unbuffered[0]
    BUFG_PS_X0Y80        BUFG_PS (Prop_BUFG_PS_I_O)
                                                      0.023     0.187 r  design_1_i/zynq_ps/inst/buffer_pl_clk_0.PL_CLK_0_BUFG/O
    X1Y1 (CLOCK_ROOT)    net (fo=31682, routed)       1.865     2.052    <hidden>
    SLICE_X8Y90          FDCE                                         r  <hidden>

Slack:                    inf
  Source:                 design_1_i/axi_ctrl_smc/inst/clk_map/psr_aclk/U0/ACTIVE_LOW_BSR_OUT_DFF[0].FDRE_BSR_N/C
                            (rising edge-triggered cell FDRE clocked by clk_pl_0  {rise@0.000ns fall@3.500ns period=7.000ns})
  Destination:            <hidden>
                            (removal check against rising-edge clock clk_pl_0  {rise@0.000ns fall@3.500ns period=7.000ns})
  Path Group:             (none)
  Path Type:              Removal (Min at Fast Process Corner)
  Data Path Delay:        0.248ns  (logic 0.083ns (33.498%)  route 0.165ns (66.502%))
  Logic Levels:           0  
  Clock Path Skew:        0.189ns (DCD - SCD - CPR)
    Destination Clock Delay (DCD):    2.050ns
    Source Clock Delay      (SCD):    1.861ns
    Clock Pessimism Removal (CPR):    -0.000ns
  Clock Uncertainty:      0.142ns  ((TSJ^2 + DJ^2)^1/2) / 2 + PE
    Total System Jitter     (TSJ):    0.071ns
    Discrete Jitter          (DJ):    0.276ns
    Phase Error              (PE):    0.000ns
  Clock Net Delay (Source):      1.710ns (routing 0.886ns, distribution 0.824ns)
  Clock Net Delay (Destination): 1.863ns (routing 0.971ns, distribution 0.892ns)
  Timing Exception:       False Path

    Location             Delay type                Incr(ns)  Path(ns)    Netlist Resource(s)
  -------------------------------------------------------------------    -------------------
                         (clock clk_pl_0 rise edge)
                                                      0.000     0.000 r  
    PS8_X0Y0             PS8                          0.000     0.000 r  design_1_i/zynq_ps/inst/PS8_i/PLCLK[0]
                         net (fo=1, routed)           0.129     0.129    design_1_i/zynq_ps/inst/pl_clk_unbuffered[0]
    BUFG_PS_X0Y80        BUFG_PS (Prop_BUFG_PS_I_O)
                                                      0.022     0.151 r  design_1_i/zynq_ps/inst/buffer_pl_clk_0.PL_CLK_0_BUFG/O
    X1Y1 (CLOCK_ROOT)    net (fo=31682, routed)       1.710     1.861    design_1_i/axi_ctrl_smc/inst/clk_map/psr_aclk/U0/aclk
    SLICE_X7Y87          FDRE                                         r  design_1_i/axi_ctrl_smc/inst/clk_map/psr_aclk/U0/ACTIVE_LOW_BSR_OUT_DFF[0].FDRE_BSR_N/C
  -------------------------------------------------------------------    -------------------
    SLICE_X7Y87          FDRE (Prop_DFF_SLICEM_C_Q)
                                                      0.083     1.944 r  design_1_i/axi_ctrl_smc/inst/clk_map/psr_aclk/U0/ACTIVE_LOW_BSR_OUT_DFF[0].FDRE_BSR_N/Q
                         net (fo=27, routed)          0.165     2.108    <hidden>
    SLICE_X7Y93          FDCE                                         f  <hidden>  (IS_INVERTED)
  -------------------------------------------------------------------    -------------------

                         (clock clk_pl_0 rise edge)
                                                      0.000     0.000 r  
    PS8_X0Y0             PS8                          0.000     0.000 r  design_1_i/zynq_ps/inst/PS8_i/PLCLK[0]
                         net (fo=1, routed)           0.164     0.164    design_1_i/zynq_ps/inst/pl_clk_unbuffered[0]
    BUFG_PS_X0Y80        BUFG_PS (Prop_BUFG_PS_I_O)
                                                      0.023     0.187 r  design_1_i/zynq_ps/inst/buffer_pl_clk_0.PL_CLK_0_BUFG/O
    X1Y1 (CLOCK_ROOT)    net (fo=31682, routed)       1.863     2.050    <hidden>
    SLICE_X7Y93          FDCE                                         r  <hidden>

Slack:                    inf
  Source:                 design_1_i/axi_ctrl_smc/inst/clk_map/psr_aclk/U0/ACTIVE_LOW_BSR_OUT_DFF[0].FDRE_BSR_N/C
                            (rising edge-triggered cell FDRE clocked by clk_pl_0  {rise@0.000ns fall@3.500ns period=7.000ns})
  Destination:            <hidden>
                            (removal check against rising-edge clock clk_pl_0  {rise@0.000ns fall@3.500ns period=7.000ns})
  Path Group:             (none)
  Path Type:              Removal (Min at Fast Process Corner)
  Data Path Delay:        0.248ns  (logic 0.083ns (33.498%)  route 0.165ns (66.502%))
  Logic Levels:           0  
  Clock Path Skew:        0.189ns (DCD - SCD - CPR)
    Destination Clock Delay (DCD):    2.050ns
    Source Clock Delay      (SCD):    1.861ns
    Clock Pessimism Removal (CPR):    -0.000ns
  Clock Uncertainty:      0.142ns  ((TSJ^2 + DJ^2)^1/2) / 2 + PE
    Total System Jitter     (TSJ):    0.071ns
    Discrete Jitter          (DJ):    0.276ns
    Phase Error              (PE):    0.000ns
  Clock Net Delay (Source):      1.710ns (routing 0.886ns, distribution 0.824ns)
  Clock Net Delay (Destination): 1.863ns (routing 0.971ns, distribution 0.892ns)
  Timing Exception:       False Path

    Location             Delay type                Incr(ns)  Path(ns)    Netlist Resource(s)
  -------------------------------------------------------------------    -------------------
                         (clock clk_pl_0 rise edge)
                                                      0.000     0.000 r  
    PS8_X0Y0             PS8                          0.000     0.000 r  design_1_i/zynq_ps/inst/PS8_i/PLCLK[0]
                         net (fo=1, routed)           0.129     0.129    design_1_i/zynq_ps/inst/pl_clk_unbuffered[0]
    BUFG_PS_X0Y80        BUFG_PS (Prop_BUFG_PS_I_O)
                                                      0.022     0.151 r  design_1_i/zynq_ps/inst/buffer_pl_clk_0.PL_CLK_0_BUFG/O
    X1Y1 (CLOCK_ROOT)    net (fo=31682, routed)       1.710     1.861    design_1_i/axi_ctrl_smc/inst/clk_map/psr_aclk/U0/aclk
    SLICE_X7Y87          FDRE                                         r  design_1_i/axi_ctrl_smc/inst/clk_map/psr_aclk/U0/ACTIVE_LOW_BSR_OUT_DFF[0].FDRE_BSR_N/C
  -------------------------------------------------------------------    -------------------
    SLICE_X7Y87          FDRE (Prop_DFF_SLICEM_C_Q)
                                                      0.083     1.944 r  design_1_i/axi_ctrl_smc/inst/clk_map/psr_aclk/U0/ACTIVE_LOW_BSR_OUT_DFF[0].FDRE_BSR_N/Q
                         net (fo=27, routed)          0.165     2.108    <hidden>
    SLICE_X7Y93          FDCE                                         f  <hidden>  (IS_INVERTED)
  -------------------------------------------------------------------    -------------------

                         (clock clk_pl_0 rise edge)
                                                      0.000     0.000 r  
    PS8_X0Y0             PS8                          0.000     0.000 r  design_1_i/zynq_ps/inst/PS8_i/PLCLK[0]
                         net (fo=1, routed)           0.164     0.164    design_1_i/zynq_ps/inst/pl_clk_unbuffered[0]
    BUFG_PS_X0Y80        BUFG_PS (Prop_BUFG_PS_I_O)
                                                      0.023     0.187 r  design_1_i/zynq_ps/inst/buffer_pl_clk_0.PL_CLK_0_BUFG/O
    X1Y1 (CLOCK_ROOT)    net (fo=31682, routed)       1.863     2.050    <hidden>
    SLICE_X7Y93          FDCE                                         r  <hidden>

Slack:                    inf
  Source:                 design_1_i/axi_ctrl_smc/inst/clk_map/psr_aclk/U0/ACTIVE_LOW_BSR_OUT_DFF[0].FDRE_BSR_N/C
                            (rising edge-triggered cell FDRE clocked by clk_pl_0  {rise@0.000ns fall@3.500ns period=7.000ns})
  Destination:            <hidden>
                            (removal check against rising-edge clock clk_pl_0  {rise@0.000ns fall@3.500ns period=7.000ns})
  Path Group:             (none)
  Path Type:              Removal (Min at Fast Process Corner)
  Data Path Delay:        0.248ns  (logic 0.083ns (33.498%)  route 0.165ns (66.502%))
  Logic Levels:           0  
  Clock Path Skew:        0.189ns (DCD - SCD - CPR)
    Destination Clock Delay (DCD):    2.050ns
    Source Clock Delay      (SCD):    1.861ns
    Clock Pessimism Removal (CPR):    -0.000ns
  Clock Uncertainty:      0.142ns  ((TSJ^2 + DJ^2)^1/2) / 2 + PE
    Total System Jitter     (TSJ):    0.071ns
    Discrete Jitter          (DJ):    0.276ns
    Phase Error              (PE):    0.000ns
  Clock Net Delay (Source):      1.710ns (routing 0.886ns, distribution 0.824ns)
  Clock Net Delay (Destination): 1.863ns (routing 0.971ns, distribution 0.892ns)
  Timing Exception:       False Path

    Location             Delay type                Incr(ns)  Path(ns)    Netlist Resource(s)
  -------------------------------------------------------------------    -------------------
                         (clock clk_pl_0 rise edge)
                                                      0.000     0.000 r  
    PS8_X0Y0             PS8                          0.000     0.000 r  design_1_i/zynq_ps/inst/PS8_i/PLCLK[0]
                         net (fo=1, routed)           0.129     0.129    design_1_i/zynq_ps/inst/pl_clk_unbuffered[0]
    BUFG_PS_X0Y80        BUFG_PS (Prop_BUFG_PS_I_O)
                                                      0.022     0.151 r  design_1_i/zynq_ps/inst/buffer_pl_clk_0.PL_CLK_0_BUFG/O
    X1Y1 (CLOCK_ROOT)    net (fo=31682, routed)       1.710     1.861    design_1_i/axi_ctrl_smc/inst/clk_map/psr_aclk/U0/aclk
    SLICE_X7Y87          FDRE                                         r  design_1_i/axi_ctrl_smc/inst/clk_map/psr_aclk/U0/ACTIVE_LOW_BSR_OUT_DFF[0].FDRE_BSR_N/C
  -------------------------------------------------------------------    -------------------
    SLICE_X7Y87          FDRE (Prop_DFF_SLICEM_C_Q)
                                                      0.083     1.944 r  design_1_i/axi_ctrl_smc/inst/clk_map/psr_aclk/U0/ACTIVE_LOW_BSR_OUT_DFF[0].FDRE_BSR_N/Q
                         net (fo=27, routed)          0.165     2.108    <hidden>
    SLICE_X7Y93          FDCE                                         f  <hidden>  (IS_INVERTED)
  -------------------------------------------------------------------    -------------------

                         (clock clk_pl_0 rise edge)
                                                      0.000     0.000 r  
    PS8_X0Y0             PS8                          0.000     0.000 r  design_1_i/zynq_ps/inst/PS8_i/PLCLK[0]
                         net (fo=1, routed)           0.164     0.164    design_1_i/zynq_ps/inst/pl_clk_unbuffered[0]
    BUFG_PS_X0Y80        BUFG_PS (Prop_BUFG_PS_I_O)
                                                      0.023     0.187 r  design_1_i/zynq_ps/inst/buffer_pl_clk_0.PL_CLK_0_BUFG/O
    X1Y1 (CLOCK_ROOT)    net (fo=31682, routed)       1.863     2.050    <hidden>
    SLICE_X7Y93          FDCE                                         r  <hidden>

Slack:                    inf
  Source:                 design_1_i/axi_ctrl_smc/inst/clk_map/psr_aclk/U0/ACTIVE_LOW_BSR_OUT_DFF[0].FDRE_BSR_N/C
                            (rising edge-triggered cell FDRE clocked by clk_pl_0  {rise@0.000ns fall@3.500ns period=7.000ns})
  Destination:            <hidden>
                            (removal check against rising-edge clock clk_pl_0  {rise@0.000ns fall@3.500ns period=7.000ns})
  Path Group:             (none)
  Path Type:              Removal (Min at Fast Process Corner)
  Data Path Delay:        0.268ns  (logic 0.083ns (30.996%)  route 0.185ns (69.004%))
  Logic Levels:           0  
  Clock Path Skew:        0.191ns (DCD - SCD - CPR)
    Destination Clock Delay (DCD):    2.052ns
    Source Clock Delay      (SCD):    1.861ns
    Clock Pessimism Removal (CPR):    -0.000ns
  Clock Uncertainty:      0.142ns  ((TSJ^2 + DJ^2)^1/2) / 2 + PE
    Total System Jitter     (TSJ):    0.071ns
    Discrete Jitter          (DJ):    0.276ns
    Phase Error              (PE):    0.000ns
  Clock Net Delay (Source):      1.710ns (routing 0.886ns, distribution 0.824ns)
  Clock Net Delay (Destination): 1.865ns (routing 0.971ns, distribution 0.894ns)
  Timing Exception:       False Path

    Location             Delay type                Incr(ns)  Path(ns)    Netlist Resource(s)
  -------------------------------------------------------------------    -------------------
                         (clock clk_pl_0 rise edge)
                                                      0.000     0.000 r  
    PS8_X0Y0             PS8                          0.000     0.000 r  design_1_i/zynq_ps/inst/PS8_i/PLCLK[0]
                         net (fo=1, routed)           0.129     0.129    design_1_i/zynq_ps/inst/pl_clk_unbuffered[0]
    BUFG_PS_X0Y80        BUFG_PS (Prop_BUFG_PS_I_O)
                                                      0.022     0.151 r  design_1_i/zynq_ps/inst/buffer_pl_clk_0.PL_CLK_0_BUFG/O
    X1Y1 (CLOCK_ROOT)    net (fo=31682, routed)       1.710     1.861    design_1_i/axi_ctrl_smc/inst/clk_map/psr_aclk/U0/aclk
    SLICE_X7Y87          FDRE                                         r  design_1_i/axi_ctrl_smc/inst/clk_map/psr_aclk/U0/ACTIVE_LOW_BSR_OUT_DFF[0].FDRE_BSR_N/C
  -------------------------------------------------------------------    -------------------
    SLICE_X7Y87          FDRE (Prop_DFF_SLICEM_C_Q)
                                                      0.083     1.944 r  design_1_i/axi_ctrl_smc/inst/clk_map/psr_aclk/U0/ACTIVE_LOW_BSR_OUT_DFF[0].FDRE_BSR_N/Q
                         net (fo=27, routed)          0.185     2.128    <hidden>
    SLICE_X7Y95          FDCE                                         f  <hidden>  (IS_INVERTED)
  -------------------------------------------------------------------    -------------------

                         (clock clk_pl_0 rise edge)
                                                      0.000     0.000 r  
    PS8_X0Y0             PS8                          0.000     0.000 r  design_1_i/zynq_ps/inst/PS8_i/PLCLK[0]
                         net (fo=1, routed)           0.164     0.164    design_1_i/zynq_ps/inst/pl_clk_unbuffered[0]
    BUFG_PS_X0Y80        BUFG_PS (Prop_BUFG_PS_I_O)
                                                      0.023     0.187 r  design_1_i/zynq_ps/inst/buffer_pl_clk_0.PL_CLK_0_BUFG/O
    X1Y1 (CLOCK_ROOT)    net (fo=31682, routed)       1.865     2.052    <hidden>
    SLICE_X7Y95          FDCE                                         r  <hidden>





--------------------------------------------------------------------------------------
Path Group:  (none)
From Clock:  
  To Clock:  clk_pl_0

Max Delay            80 Endpoints
Min Delay            80 Endpoints
--------------------------------------------------------------------------------------


Max Delay Paths
--------------------------------------------------------------------------------------
Slack:                    inf
  Source:                 design_1_i/cnn_accel_top_0/inst/grp_global_avg_pool_fu_384/grp_global_avg_pool_Pipeline_Write_Avg_fu_1533/mul_42s_31ns_73_1_1_U989/tmp_product__1/DSP_A_B_DATA_INST/A2_DATA[26]
                            (internal pin)
  Destination:            design_1_i/cnn_accel_top_0/inst/grp_global_avg_pool_fu_384/grp_global_avg_pool_Pipeline_Write_Avg_fu_1533/tmp_23_reg_2259_reg[0]/D
                            (rising edge-triggered cell FDRE clocked by clk_pl_0  {rise@0.000ns fall@3.500ns period=7.000ns})
  Path Group:             (none)
  Path Type:              Setup (Max at Slow Process Corner)
  Data Path Delay:        4.091ns  (logic 3.447ns (84.254%)  route 0.644ns (15.746%))
  Logic Levels:           16  (CARRY8=8 DSP_ALU=2 DSP_M_DATA=1 DSP_MULTIPLIER=1 DSP_OUTPUT=2 DSP_PREADD_DATA=1 LUT2=1)
  Clock Uncertainty:      0.140ns  ((TSJ^2 + DJ^2)^1/2) / 2 + PE
    Total System Jitter     (TSJ):    0.050ns
    Discrete Jitter          (DJ):    0.276ns
    Phase Error              (PE):    0.000ns
  Clock Net Delay (Destination): 2.817ns (routing 1.450ns, distribution 1.367ns)

    Location             Delay type                Incr(ns)  Path(ns)    Netlist Resource(s)
  -------------------------------------------------------------------    -------------------
    DSP48E2_X11Y39       DSP_A_B_DATA                 0.000     0.000 r  design_1_i/cnn_accel_top_0/inst/grp_global_avg_pool_fu_384/grp_global_avg_pool_Pipeline_Write_Avg_fu_1533/mul_42s_31ns_73_1_1_U989/tmp_product__1/DSP_A_B_DATA_INST/A2_DATA[26]
                         net (fo=1, routed)           0.000     0.000    design_1_i/cnn_accel_top_0/inst/grp_global_avg_pool_fu_384/grp_global_avg_pool_Pipeline_Write_Avg_fu_1533/mul_42s_31ns_73_1_1_U989/tmp_product__1/DSP_A_B_DATA.A2_DATA<26>
    DSP48E2_X11Y39       DSP_PREADD_DATA (Prop_DSP_PREADD_DATA_DSP48E2_A2_DATA[26]_A2A1[26])
                                                      0.114     0.114 r  design_1_i/cnn_accel_top_0/inst/grp_global_avg_pool_fu_384/grp_global_avg_pool_Pipeline_Write_Avg_fu_1533/mul_42s_31ns_73_1_1_U989/tmp_product__1/DSP_PREADD_DATA_INST/A2A1[26]
                         net (fo=1, routed)           0.000     0.114    design_1_i/cnn_accel_top_0/inst/grp_global_avg_pool_fu_384/grp_global_avg_pool_Pipeline_Write_Avg_fu_1533/mul_42s_31ns_73_1_1_U989/tmp_product__1/DSP_PREADD_DATA.A2A1<26>
    DSP48E2_X11Y39       DSP_MULTIPLIER (Prop_DSP_MULTIPLIER_DSP48E2_A2A1[26]_U[43])
                                                      0.700     0.814 f  design_1_i/cnn_accel_top_0/inst/grp_global_avg_pool_fu_384/grp_global_avg_pool_Pipeline_Write_Avg_fu_1533/mul_42s_31ns_73_1_1_U989/tmp_product__1/DSP_MULTIPLIER_INST/U[43]
                         net (fo=1, routed)           0.000     0.814    design_1_i/cnn_accel_top_0/inst/grp_global_avg_pool_fu_384/grp_global_avg_pool_Pipeline_Write_Avg_fu_1533/mul_42s_31ns_73_1_1_U989/tmp_product__1/DSP_MULTIPLIER.U<43>
    DSP48E2_X11Y39       DSP_M_DATA (Prop_DSP_M_DATA_DSP48E2_U[43]_U_DATA[43])
                                                      0.067     0.881 r  design_1_i/cnn_accel_top_0/inst/grp_global_avg_pool_fu_384/grp_global_avg_pool_Pipeline_Write_Avg_fu_1533/mul_42s_31ns_73_1_1_U989/tmp_product__1/DSP_M_DATA_INST/U_DATA[43]
                         net (fo=1, routed)           0.000     0.881    design_1_i/cnn_accel_top_0/inst/grp_global_avg_pool_fu_384/grp_global_avg_pool_Pipeline_Write_Avg_fu_1533/mul_42s_31ns_73_1_1_U989/tmp_product__1/DSP_M_DATA.U_DATA<43>
    DSP48E2_X11Y39       DSP_ALU (Prop_DSP_ALU_DSP48E2_U_DATA[43]_ALU_OUT[47])
                                                      0.727     1.608 f  design_1_i/cnn_accel_top_0/inst/grp_global_avg_pool_fu_384/grp_global_avg_pool_Pipeline_Write_Avg_fu_1533/mul_42s_31ns_73_1_1_U989/tmp_product__1/DSP_ALU_INST/ALU_OUT[47]
                         net (fo=1, routed)           0.000     1.608    design_1_i/cnn_accel_top_0/inst/grp_global_avg_pool_fu_384/grp_global_avg_pool_Pipeline_Write_Avg_fu_1533/mul_42s_31ns_73_1_1_U989/tmp_product__1/DSP_ALU.ALU_OUT<47>
    DSP48E2_X11Y39       DSP_OUTPUT (Prop_DSP_OUTPUT_DSP48E2_ALU_OUT[47]_PCOUT[47])
                                                      0.167     1.775 r  design_1_i/cnn_accel_top_0/inst/grp_global_avg_pool_fu_384/grp_global_avg_pool_Pipeline_Write_Avg_fu_1533/mul_42s_31ns_73_1_1_U989/tmp_product__1/DSP_OUTPUT_INST/PCOUT[47]
                         net (fo=1, routed)           0.038     1.813    design_1_i/cnn_accel_top_0/inst/grp_global_avg_pool_fu_384/grp_global_avg_pool_Pipeline_Write_Avg_fu_1533/mul_42s_31ns_73_1_1_U989/tmp_product__2/PCIN[47]
    DSP48E2_X11Y40       DSP_ALU (Prop_DSP_ALU_DSP48E2_PCIN[47]_ALU_OUT[3])
                                                      0.739     2.552 f  design_1_i/cnn_accel_top_0/inst/grp_global_avg_pool_fu_384/grp_global_avg_pool_Pipeline_Write_Avg_fu_1533/mul_42s_31ns_73_1_1_U989/tmp_product__2/DSP_ALU_INST/ALU_OUT[3]
                         net (fo=1, routed)           0.000     2.552    design_1_i/cnn_accel_top_0/inst/grp_global_avg_pool_fu_384/grp_global_avg_pool_Pipeline_Write_Avg_fu_1533/mul_42s_31ns_73_1_1_U989/tmp_product__2/DSP_ALU.ALU_OUT<3>
    DSP48E2_X11Y40       DSP_OUTPUT (Prop_DSP_OUTPUT_DSP48E2_ALU_OUT[3]_P[3])
                                                      0.146     2.698 r  design_1_i/cnn_accel_top_0/inst/grp_global_avg_pool_fu_384/grp_global_avg_pool_Pipeline_Write_Avg_fu_1533/mul_42s_31ns_73_1_1_U989/tmp_product__2/DSP_OUTPUT_INST/P[3]
                         net (fo=2, routed)           0.346     3.044    design_1_i/cnn_accel_top_0/inst/grp_global_avg_pool_fu_384/grp_global_avg_pool_Pipeline_Write_Avg_fu_1533/mul_42s_31ns_73_1_1_U989/tmp_product__2_n_104
    SLICE_X40Y99         LUT2 (Prop_E6LUT_SLICEM_I0_O)
                                                      0.083     3.127 r  design_1_i/cnn_accel_top_0/inst/grp_global_avg_pool_fu_384/grp_global_avg_pool_Pipeline_Write_Avg_fu_1533/mul_42s_31ns_73_1_1_U989/trunc_ln772_reg_2265[23]_i_5/O
                         net (fo=1, routed)           0.018     3.145    design_1_i/cnn_accel_top_0/inst/grp_global_avg_pool_fu_384/grp_global_avg_pool_Pipeline_Write_Avg_fu_1533/mul_42s_31ns_73_1_1_U989/trunc_ln772_reg_2265[23]_i_5_n_2
    SLICE_X40Y99         CARRY8 (Prop_CARRY8_SLICEM_S[4]_CO[7])
                                                      0.236     3.381 r  design_1_i/cnn_accel_top_0/inst/grp_global_avg_pool_fu_384/grp_global_avg_pool_Pipeline_Write_Avg_fu_1533/mul_42s_31ns_73_1_1_U989/trunc_ln772_reg_2265_reg[23]_i_1/CO[7]
                         net (fo=1, routed)           0.030     3.411    design_1_i/cnn_accel_top_0/inst/grp_global_avg_pool_fu_384/grp_global_avg_pool_Pipeline_Write_Avg_fu_1533/mul_42s_31ns_73_1_1_U989/trunc_ln772_reg_2265_reg[23]_i_1_n_2
    SLICE_X40Y100        CARRY8 (Prop_CARRY8_SLICEM_CI_CO[7])
                                                      0.065     3.476 r  design_1_i/cnn_accel_top_0/inst/grp_global_avg_pool_fu_384/grp_global_avg_pool_Pipeline_Write_Avg_fu_1533/mul_42s_31ns_73_1_1_U989/trunc_ln772_reg_2265_reg[31]_i_1/CO[7]
                         net (fo=1, routed)           0.030     3.506    design_1_i/cnn_accel_top_0/inst/grp_global_avg_pool_fu_384/grp_global_avg_pool_Pipeline_Write_Avg_fu_1533/mul_42s_31ns_73_1_1_U989/trunc_ln772_reg_2265_reg[31]_i_1_n_2
    SLICE_X40Y101        CARRY8 (Prop_CARRY8_SLICEM_CI_CO[7])
                                                      0.065     3.571 r  design_1_i/cnn_accel_top_0/inst/grp_global_avg_pool_fu_384/grp_global_avg_pool_Pipeline_Write_Avg_fu_1533/mul_42s_31ns_73_1_1_U989/trunc_ln772_reg_2265_reg[38]_i_1/CO[7]
                         net (fo=1, routed)           0.030     3.601    design_1_i/cnn_accel_top_0/inst/grp_global_avg_pool_fu_384/grp_global_avg_pool_Pipeline_Write_Avg_fu_1533/mul_42s_31ns_73_1_1_U989/trunc_ln772_reg_2265_reg[38]_i_1_n_2
    SLICE_X40Y102        CARRY8 (Prop_CARRY8_SLICEM_CI_CO[7])
                                                      0.065     3.666 r  design_1_i/cnn_accel_top_0/inst/grp_global_avg_pool_fu_384/grp_global_avg_pool_Pipeline_Write_Avg_fu_1533/mul_42s_31ns_73_1_1_U989/mul_ln772_reg_2250_reg[47]_i_1/CO[7]
                         net (fo=1, routed)           0.030     3.696    design_1_i/cnn_accel_top_0/inst/grp_global_avg_pool_fu_384/grp_global_avg_pool_Pipeline_Write_Avg_fu_1533/mul_42s_31ns_73_1_1_U989/mul_ln772_reg_2250_reg[47]_i_1_n_2
    SLICE_X40Y103        CARRY8 (Prop_CARRY8_SLICEM_CI_CO[7])
                                                      0.065     3.761 r  design_1_i/cnn_accel_top_0/inst/grp_global_avg_pool_fu_384/grp_global_avg_pool_Pipeline_Write_Avg_fu_1533/mul_42s_31ns_73_1_1_U989/mul_ln772_reg_2250_reg[55]_i_1/CO[7]
                         net (fo=1, routed)           0.030     3.791    design_1_i/cnn_accel_top_0/inst/grp_global_avg_pool_fu_384/grp_global_avg_pool_Pipeline_Write_Avg_fu_1533/mul_42s_31ns_73_1_1_U989/mul_ln772_reg_2250_reg[55]_i_1_n_2
    SLICE_X40Y104        CARRY8 (Prop_CARRY8_SLICEM_CI_CO[7])
                                                      0.065     3.856 r  design_1_i/cnn_accel_top_0/inst/grp_global_avg_pool_fu_384/grp_global_avg_pool_Pipeline_Write_Avg_fu_1533/mul_42s_31ns_73_1_1_U989/mul_ln772_reg_2250_reg[56]_i_2/CO[7]
                         net (fo=1, routed)           0.030     3.886    design_1_i/cnn_accel_top_0/inst/grp_global_avg_pool_fu_384/grp_global_avg_pool_Pipeline_Write_Avg_fu_1533/mul_42s_31ns_73_1_1_U989/mul_ln772_reg_2250_reg[56]_i_2_n_2
    SLICE_X40Y105        CARRY8 (Prop_CARRY8_SLICEM_CI_CO[7])
                                                      0.065     3.951 r  design_1_i/cnn_accel_top_0/inst/grp_global_avg_pool_fu_384/grp_global_avg_pool_Pipeline_Write_Avg_fu_1533/mul_42s_31ns_73_1_1_U989/tmp_7_reg_2275_reg[7]_i_1/CO[7]
                         net (fo=1, routed)           0.030     3.981    design_1_i/cnn_accel_top_0/inst/grp_global_avg_pool_fu_384/grp_global_avg_pool_Pipeline_Write_Avg_fu_1533/mul_42s_31ns_73_1_1_U989/tmp_7_reg_2275_reg[7]_i_1_n_2
    SLICE_X40Y106        CARRY8 (Prop_CARRY8_SLICEM_CI_O[0])
                                                      0.078     4.059 r  design_1_i/cnn_accel_top_0/inst/grp_global_avg_pool_fu_384/grp_global_avg_pool_Pipeline_Write_Avg_fu_1533/mul_42s_31ns_73_1_1_U989/tmp_23_reg_2259_reg[0]_i_1/O[0]
                         net (fo=1, routed)           0.032     4.091    design_1_i/cnn_accel_top_0/inst/grp_global_avg_pool_fu_384/grp_global_avg_pool_Pipeline_Write_Avg_fu_1533/p_0_in[14]
    SLICE_X40Y106        FDRE                                         r  design_1_i/cnn_accel_top_0/inst/grp_global_avg_pool_fu_384/grp_global_avg_pool_Pipeline_Write_Avg_fu_1533/tmp_23_reg_2259_reg[0]/D
  -------------------------------------------------------------------    -------------------

                         (clock clk_pl_0 rise edge)
                                                      0.000     0.000 r  
    PS8_X0Y0             PS8                          0.000     0.000 r  design_1_i/zynq_ps/inst/PS8_i/PLCLK[0]
                         net (fo=1, routed)           0.181     0.181    design_1_i/zynq_ps/inst/pl_clk_unbuffered[0]
    BUFG_PS_X0Y80        BUFG_PS (Prop_BUFG_PS_I_O)
                                                      0.035     0.216 r  design_1_i/zynq_ps/inst/buffer_pl_clk_0.PL_CLK_0_BUFG/O
    X1Y1 (CLOCK_ROOT)    net (fo=31682, routed)       2.817     3.033    design_1_i/cnn_accel_top_0/inst/grp_global_avg_pool_fu_384/grp_global_avg_pool_Pipeline_Write_Avg_fu_1533/ap_clk
    SLICE_X40Y106        FDRE                                         r  design_1_i/cnn_accel_top_0/inst/grp_global_avg_pool_fu_384/grp_global_avg_pool_Pipeline_Write_Avg_fu_1533/tmp_23_reg_2259_reg[0]/C

Slack:                    inf
  Source:                 design_1_i/cnn_accel_top_0/inst/grp_global_avg_pool_fu_384/grp_global_avg_pool_Pipeline_Write_Avg_fu_1533/mul_42s_31ns_73_1_1_U989/tmp_product__1/DSP_A_B_DATA_INST/A2_DATA[26]
                            (internal pin)
  Destination:            design_1_i/cnn_accel_top_0/inst/grp_global_avg_pool_fu_384/grp_global_avg_pool_Pipeline_Write_Avg_fu_1533/tmp_7_reg_2275_reg[14]/D
                            (rising edge-triggered cell FDRE clocked by clk_pl_0  {rise@0.000ns fall@3.500ns period=7.000ns})
  Path Group:             (none)
  Path Type:              Setup (Max at Slow Process Corner)
  Data Path Delay:        4.091ns  (logic 3.475ns (84.939%)  route 0.616ns (15.061%))
  Logic Levels:           15  (CARRY8=7 DSP_ALU=2 DSP_M_DATA=1 DSP_MULTIPLIER=1 DSP_OUTPUT=2 DSP_PREADD_DATA=1 LUT2=1)
  Clock Uncertainty:      0.140ns  ((TSJ^2 + DJ^2)^1/2) / 2 + PE
    Total System Jitter     (TSJ):    0.050ns
    Discrete Jitter          (DJ):    0.276ns
    Phase Error              (PE):    0.000ns
  Clock Net Delay (Destination): 2.822ns (routing 1.450ns, distribution 1.372ns)

    Location             Delay type                Incr(ns)  Path(ns)    Netlist Resource(s)
  -------------------------------------------------------------------    -------------------
    DSP48E2_X11Y39       DSP_A_B_DATA                 0.000     0.000 r  design_1_i/cnn_accel_top_0/inst/grp_global_avg_pool_fu_384/grp_global_avg_pool_Pipeline_Write_Avg_fu_1533/mul_42s_31ns_73_1_1_U989/tmp_product__1/DSP_A_B_DATA_INST/A2_DATA[26]
                         net (fo=1, routed)           0.000     0.000    design_1_i/cnn_accel_top_0/inst/grp_global_avg_pool_fu_384/grp_global_avg_pool_Pipeline_Write_Avg_fu_1533/mul_42s_31ns_73_1_1_U989/tmp_product__1/DSP_A_B_DATA.A2_DATA<26>
    DSP48E2_X11Y39       DSP_PREADD_DATA (Prop_DSP_PREADD_DATA_DSP48E2_A2_DATA[26]_A2A1[26])
                                                      0.114     0.114 r  design_1_i/cnn_accel_top_0/inst/grp_global_avg_pool_fu_384/grp_global_avg_pool_Pipeline_Write_Avg_fu_1533/mul_42s_31ns_73_1_1_U989/tmp_product__1/DSP_PREADD_DATA_INST/A2A1[26]
                         net (fo=1, routed)           0.000     0.114    design_1_i/cnn_accel_top_0/inst/grp_global_avg_pool_fu_384/grp_global_avg_pool_Pipeline_Write_Avg_fu_1533/mul_42s_31ns_73_1_1_U989/tmp_product__1/DSP_PREADD_DATA.A2A1<26>
    DSP48E2_X11Y39       DSP_MULTIPLIER (Prop_DSP_MULTIPLIER_DSP48E2_A2A1[26]_U[43])
                                                      0.700     0.814 f  design_1_i/cnn_accel_top_0/inst/grp_global_avg_pool_fu_384/grp_global_avg_pool_Pipeline_Write_Avg_fu_1533/mul_42s_31ns_73_1_1_U989/tmp_product__1/DSP_MULTIPLIER_INST/U[43]
                         net (fo=1, routed)           0.000     0.814    design_1_i/cnn_accel_top_0/inst/grp_global_avg_pool_fu_384/grp_global_avg_pool_Pipeline_Write_Avg_fu_1533/mul_42s_31ns_73_1_1_U989/tmp_product__1/DSP_MULTIPLIER.U<43>
    DSP48E2_X11Y39       DSP_M_DATA (Prop_DSP_M_DATA_DSP48E2_U[43]_U_DATA[43])
                                                      0.067     0.881 r  design_1_i/cnn_accel_top_0/inst/grp_global_avg_pool_fu_384/grp_global_avg_pool_Pipeline_Write_Avg_fu_1533/mul_42s_31ns_73_1_1_U989/tmp_product__1/DSP_M_DATA_INST/U_DATA[43]
                         net (fo=1, routed)           0.000     0.881    design_1_i/cnn_accel_top_0/inst/grp_global_avg_pool_fu_384/grp_global_avg_pool_Pipeline_Write_Avg_fu_1533/mul_42s_31ns_73_1_1_U989/tmp_product__1/DSP_M_DATA.U_DATA<43>
    DSP48E2_X11Y39       DSP_ALU (Prop_DSP_ALU_DSP48E2_U_DATA[43]_ALU_OUT[47])
                                                      0.727     1.608 f  design_1_i/cnn_accel_top_0/inst/grp_global_avg_pool_fu_384/grp_global_avg_pool_Pipeline_Write_Avg_fu_1533/mul_42s_31ns_73_1_1_U989/tmp_product__1/DSP_ALU_INST/ALU_OUT[47]
                         net (fo=1, routed)           0.000     1.608    design_1_i/cnn_accel_top_0/inst/grp_global_avg_pool_fu_384/grp_global_avg_pool_Pipeline_Write_Avg_fu_1533/mul_42s_31ns_73_1_1_U989/tmp_product__1/DSP_ALU.ALU_OUT<47>
    DSP48E2_X11Y39       DSP_OUTPUT (Prop_DSP_OUTPUT_DSP48E2_ALU_OUT[47]_PCOUT[47])
                                                      0.167     1.775 r  design_1_i/cnn_accel_top_0/inst/grp_global_avg_pool_fu_384/grp_global_avg_pool_Pipeline_Write_Avg_fu_1533/mul_42s_31ns_73_1_1_U989/tmp_product__1/DSP_OUTPUT_INST/PCOUT[47]
                         net (fo=1, routed)           0.038     1.813    design_1_i/cnn_accel_top_0/inst/grp_global_avg_pool_fu_384/grp_global_avg_pool_Pipeline_Write_Avg_fu_1533/mul_42s_31ns_73_1_1_U989/tmp_product__2/PCIN[47]
    DSP48E2_X11Y40       DSP_ALU (Prop_DSP_ALU_DSP48E2_PCIN[47]_ALU_OUT[3])
                                                      0.739     2.552 f  design_1_i/cnn_accel_top_0/inst/grp_global_avg_pool_fu_384/grp_global_avg_pool_Pipeline_Write_Avg_fu_1533/mul_42s_31ns_73_1_1_U989/tmp_product__2/DSP_ALU_INST/ALU_OUT[3]
                         net (fo=1, routed)           0.000     2.552    design_1_i/cnn_accel_top_0/inst/grp_global_avg_pool_fu_384/grp_global_avg_pool_Pipeline_Write_Avg_fu_1533/mul_42s_31ns_73_1_1_U989/tmp_product__2/DSP_ALU.ALU_OUT<3>
    DSP48E2_X11Y40       DSP_OUTPUT (Prop_DSP_OUTPUT_DSP48E2_ALU_OUT[3]_P[3])
                                                      0.146     2.698 r  design_1_i/cnn_accel_top_0/inst/grp_global_avg_pool_fu_384/grp_global_avg_pool_Pipeline_Write_Avg_fu_1533/mul_42s_31ns_73_1_1_U989/tmp_product__2/DSP_OUTPUT_INST/P[3]
                         net (fo=2, routed)           0.346     3.044    design_1_i/cnn_accel_top_0/inst/grp_global_avg_pool_fu_384/grp_global_avg_pool_Pipeline_Write_Avg_fu_1533/mul_42s_31ns_73_1_1_U989/tmp_product__2_n_104
    SLICE_X40Y99         LUT2 (Prop_E6LUT_SLICEM_I0_O)
                                                      0.083     3.127 r  design_1_i/cnn_accel_top_0/inst/grp_global_avg_pool_fu_384/grp_global_avg_pool_Pipeline_Write_Avg_fu_1533/mul_42s_31ns_73_1_1_U989/trunc_ln772_reg_2265[23]_i_5/O
                         net (fo=1, routed)           0.018     3.145    design_1_i/cnn_accel_top_0/inst/grp_global_avg_pool_fu_384/grp_global_avg_pool_Pipeline_Write_Avg_fu_1533/mul_42s_31ns_73_1_1_U989/trunc_ln772_reg_2265[23]_i_5_n_2
    SLICE_X40Y99         CARRY8 (Prop_CARRY8_SLICEM_S[4]_CO[7])
                                                      0.236     3.381 r  design_1_i/cnn_accel_top_0/inst/grp_global_avg_pool_fu_384/grp_global_avg_pool_Pipeline_Write_Avg_fu_1533/mul_42s_31ns_73_1_1_U989/trunc_ln772_reg_2265_reg[23]_i_1/CO[7]
                         net (fo=1, routed)           0.030     3.411    design_1_i/cnn_accel_top_0/inst/grp_global_avg_pool_fu_384/grp_global_avg_pool_Pipeline_Write_Avg_fu_1533/mul_42s_31ns_73_1_1_U989/trunc_ln772_reg_2265_reg[23]_i_1_n_2
    SLICE_X40Y100        CARRY8 (Prop_CARRY8_SLICEM_CI_CO[7])
                                                      0.065     3.476 r  design_1_i/cnn_accel_top_0/inst/grp_global_avg_pool_fu_384/grp_global_avg_pool_Pipeline_Write_Avg_fu_1533/mul_42s_31ns_73_1_1_U989/trunc_ln772_reg_2265_reg[31]_i_1/CO[7]
                         net (fo=1, routed)           0.030     3.506    design_1_i/cnn_accel_top_0/inst/grp_global_avg_pool_fu_384/grp_global_avg_pool_Pipeline_Write_Avg_fu_1533/mul_42s_31ns_73_1_1_U989/trunc_ln772_reg_2265_reg[31]_i_1_n_2
    SLICE_X40Y101        CARRY8 (Prop_CARRY8_SLICEM_CI_CO[7])
                                                      0.065     3.571 r  design_1_i/cnn_accel_top_0/inst/grp_global_avg_pool_fu_384/grp_global_avg_pool_Pipeline_Write_Avg_fu_1533/mul_42s_31ns_73_1_1_U989/trunc_ln772_reg_2265_reg[38]_i_1/CO[7]
                         net (fo=1, routed)           0.030     3.601    design_1_i/cnn_accel_top_0/inst/grp_global_avg_pool_fu_384/grp_global_avg_pool_Pipeline_Write_Avg_fu_1533/mul_42s_31ns_73_1_1_U989/trunc_ln772_reg_2265_reg[38]_i_1_n_2
    SLICE_X40Y102        CARRY8 (Prop_CARRY8_SLICEM_CI_CO[7])
                                                      0.065     3.666 r  design_1_i/cnn_accel_top_0/inst/grp_global_avg_pool_fu_384/grp_global_avg_pool_Pipeline_Write_Avg_fu_1533/mul_42s_31ns_73_1_1_U989/mul_ln772_reg_2250_reg[47]_i_1/CO[7]
                         net (fo=1, routed)           0.030     3.696    design_1_i/cnn_accel_top_0/inst/grp_global_avg_pool_fu_384/grp_global_avg_pool_Pipeline_Write_Avg_fu_1533/mul_42s_31ns_73_1_1_U989/mul_ln772_reg_2250_reg[47]_i_1_n_2
    SLICE_X40Y103        CARRY8 (Prop_CARRY8_SLICEM_CI_CO[7])
                                                      0.065     3.761 r  design_1_i/cnn_accel_top_0/inst/grp_global_avg_pool_fu_384/grp_global_avg_pool_Pipeline_Write_Avg_fu_1533/mul_42s_31ns_73_1_1_U989/mul_ln772_reg_2250_reg[55]_i_1/CO[7]
                         net (fo=1, routed)           0.030     3.791    design_1_i/cnn_accel_top_0/inst/grp_global_avg_pool_fu_384/grp_global_avg_pool_Pipeline_Write_Avg_fu_1533/mul_42s_31ns_73_1_1_U989/mul_ln772_reg_2250_reg[55]_i_1_n_2
    SLICE_X40Y104        CARRY8 (Prop_CARRY8_SLICEM_CI_CO[7])
                                                      0.065     3.856 r  design_1_i/cnn_accel_top_0/inst/grp_global_avg_pool_fu_384/grp_global_avg_pool_Pipeline_Write_Avg_fu_1533/mul_42s_31ns_73_1_1_U989/mul_ln772_reg_2250_reg[56]_i_2/CO[7]
                         net (fo=1, routed)           0.030     3.886    design_1_i/cnn_accel_top_0/inst/grp_global_avg_pool_fu_384/grp_global_avg_pool_Pipeline_Write_Avg_fu_1533/mul_42s_31ns_73_1_1_U989/mul_ln772_reg_2250_reg[56]_i_2_n_2
    SLICE_X40Y105        CARRY8 (Prop_CARRY8_SLICEM_CI_O[7])
                                                      0.171     4.057 r  design_1_i/cnn_accel_top_0/inst/grp_global_avg_pool_fu_384/grp_global_avg_pool_Pipeline_Write_Avg_fu_1533/mul_42s_31ns_73_1_1_U989/tmp_7_reg_2275_reg[7]_i_1/O[7]
                         net (fo=1, routed)           0.034     4.091    design_1_i/cnn_accel_top_0/inst/grp_global_avg_pool_fu_384/grp_global_avg_pool_Pipeline_Write_Avg_fu_1533/p_0_in[13]
    SLICE_X40Y105        FDRE                                         r  design_1_i/cnn_accel_top_0/inst/grp_global_avg_pool_fu_384/grp_global_avg_pool_Pipeline_Write_Avg_fu_1533/tmp_7_reg_2275_reg[14]/D
  -------------------------------------------------------------------    -------------------

                         (clock clk_pl_0 rise edge)
                                                      0.000     0.000 r  
    PS8_X0Y0             PS8                          0.000     0.000 r  design_1_i/zynq_ps/inst/PS8_i/PLCLK[0]
                         net (fo=1, routed)           0.181     0.181    design_1_i/zynq_ps/inst/pl_clk_unbuffered[0]
    BUFG_PS_X0Y80        BUFG_PS (Prop_BUFG_PS_I_O)
                                                      0.035     0.216 r  design_1_i/zynq_ps/inst/buffer_pl_clk_0.PL_CLK_0_BUFG/O
    X1Y1 (CLOCK_ROOT)    net (fo=31682, routed)       2.822     3.038    design_1_i/cnn_accel_top_0/inst/grp_global_avg_pool_fu_384/grp_global_avg_pool_Pipeline_Write_Avg_fu_1533/ap_clk
    SLICE_X40Y105        FDRE                                         r  design_1_i/cnn_accel_top_0/inst/grp_global_avg_pool_fu_384/grp_global_avg_pool_Pipeline_Write_Avg_fu_1533/tmp_7_reg_2275_reg[14]/C

Slack:                    inf
  Source:                 design_1_i/cnn_accel_top_0/inst/grp_global_avg_pool_fu_384/grp_global_avg_pool_Pipeline_Write_Avg_fu_1533/mul_42s_31ns_73_1_1_U989/tmp_product__1/DSP_A_B_DATA_INST/A2_DATA[26]
                            (internal pin)
  Destination:            design_1_i/cnn_accel_top_0/inst/grp_global_avg_pool_fu_384/grp_global_avg_pool_Pipeline_Write_Avg_fu_1533/tmp_7_reg_2275_reg[12]/D
                            (rising edge-triggered cell FDRE clocked by clk_pl_0  {rise@0.000ns fall@3.500ns period=7.000ns})
  Path Group:             (none)
  Path Type:              Setup (Max at Slow Process Corner)
  Data Path Delay:        4.080ns  (logic 3.465ns (84.922%)  route 0.615ns (15.078%))
  Logic Levels:           15  (CARRY8=7 DSP_ALU=2 DSP_M_DATA=1 DSP_MULTIPLIER=1 DSP_OUTPUT=2 DSP_PREADD_DATA=1 LUT2=1)
  Clock Uncertainty:      0.140ns  ((TSJ^2 + DJ^2)^1/2) / 2 + PE
    Total System Jitter     (TSJ):    0.050ns
    Discrete Jitter          (DJ):    0.276ns
    Phase Error              (PE):    0.000ns
  Clock Net Delay (Destination): 2.822ns (routing 1.450ns, distribution 1.372ns)

    Location             Delay type                Incr(ns)  Path(ns)    Netlist Resource(s)
  -------------------------------------------------------------------    -------------------
    DSP48E2_X11Y39       DSP_A_B_DATA                 0.000     0.000 r  design_1_i/cnn_accel_top_0/inst/grp_global_avg_pool_fu_384/grp_global_avg_pool_Pipeline_Write_Avg_fu_1533/mul_42s_31ns_73_1_1_U989/tmp_product__1/DSP_A_B_DATA_INST/A2_DATA[26]
                         net (fo=1, routed)           0.000     0.000    design_1_i/cnn_accel_top_0/inst/grp_global_avg_pool_fu_384/grp_global_avg_pool_Pipeline_Write_Avg_fu_1533/mul_42s_31ns_73_1_1_U989/tmp_product__1/DSP_A_B_DATA.A2_DATA<26>
    DSP48E2_X11Y39       DSP_PREADD_DATA (Prop_DSP_PREADD_DATA_DSP48E2_A2_DATA[26]_A2A1[26])
                                                      0.114     0.114 r  design_1_i/cnn_accel_top_0/inst/grp_global_avg_pool_fu_384/grp_global_avg_pool_Pipeline_Write_Avg_fu_1533/mul_42s_31ns_73_1_1_U989/tmp_product__1/DSP_PREADD_DATA_INST/A2A1[26]
                         net (fo=1, routed)           0.000     0.114    design_1_i/cnn_accel_top_0/inst/grp_global_avg_pool_fu_384/grp_global_avg_pool_Pipeline_Write_Avg_fu_1533/mul_42s_31ns_73_1_1_U989/tmp_product__1/DSP_PREADD_DATA.A2A1<26>
    DSP48E2_X11Y39       DSP_MULTIPLIER (Prop_DSP_MULTIPLIER_DSP48E2_A2A1[26]_U[43])
                                                      0.700     0.814 f  design_1_i/cnn_accel_top_0/inst/grp_global_avg_pool_fu_384/grp_global_avg_pool_Pipeline_Write_Avg_fu_1533/mul_42s_31ns_73_1_1_U989/tmp_product__1/DSP_MULTIPLIER_INST/U[43]
                         net (fo=1, routed)           0.000     0.814    design_1_i/cnn_accel_top_0/inst/grp_global_avg_pool_fu_384/grp_global_avg_pool_Pipeline_Write_Avg_fu_1533/mul_42s_31ns_73_1_1_U989/tmp_product__1/DSP_MULTIPLIER.U<43>
    DSP48E2_X11Y39       DSP_M_DATA (Prop_DSP_M_DATA_DSP48E2_U[43]_U_DATA[43])
                                                      0.067     0.881 r  design_1_i/cnn_accel_top_0/inst/grp_global_avg_pool_fu_384/grp_global_avg_pool_Pipeline_Write_Avg_fu_1533/mul_42s_31ns_73_1_1_U989/tmp_product__1/DSP_M_DATA_INST/U_DATA[43]
                         net (fo=1, routed)           0.000     0.881    design_1_i/cnn_accel_top_0/inst/grp_global_avg_pool_fu_384/grp_global_avg_pool_Pipeline_Write_Avg_fu_1533/mul_42s_31ns_73_1_1_U989/tmp_product__1/DSP_M_DATA.U_DATA<43>
    DSP48E2_X11Y39       DSP_ALU (Prop_DSP_ALU_DSP48E2_U_DATA[43]_ALU_OUT[47])
                                                      0.727     1.608 f  design_1_i/cnn_accel_top_0/inst/grp_global_avg_pool_fu_384/grp_global_avg_pool_Pipeline_Write_Avg_fu_1533/mul_42s_31ns_73_1_1_U989/tmp_product__1/DSP_ALU_INST/ALU_OUT[47]
                         net (fo=1, routed)           0.000     1.608    design_1_i/cnn_accel_top_0/inst/grp_global_avg_pool_fu_384/grp_global_avg_pool_Pipeline_Write_Avg_fu_1533/mul_42s_31ns_73_1_1_U989/tmp_product__1/DSP_ALU.ALU_OUT<47>
    DSP48E2_X11Y39       DSP_OUTPUT (Prop_DSP_OUTPUT_DSP48E2_ALU_OUT[47]_PCOUT[47])
                                                      0.167     1.775 r  design_1_i/cnn_accel_top_0/inst/grp_global_avg_pool_fu_384/grp_global_avg_pool_Pipeline_Write_Avg_fu_1533/mul_42s_31ns_73_1_1_U989/tmp_product__1/DSP_OUTPUT_INST/PCOUT[47]
                         net (fo=1, routed)           0.038     1.813    design_1_i/cnn_accel_top_0/inst/grp_global_avg_pool_fu_384/grp_global_avg_pool_Pipeline_Write_Avg_fu_1533/mul_42s_31ns_73_1_1_U989/tmp_product__2/PCIN[47]
    DSP48E2_X11Y40       DSP_ALU (Prop_DSP_ALU_DSP48E2_PCIN[47]_ALU_OUT[3])
                                                      0.739     2.552 f  design_1_i/cnn_accel_top_0/inst/grp_global_avg_pool_fu_384/grp_global_avg_pool_Pipeline_Write_Avg_fu_1533/mul_42s_31ns_73_1_1_U989/tmp_product__2/DSP_ALU_INST/ALU_OUT[3]
                         net (fo=1, routed)           0.000     2.552    design_1_i/cnn_accel_top_0/inst/grp_global_avg_pool_fu_384/grp_global_avg_pool_Pipeline_Write_Avg_fu_1533/mul_42s_31ns_73_1_1_U989/tmp_product__2/DSP_ALU.ALU_OUT<3>
    DSP48E2_X11Y40       DSP_OUTPUT (Prop_DSP_OUTPUT_DSP48E2_ALU_OUT[3]_P[3])
                                                      0.146     2.698 r  design_1_i/cnn_accel_top_0/inst/grp_global_avg_pool_fu_384/grp_global_avg_pool_Pipeline_Write_Avg_fu_1533/mul_42s_31ns_73_1_1_U989/tmp_product__2/DSP_OUTPUT_INST/P[3]
                         net (fo=2, routed)           0.346     3.044    design_1_i/cnn_accel_top_0/inst/grp_global_avg_pool_fu_384/grp_global_avg_pool_Pipeline_Write_Avg_fu_1533/mul_42s_31ns_73_1_1_U989/tmp_product__2_n_104
    SLICE_X40Y99         LUT2 (Prop_E6LUT_SLICEM_I0_O)
                                                      0.083     3.127 r  design_1_i/cnn_accel_top_0/inst/grp_global_avg_pool_fu_384/grp_global_avg_pool_Pipeline_Write_Avg_fu_1533/mul_42s_31ns_73_1_1_U989/trunc_ln772_reg_2265[23]_i_5/O
                         net (fo=1, routed)           0.018     3.145    design_1_i/cnn_accel_top_0/inst/grp_global_avg_pool_fu_384/grp_global_avg_pool_Pipeline_Write_Avg_fu_1533/mul_42s_31ns_73_1_1_U989/trunc_ln772_reg_2265[23]_i_5_n_2
    SLICE_X40Y99         CARRY8 (Prop_CARRY8_SLICEM_S[4]_CO[7])
                                                      0.236     3.381 r  design_1_i/cnn_accel_top_0/inst/grp_global_avg_pool_fu_384/grp_global_avg_pool_Pipeline_Write_Avg_fu_1533/mul_42s_31ns_73_1_1_U989/trunc_ln772_reg_2265_reg[23]_i_1/CO[7]
                         net (fo=1, routed)           0.030     3.411    design_1_i/cnn_accel_top_0/inst/grp_global_avg_pool_fu_384/grp_global_avg_pool_Pipeline_Write_Avg_fu_1533/mul_42s_31ns_73_1_1_U989/trunc_ln772_reg_2265_reg[23]_i_1_n_2
    SLICE_X40Y100        CARRY8 (Prop_CARRY8_SLICEM_CI_CO[7])
                                                      0.065     3.476 r  design_1_i/cnn_accel_top_0/inst/grp_global_avg_pool_fu_384/grp_global_avg_pool_Pipeline_Write_Avg_fu_1533/mul_42s_31ns_73_1_1_U989/trunc_ln772_reg_2265_reg[31]_i_1/CO[7]
                         net (fo=1, routed)           0.030     3.506    design_1_i/cnn_accel_top_0/inst/grp_global_avg_pool_fu_384/grp_global_avg_pool_Pipeline_Write_Avg_fu_1533/mul_42s_31ns_73_1_1_U989/trunc_ln772_reg_2265_reg[31]_i_1_n_2
    SLICE_X40Y101        CARRY8 (Prop_CARRY8_SLICEM_CI_CO[7])
                                                      0.065     3.571 r  design_1_i/cnn_accel_top_0/inst/grp_global_avg_pool_fu_384/grp_global_avg_pool_Pipeline_Write_Avg_fu_1533/mul_42s_31ns_73_1_1_U989/trunc_ln772_reg_2265_reg[38]_i_1/CO[7]
                         net (fo=1, routed)           0.030     3.601    design_1_i/cnn_accel_top_0/inst/grp_global_avg_pool_fu_384/grp_global_avg_pool_Pipeline_Write_Avg_fu_1533/mul_42s_31ns_73_1_1_U989/trunc_ln772_reg_2265_reg[38]_i_1_n_2
    SLICE_X40Y102        CARRY8 (Prop_CARRY8_SLICEM_CI_CO[7])
                                                      0.065     3.666 r  design_1_i/cnn_accel_top_0/inst/grp_global_avg_pool_fu_384/grp_global_avg_pool_Pipeline_Write_Avg_fu_1533/mul_42s_31ns_73_1_1_U989/mul_ln772_reg_2250_reg[47]_i_1/CO[7]
                         net (fo=1, routed)           0.030     3.696    design_1_i/cnn_accel_top_0/inst/grp_global_avg_pool_fu_384/grp_global_avg_pool_Pipeline_Write_Avg_fu_1533/mul_42s_31ns_73_1_1_U989/mul_ln772_reg_2250_reg[47]_i_1_n_2
    SLICE_X40Y103        CARRY8 (Prop_CARRY8_SLICEM_CI_CO[7])
                                                      0.065     3.761 r  design_1_i/cnn_accel_top_0/inst/grp_global_avg_pool_fu_384/grp_global_avg_pool_Pipeline_Write_Avg_fu_1533/mul_42s_31ns_73_1_1_U989/mul_ln772_reg_2250_reg[55]_i_1/CO[7]
                         net (fo=1, routed)           0.030     3.791    design_1_i/cnn_accel_top_0/inst/grp_global_avg_pool_fu_384/grp_global_avg_pool_Pipeline_Write_Avg_fu_1533/mul_42s_31ns_73_1_1_U989/mul_ln772_reg_2250_reg[55]_i_1_n_2
    SLICE_X40Y104        CARRY8 (Prop_CARRY8_SLICEM_CI_CO[7])
                                                      0.065     3.856 r  design_1_i/cnn_accel_top_0/inst/grp_global_avg_pool_fu_384/grp_global_avg_pool_Pipeline_Write_Avg_fu_1533/mul_42s_31ns_73_1_1_U989/mul_ln772_reg_2250_reg[56]_i_2/CO[7]
                         net (fo=1, routed)           0.030     3.886    design_1_i/cnn_accel_top_0/inst/grp_global_avg_pool_fu_384/grp_global_avg_pool_Pipeline_Write_Avg_fu_1533/mul_42s_31ns_73_1_1_U989/mul_ln772_reg_2250_reg[56]_i_2_n_2
    SLICE_X40Y105        CARRY8 (Prop_CARRY8_SLICEM_CI_O[5])
                                                      0.161     4.047 r  design_1_i/cnn_accel_top_0/inst/grp_global_avg_pool_fu_384/grp_global_avg_pool_Pipeline_Write_Avg_fu_1533/mul_42s_31ns_73_1_1_U989/tmp_7_reg_2275_reg[7]_i_1/O[5]
                         net (fo=1, routed)           0.033     4.080    design_1_i/cnn_accel_top_0/inst/grp_global_avg_pool_fu_384/grp_global_avg_pool_Pipeline_Write_Avg_fu_1533/p_0_in[11]
    SLICE_X40Y105        FDRE                                         r  design_1_i/cnn_accel_top_0/inst/grp_global_avg_pool_fu_384/grp_global_avg_pool_Pipeline_Write_Avg_fu_1533/tmp_7_reg_2275_reg[12]/D
  -------------------------------------------------------------------    -------------------

                         (clock clk_pl_0 rise edge)
                                                      0.000     0.000 r  
    PS8_X0Y0             PS8                          0.000     0.000 r  design_1_i/zynq_ps/inst/PS8_i/PLCLK[0]
                         net (fo=1, routed)           0.181     0.181    design_1_i/zynq_ps/inst/pl_clk_unbuffered[0]
    BUFG_PS_X0Y80        BUFG_PS (Prop_BUFG_PS_I_O)
                                                      0.035     0.216 r  design_1_i/zynq_ps/inst/buffer_pl_clk_0.PL_CLK_0_BUFG/O
    X1Y1 (CLOCK_ROOT)    net (fo=31682, routed)       2.822     3.038    design_1_i/cnn_accel_top_0/inst/grp_global_avg_pool_fu_384/grp_global_avg_pool_Pipeline_Write_Avg_fu_1533/ap_clk
    SLICE_X40Y105        FDRE                                         r  design_1_i/cnn_accel_top_0/inst/grp_global_avg_pool_fu_384/grp_global_avg_pool_Pipeline_Write_Avg_fu_1533/tmp_7_reg_2275_reg[12]/C

Slack:                    inf
  Source:                 design_1_i/cnn_accel_top_0/inst/grp_global_avg_pool_fu_384/grp_global_avg_pool_Pipeline_Write_Avg_fu_1533/mul_42s_31ns_73_1_1_U989/tmp_product__1/DSP_A_B_DATA_INST/A2_DATA[26]
                            (internal pin)
  Destination:            design_1_i/cnn_accel_top_0/inst/grp_global_avg_pool_fu_384/grp_global_avg_pool_Pipeline_Write_Avg_fu_1533/tmp_7_reg_2275_reg[13]/D
                            (rising edge-triggered cell FDRE clocked by clk_pl_0  {rise@0.000ns fall@3.500ns period=7.000ns})
  Path Group:             (none)
  Path Type:              Setup (Max at Slow Process Corner)
  Data Path Delay:        4.077ns  (logic 3.461ns (84.887%)  route 0.616ns (15.113%))
  Logic Levels:           15  (CARRY8=7 DSP_ALU=2 DSP_M_DATA=1 DSP_MULTIPLIER=1 DSP_OUTPUT=2 DSP_PREADD_DATA=1 LUT2=1)
  Clock Uncertainty:      0.140ns  ((TSJ^2 + DJ^2)^1/2) / 2 + PE
    Total System Jitter     (TSJ):    0.050ns
    Discrete Jitter          (DJ):    0.276ns
    Phase Error              (PE):    0.000ns
  Clock Net Delay (Destination): 2.822ns (routing 1.450ns, distribution 1.372ns)

    Location             Delay type                Incr(ns)  Path(ns)    Netlist Resource(s)
  -------------------------------------------------------------------    -------------------
    DSP48E2_X11Y39       DSP_A_B_DATA                 0.000     0.000 r  design_1_i/cnn_accel_top_0/inst/grp_global_avg_pool_fu_384/grp_global_avg_pool_Pipeline_Write_Avg_fu_1533/mul_42s_31ns_73_1_1_U989/tmp_product__1/DSP_A_B_DATA_INST/A2_DATA[26]
                         net (fo=1, routed)           0.000     0.000    design_1_i/cnn_accel_top_0/inst/grp_global_avg_pool_fu_384/grp_global_avg_pool_Pipeline_Write_Avg_fu_1533/mul_42s_31ns_73_1_1_U989/tmp_product__1/DSP_A_B_DATA.A2_DATA<26>
    DSP48E2_X11Y39       DSP_PREADD_DATA (Prop_DSP_PREADD_DATA_DSP48E2_A2_DATA[26]_A2A1[26])
                                                      0.114     0.114 r  design_1_i/cnn_accel_top_0/inst/grp_global_avg_pool_fu_384/grp_global_avg_pool_Pipeline_Write_Avg_fu_1533/mul_42s_31ns_73_1_1_U989/tmp_product__1/DSP_PREADD_DATA_INST/A2A1[26]
                         net (fo=1, routed)           0.000     0.114    design_1_i/cnn_accel_top_0/inst/grp_global_avg_pool_fu_384/grp_global_avg_pool_Pipeline_Write_Avg_fu_1533/mul_42s_31ns_73_1_1_U989/tmp_product__1/DSP_PREADD_DATA.A2A1<26>
    DSP48E2_X11Y39       DSP_MULTIPLIER (Prop_DSP_MULTIPLIER_DSP48E2_A2A1[26]_U[43])
                                                      0.700     0.814 f  design_1_i/cnn_accel_top_0/inst/grp_global_avg_pool_fu_384/grp_global_avg_pool_Pipeline_Write_Avg_fu_1533/mul_42s_31ns_73_1_1_U989/tmp_product__1/DSP_MULTIPLIER_INST/U[43]
                         net (fo=1, routed)           0.000     0.814    design_1_i/cnn_accel_top_0/inst/grp_global_avg_pool_fu_384/grp_global_avg_pool_Pipeline_Write_Avg_fu_1533/mul_42s_31ns_73_1_1_U989/tmp_product__1/DSP_MULTIPLIER.U<43>
    DSP48E2_X11Y39       DSP_M_DATA (Prop_DSP_M_DATA_DSP48E2_U[43]_U_DATA[43])
                                                      0.067     0.881 r  design_1_i/cnn_accel_top_0/inst/grp_global_avg_pool_fu_384/grp_global_avg_pool_Pipeline_Write_Avg_fu_1533/mul_42s_31ns_73_1_1_U989/tmp_product__1/DSP_M_DATA_INST/U_DATA[43]
                         net (fo=1, routed)           0.000     0.881    design_1_i/cnn_accel_top_0/inst/grp_global_avg_pool_fu_384/grp_global_avg_pool_Pipeline_Write_Avg_fu_1533/mul_42s_31ns_73_1_1_U989/tmp_product__1/DSP_M_DATA.U_DATA<43>
    DSP48E2_X11Y39       DSP_ALU (Prop_DSP_ALU_DSP48E2_U_DATA[43]_ALU_OUT[47])
                                                      0.727     1.608 f  design_1_i/cnn_accel_top_0/inst/grp_global_avg_pool_fu_384/grp_global_avg_pool_Pipeline_Write_Avg_fu_1533/mul_42s_31ns_73_1_1_U989/tmp_product__1/DSP_ALU_INST/ALU_OUT[47]
                         net (fo=1, routed)           0.000     1.608    design_1_i/cnn_accel_top_0/inst/grp_global_avg_pool_fu_384/grp_global_avg_pool_Pipeline_Write_Avg_fu_1533/mul_42s_31ns_73_1_1_U989/tmp_product__1/DSP_ALU.ALU_OUT<47>
    DSP48E2_X11Y39       DSP_OUTPUT (Prop_DSP_OUTPUT_DSP48E2_ALU_OUT[47]_PCOUT[47])
                                                      0.167     1.775 r  design_1_i/cnn_accel_top_0/inst/grp_global_avg_pool_fu_384/grp_global_avg_pool_Pipeline_Write_Avg_fu_1533/mul_42s_31ns_73_1_1_U989/tmp_product__1/DSP_OUTPUT_INST/PCOUT[47]
                         net (fo=1, routed)           0.038     1.813    design_1_i/cnn_accel_top_0/inst/grp_global_avg_pool_fu_384/grp_global_avg_pool_Pipeline_Write_Avg_fu_1533/mul_42s_31ns_73_1_1_U989/tmp_product__2/PCIN[47]
    DSP48E2_X11Y40       DSP_ALU (Prop_DSP_ALU_DSP48E2_PCIN[47]_ALU_OUT[3])
                                                      0.739     2.552 f  design_1_i/cnn_accel_top_0/inst/grp_global_avg_pool_fu_384/grp_global_avg_pool_Pipeline_Write_Avg_fu_1533/mul_42s_31ns_73_1_1_U989/tmp_product__2/DSP_ALU_INST/ALU_OUT[3]
                         net (fo=1, routed)           0.000     2.552    design_1_i/cnn_accel_top_0/inst/grp_global_avg_pool_fu_384/grp_global_avg_pool_Pipeline_Write_Avg_fu_1533/mul_42s_31ns_73_1_1_U989/tmp_product__2/DSP_ALU.ALU_OUT<3>
    DSP48E2_X11Y40       DSP_OUTPUT (Prop_DSP_OUTPUT_DSP48E2_ALU_OUT[3]_P[3])
                                                      0.146     2.698 r  design_1_i/cnn_accel_top_0/inst/grp_global_avg_pool_fu_384/grp_global_avg_pool_Pipeline_Write_Avg_fu_1533/mul_42s_31ns_73_1_1_U989/tmp_product__2/DSP_OUTPUT_INST/P[3]
                         net (fo=2, routed)           0.346     3.044    design_1_i/cnn_accel_top_0/inst/grp_global_avg_pool_fu_384/grp_global_avg_pool_Pipeline_Write_Avg_fu_1533/mul_42s_31ns_73_1_1_U989/tmp_product__2_n_104
    SLICE_X40Y99         LUT2 (Prop_E6LUT_SLICEM_I0_O)
                                                      0.083     3.127 r  design_1_i/cnn_accel_top_0/inst/grp_global_avg_pool_fu_384/grp_global_avg_pool_Pipeline_Write_Avg_fu_1533/mul_42s_31ns_73_1_1_U989/trunc_ln772_reg_2265[23]_i_5/O
                         net (fo=1, routed)           0.018     3.145    design_1_i/cnn_accel_top_0/inst/grp_global_avg_pool_fu_384/grp_global_avg_pool_Pipeline_Write_Avg_fu_1533/mul_42s_31ns_73_1_1_U989/trunc_ln772_reg_2265[23]_i_5_n_2
    SLICE_X40Y99         CARRY8 (Prop_CARRY8_SLICEM_S[4]_CO[7])
                                                      0.236     3.381 r  design_1_i/cnn_accel_top_0/inst/grp_global_avg_pool_fu_384/grp_global_avg_pool_Pipeline_Write_Avg_fu_1533/mul_42s_31ns_73_1_1_U989/trunc_ln772_reg_2265_reg[23]_i_1/CO[7]
                         net (fo=1, routed)           0.030     3.411    design_1_i/cnn_accel_top_0/inst/grp_global_avg_pool_fu_384/grp_global_avg_pool_Pipeline_Write_Avg_fu_1533/mul_42s_31ns_73_1_1_U989/trunc_ln772_reg_2265_reg[23]_i_1_n_2
    SLICE_X40Y100        CARRY8 (Prop_CARRY8_SLICEM_CI_CO[7])
                                                      0.065     3.476 r  design_1_i/cnn_accel_top_0/inst/grp_global_avg_pool_fu_384/grp_global_avg_pool_Pipeline_Write_Avg_fu_1533/mul_42s_31ns_73_1_1_U989/trunc_ln772_reg_2265_reg[31]_i_1/CO[7]
                         net (fo=1, routed)           0.030     3.506    design_1_i/cnn_accel_top_0/inst/grp_global_avg_pool_fu_384/grp_global_avg_pool_Pipeline_Write_Avg_fu_1533/mul_42s_31ns_73_1_1_U989/trunc_ln772_reg_2265_reg[31]_i_1_n_2
    SLICE_X40Y101        CARRY8 (Prop_CARRY8_SLICEM_CI_CO[7])
                                                      0.065     3.571 r  design_1_i/cnn_accel_top_0/inst/grp_global_avg_pool_fu_384/grp_global_avg_pool_Pipeline_Write_Avg_fu_1533/mul_42s_31ns_73_1_1_U989/trunc_ln772_reg_2265_reg[38]_i_1/CO[7]
                         net (fo=1, routed)           0.030     3.601    design_1_i/cnn_accel_top_0/inst/grp_global_avg_pool_fu_384/grp_global_avg_pool_Pipeline_Write_Avg_fu_1533/mul_42s_31ns_73_1_1_U989/trunc_ln772_reg_2265_reg[38]_i_1_n_2
    SLICE_X40Y102        CARRY8 (Prop_CARRY8_SLICEM_CI_CO[7])
                                                      0.065     3.666 r  design_1_i/cnn_accel_top_0/inst/grp_global_avg_pool_fu_384/grp_global_avg_pool_Pipeline_Write_Avg_fu_1533/mul_42s_31ns_73_1_1_U989/mul_ln772_reg_2250_reg[47]_i_1/CO[7]
                         net (fo=1, routed)           0.030     3.696    design_1_i/cnn_accel_top_0/inst/grp_global_avg_pool_fu_384/grp_global_avg_pool_Pipeline_Write_Avg_fu_1533/mul_42s_31ns_73_1_1_U989/mul_ln772_reg_2250_reg[47]_i_1_n_2
    SLICE_X40Y103        CARRY8 (Prop_CARRY8_SLICEM_CI_CO[7])
                                                      0.065     3.761 r  design_1_i/cnn_accel_top_0/inst/grp_global_avg_pool_fu_384/grp_global_avg_pool_Pipeline_Write_Avg_fu_1533/mul_42s_31ns_73_1_1_U989/mul_ln772_reg_2250_reg[55]_i_1/CO[7]
                         net (fo=1, routed)           0.030     3.791    design_1_i/cnn_accel_top_0/inst/grp_global_avg_pool_fu_384/grp_global_avg_pool_Pipeline_Write_Avg_fu_1533/mul_42s_31ns_73_1_1_U989/mul_ln772_reg_2250_reg[55]_i_1_n_2
    SLICE_X40Y104        CARRY8 (Prop_CARRY8_SLICEM_CI_CO[7])
                                                      0.065     3.856 r  design_1_i/cnn_accel_top_0/inst/grp_global_avg_pool_fu_384/grp_global_avg_pool_Pipeline_Write_Avg_fu_1533/mul_42s_31ns_73_1_1_U989/mul_ln772_reg_2250_reg[56]_i_2/CO[7]
                         net (fo=1, routed)           0.030     3.886    design_1_i/cnn_accel_top_0/inst/grp_global_avg_pool_fu_384/grp_global_avg_pool_Pipeline_Write_Avg_fu_1533/mul_42s_31ns_73_1_1_U989/mul_ln772_reg_2250_reg[56]_i_2_n_2
    SLICE_X40Y105        CARRY8 (Prop_CARRY8_SLICEM_CI_O[6])
                                                      0.157     4.043 r  design_1_i/cnn_accel_top_0/inst/grp_global_avg_pool_fu_384/grp_global_avg_pool_Pipeline_Write_Avg_fu_1533/mul_42s_31ns_73_1_1_U989/tmp_7_reg_2275_reg[7]_i_1/O[6]
                         net (fo=1, routed)           0.034     4.077    design_1_i/cnn_accel_top_0/inst/grp_global_avg_pool_fu_384/grp_global_avg_pool_Pipeline_Write_Avg_fu_1533/p_0_in[12]
    SLICE_X40Y105        FDRE                                         r  design_1_i/cnn_accel_top_0/inst/grp_global_avg_pool_fu_384/grp_global_avg_pool_Pipeline_Write_Avg_fu_1533/tmp_7_reg_2275_reg[13]/D
  -------------------------------------------------------------------    -------------------

                         (clock clk_pl_0 rise edge)
                                                      0.000     0.000 r  
    PS8_X0Y0             PS8                          0.000     0.000 r  design_1_i/zynq_ps/inst/PS8_i/PLCLK[0]
                         net (fo=1, routed)           0.181     0.181    design_1_i/zynq_ps/inst/pl_clk_unbuffered[0]
    BUFG_PS_X0Y80        BUFG_PS (Prop_BUFG_PS_I_O)
                                                      0.035     0.216 r  design_1_i/zynq_ps/inst/buffer_pl_clk_0.PL_CLK_0_BUFG/O
    X1Y1 (CLOCK_ROOT)    net (fo=31682, routed)       2.822     3.038    design_1_i/cnn_accel_top_0/inst/grp_global_avg_pool_fu_384/grp_global_avg_pool_Pipeline_Write_Avg_fu_1533/ap_clk
    SLICE_X40Y105        FDRE                                         r  design_1_i/cnn_accel_top_0/inst/grp_global_avg_pool_fu_384/grp_global_avg_pool_Pipeline_Write_Avg_fu_1533/tmp_7_reg_2275_reg[13]/C

Slack:                    inf
  Source:                 design_1_i/cnn_accel_top_0/inst/grp_global_avg_pool_fu_384/grp_global_avg_pool_Pipeline_Write_Avg_fu_1533/mul_42s_31ns_73_1_1_U989/tmp_product__1/DSP_A_B_DATA_INST/A2_DATA[26]
                            (internal pin)
  Destination:            design_1_i/cnn_accel_top_0/inst/grp_global_avg_pool_fu_384/grp_global_avg_pool_Pipeline_Write_Avg_fu_1533/tmp_7_reg_2275_reg[11]/D
                            (rising edge-triggered cell FDRE clocked by clk_pl_0  {rise@0.000ns fall@3.500ns period=7.000ns})
  Path Group:             (none)
  Path Type:              Setup (Max at Slow Process Corner)
  Data Path Delay:        4.037ns  (logic 3.423ns (84.787%)  route 0.614ns (15.213%))
  Logic Levels:           15  (CARRY8=7 DSP_ALU=2 DSP_M_DATA=1 DSP_MULTIPLIER=1 DSP_OUTPUT=2 DSP_PREADD_DATA=1 LUT2=1)
  Clock Uncertainty:      0.140ns  ((TSJ^2 + DJ^2)^1/2) / 2 + PE
    Total System Jitter     (TSJ):    0.050ns
    Discrete Jitter          (DJ):    0.276ns
    Phase Error              (PE):    0.000ns
  Clock Net Delay (Destination): 2.822ns (routing 1.450ns, distribution 1.372ns)

    Location             Delay type                Incr(ns)  Path(ns)    Netlist Resource(s)
  -------------------------------------------------------------------    -------------------
    DSP48E2_X11Y39       DSP_A_B_DATA                 0.000     0.000 r  design_1_i/cnn_accel_top_0/inst/grp_global_avg_pool_fu_384/grp_global_avg_pool_Pipeline_Write_Avg_fu_1533/mul_42s_31ns_73_1_1_U989/tmp_product__1/DSP_A_B_DATA_INST/A2_DATA[26]
                         net (fo=1, routed)           0.000     0.000    design_1_i/cnn_accel_top_0/inst/grp_global_avg_pool_fu_384/grp_global_avg_pool_Pipeline_Write_Avg_fu_1533/mul_42s_31ns_73_1_1_U989/tmp_product__1/DSP_A_B_DATA.A2_DATA<26>
    DSP48E2_X11Y39       DSP_PREADD_DATA (Prop_DSP_PREADD_DATA_DSP48E2_A2_DATA[26]_A2A1[26])
                                                      0.114     0.114 r  design_1_i/cnn_accel_top_0/inst/grp_global_avg_pool_fu_384/grp_global_avg_pool_Pipeline_Write_Avg_fu_1533/mul_42s_31ns_73_1_1_U989/tmp_product__1/DSP_PREADD_DATA_INST/A2A1[26]
                         net (fo=1, routed)           0.000     0.114    design_1_i/cnn_accel_top_0/inst/grp_global_avg_pool_fu_384/grp_global_avg_pool_Pipeline_Write_Avg_fu_1533/mul_42s_31ns_73_1_1_U989/tmp_product__1/DSP_PREADD_DATA.A2A1<26>
    DSP48E2_X11Y39       DSP_MULTIPLIER (Prop_DSP_MULTIPLIER_DSP48E2_A2A1[26]_U[43])
                                                      0.700     0.814 f  design_1_i/cnn_accel_top_0/inst/grp_global_avg_pool_fu_384/grp_global_avg_pool_Pipeline_Write_Avg_fu_1533/mul_42s_31ns_73_1_1_U989/tmp_product__1/DSP_MULTIPLIER_INST/U[43]
                         net (fo=1, routed)           0.000     0.814    design_1_i/cnn_accel_top_0/inst/grp_global_avg_pool_fu_384/grp_global_avg_pool_Pipeline_Write_Avg_fu_1533/mul_42s_31ns_73_1_1_U989/tmp_product__1/DSP_MULTIPLIER.U<43>
    DSP48E2_X11Y39       DSP_M_DATA (Prop_DSP_M_DATA_DSP48E2_U[43]_U_DATA[43])
                                                      0.067     0.881 r  design_1_i/cnn_accel_top_0/inst/grp_global_avg_pool_fu_384/grp_global_avg_pool_Pipeline_Write_Avg_fu_1533/mul_42s_31ns_73_1_1_U989/tmp_product__1/DSP_M_DATA_INST/U_DATA[43]
                         net (fo=1, routed)           0.000     0.881    design_1_i/cnn_accel_top_0/inst/grp_global_avg_pool_fu_384/grp_global_avg_pool_Pipeline_Write_Avg_fu_1533/mul_42s_31ns_73_1_1_U989/tmp_product__1/DSP_M_DATA.U_DATA<43>
    DSP48E2_X11Y39       DSP_ALU (Prop_DSP_ALU_DSP48E2_U_DATA[43]_ALU_OUT[47])
                                                      0.727     1.608 f  design_1_i/cnn_accel_top_0/inst/grp_global_avg_pool_fu_384/grp_global_avg_pool_Pipeline_Write_Avg_fu_1533/mul_42s_31ns_73_1_1_U989/tmp_product__1/DSP_ALU_INST/ALU_OUT[47]
                         net (fo=1, routed)           0.000     1.608    design_1_i/cnn_accel_top_0/inst/grp_global_avg_pool_fu_384/grp_global_avg_pool_Pipeline_Write_Avg_fu_1533/mul_42s_31ns_73_1_1_U989/tmp_product__1/DSP_ALU.ALU_OUT<47>
    DSP48E2_X11Y39       DSP_OUTPUT (Prop_DSP_OUTPUT_DSP48E2_ALU_OUT[47]_PCOUT[47])
                                                      0.167     1.775 r  design_1_i/cnn_accel_top_0/inst/grp_global_avg_pool_fu_384/grp_global_avg_pool_Pipeline_Write_Avg_fu_1533/mul_42s_31ns_73_1_1_U989/tmp_product__1/DSP_OUTPUT_INST/PCOUT[47]
                         net (fo=1, routed)           0.038     1.813    design_1_i/cnn_accel_top_0/inst/grp_global_avg_pool_fu_384/grp_global_avg_pool_Pipeline_Write_Avg_fu_1533/mul_42s_31ns_73_1_1_U989/tmp_product__2/PCIN[47]
    DSP48E2_X11Y40       DSP_ALU (Prop_DSP_ALU_DSP48E2_PCIN[47]_ALU_OUT[3])
                                                      0.739     2.552 f  design_1_i/cnn_accel_top_0/inst/grp_global_avg_pool_fu_384/grp_global_avg_pool_Pipeline_Write_Avg_fu_1533/mul_42s_31ns_73_1_1_U989/tmp_product__2/DSP_ALU_INST/ALU_OUT[3]
                         net (fo=1, routed)           0.000     2.552    design_1_i/cnn_accel_top_0/inst/grp_global_avg_pool_fu_384/grp_global_avg_pool_Pipeline_Write_Avg_fu_1533/mul_42s_31ns_73_1_1_U989/tmp_product__2/DSP_ALU.ALU_OUT<3>
    DSP48E2_X11Y40       DSP_OUTPUT (Prop_DSP_OUTPUT_DSP48E2_ALU_OUT[3]_P[3])
                                                      0.146     2.698 r  design_1_i/cnn_accel_top_0/inst/grp_global_avg_pool_fu_384/grp_global_avg_pool_Pipeline_Write_Avg_fu_1533/mul_42s_31ns_73_1_1_U989/tmp_product__2/DSP_OUTPUT_INST/P[3]
                         net (fo=2, routed)           0.346     3.044    design_1_i/cnn_accel_top_0/inst/grp_global_avg_pool_fu_384/grp_global_avg_pool_Pipeline_Write_Avg_fu_1533/mul_42s_31ns_73_1_1_U989/tmp_product__2_n_104
    SLICE_X40Y99         LUT2 (Prop_E6LUT_SLICEM_I0_O)
                                                      0.083     3.127 r  design_1_i/cnn_accel_top_0/inst/grp_global_avg_pool_fu_384/grp_global_avg_pool_Pipeline_Write_Avg_fu_1533/mul_42s_31ns_73_1_1_U989/trunc_ln772_reg_2265[23]_i_5/O
                         net (fo=1, routed)           0.018     3.145    design_1_i/cnn_accel_top_0/inst/grp_global_avg_pool_fu_384/grp_global_avg_pool_Pipeline_Write_Avg_fu_1533/mul_42s_31ns_73_1_1_U989/trunc_ln772_reg_2265[23]_i_5_n_2
    SLICE_X40Y99         CARRY8 (Prop_CARRY8_SLICEM_S[4]_CO[7])
                                                      0.236     3.381 r  design_1_i/cnn_accel_top_0/inst/grp_global_avg_pool_fu_384/grp_global_avg_pool_Pipeline_Write_Avg_fu_1533/mul_42s_31ns_73_1_1_U989/trunc_ln772_reg_2265_reg[23]_i_1/CO[7]
                         net (fo=1, routed)           0.030     3.411    design_1_i/cnn_accel_top_0/inst/grp_global_avg_pool_fu_384/grp_global_avg_pool_Pipeline_Write_Avg_fu_1533/mul_42s_31ns_73_1_1_U989/trunc_ln772_reg_2265_reg[23]_i_1_n_2
    SLICE_X40Y100        CARRY8 (Prop_CARRY8_SLICEM_CI_CO[7])
                                                      0.065     3.476 r  design_1_i/cnn_accel_top_0/inst/grp_global_avg_pool_fu_384/grp_global_avg_pool_Pipeline_Write_Avg_fu_1533/mul_42s_31ns_73_1_1_U989/trunc_ln772_reg_2265_reg[31]_i_1/CO[7]
                         net (fo=1, routed)           0.030     3.506    design_1_i/cnn_accel_top_0/inst/grp_global_avg_pool_fu_384/grp_global_avg_pool_Pipeline_Write_Avg_fu_1533/mul_42s_31ns_73_1_1_U989/trunc_ln772_reg_2265_reg[31]_i_1_n_2
    SLICE_X40Y101        CARRY8 (Prop_CARRY8_SLICEM_CI_CO[7])
                                                      0.065     3.571 r  design_1_i/cnn_accel_top_0/inst/grp_global_avg_pool_fu_384/grp_global_avg_pool_Pipeline_Write_Avg_fu_1533/mul_42s_31ns_73_1_1_U989/trunc_ln772_reg_2265_reg[38]_i_1/CO[7]
                         net (fo=1, routed)           0.030     3.601    design_1_i/cnn_accel_top_0/inst/grp_global_avg_pool_fu_384/grp_global_avg_pool_Pipeline_Write_Avg_fu_1533/mul_42s_31ns_73_1_1_U989/trunc_ln772_reg_2265_reg[38]_i_1_n_2
    SLICE_X40Y102        CARRY8 (Prop_CARRY8_SLICEM_CI_CO[7])
                                                      0.065     3.666 r  design_1_i/cnn_accel_top_0/inst/grp_global_avg_pool_fu_384/grp_global_avg_pool_Pipeline_Write_Avg_fu_1533/mul_42s_31ns_73_1_1_U989/mul_ln772_reg_2250_reg[47]_i_1/CO[7]
                         net (fo=1, routed)           0.030     3.696    design_1_i/cnn_accel_top_0/inst/grp_global_avg_pool_fu_384/grp_global_avg_pool_Pipeline_Write_Avg_fu_1533/mul_42s_31ns_73_1_1_U989/mul_ln772_reg_2250_reg[47]_i_1_n_2
    SLICE_X40Y103        CARRY8 (Prop_CARRY8_SLICEM_CI_CO[7])
                                                      0.065     3.761 r  design_1_i/cnn_accel_top_0/inst/grp_global_avg_pool_fu_384/grp_global_avg_pool_Pipeline_Write_Avg_fu_1533/mul_42s_31ns_73_1_1_U989/mul_ln772_reg_2250_reg[55]_i_1/CO[7]
                         net (fo=1, routed)           0.030     3.791    design_1_i/cnn_accel_top_0/inst/grp_global_avg_pool_fu_384/grp_global_avg_pool_Pipeline_Write_Avg_fu_1533/mul_42s_31ns_73_1_1_U989/mul_ln772_reg_2250_reg[55]_i_1_n_2
    SLICE_X40Y104        CARRY8 (Prop_CARRY8_SLICEM_CI_CO[7])
                                                      0.065     3.856 r  design_1_i/cnn_accel_top_0/inst/grp_global_avg_pool_fu_384/grp_global_avg_pool_Pipeline_Write_Avg_fu_1533/mul_42s_31ns_73_1_1_U989/mul_ln772_reg_2250_reg[56]_i_2/CO[7]
                         net (fo=1, routed)           0.030     3.886    design_1_i/cnn_accel_top_0/inst/grp_global_avg_pool_fu_384/grp_global_avg_pool_Pipeline_Write_Avg_fu_1533/mul_42s_31ns_73_1_1_U989/mul_ln772_reg_2250_reg[56]_i_2_n_2
    SLICE_X40Y105        CARRY8 (Prop_CARRY8_SLICEM_CI_O[4])
                                                      0.119     4.005 r  design_1_i/cnn_accel_top_0/inst/grp_global_avg_pool_fu_384/grp_global_avg_pool_Pipeline_Write_Avg_fu_1533/mul_42s_31ns_73_1_1_U989/tmp_7_reg_2275_reg[7]_i_1/O[4]
                         net (fo=1, routed)           0.032     4.037    design_1_i/cnn_accel_top_0/inst/grp_global_avg_pool_fu_384/grp_global_avg_pool_Pipeline_Write_Avg_fu_1533/p_0_in[10]
    SLICE_X40Y105        FDRE                                         r  design_1_i/cnn_accel_top_0/inst/grp_global_avg_pool_fu_384/grp_global_avg_pool_Pipeline_Write_Avg_fu_1533/tmp_7_reg_2275_reg[11]/D
  -------------------------------------------------------------------    -------------------

                         (clock clk_pl_0 rise edge)
                                                      0.000     0.000 r  
    PS8_X0Y0             PS8                          0.000     0.000 r  design_1_i/zynq_ps/inst/PS8_i/PLCLK[0]
                         net (fo=1, routed)           0.181     0.181    design_1_i/zynq_ps/inst/pl_clk_unbuffered[0]
    BUFG_PS_X0Y80        BUFG_PS (Prop_BUFG_PS_I_O)
                                                      0.035     0.216 r  design_1_i/zynq_ps/inst/buffer_pl_clk_0.PL_CLK_0_BUFG/O
    X1Y1 (CLOCK_ROOT)    net (fo=31682, routed)       2.822     3.038    design_1_i/cnn_accel_top_0/inst/grp_global_avg_pool_fu_384/grp_global_avg_pool_Pipeline_Write_Avg_fu_1533/ap_clk
    SLICE_X40Y105        FDRE                                         r  design_1_i/cnn_accel_top_0/inst/grp_global_avg_pool_fu_384/grp_global_avg_pool_Pipeline_Write_Avg_fu_1533/tmp_7_reg_2275_reg[11]/C

Slack:                    inf
  Source:                 design_1_i/cnn_accel_top_0/inst/grp_global_avg_pool_fu_384/grp_global_avg_pool_Pipeline_Write_Avg_fu_1533/mul_42s_31ns_73_1_1_U989/tmp_product__1/DSP_A_B_DATA_INST/A2_DATA[26]
                            (internal pin)
  Destination:            design_1_i/cnn_accel_top_0/inst/grp_global_avg_pool_fu_384/grp_global_avg_pool_Pipeline_Write_Avg_fu_1533/tmp_7_reg_2275_reg[10]/D
                            (rising edge-triggered cell FDRE clocked by clk_pl_0  {rise@0.000ns fall@3.500ns period=7.000ns})
  Path Group:             (none)
  Path Type:              Setup (Max at Slow Process Corner)
  Data Path Delay:        4.034ns  (logic 3.418ns (84.726%)  route 0.616ns (15.274%))
  Logic Levels:           15  (CARRY8=7 DSP_ALU=2 DSP_M_DATA=1 DSP_MULTIPLIER=1 DSP_OUTPUT=2 DSP_PREADD_DATA=1 LUT2=1)
  Clock Uncertainty:      0.140ns  ((TSJ^2 + DJ^2)^1/2) / 2 + PE
    Total System Jitter     (TSJ):    0.050ns
    Discrete Jitter          (DJ):    0.276ns
    Phase Error              (PE):    0.000ns
  Clock Net Delay (Destination): 2.822ns (routing 1.450ns, distribution 1.372ns)

    Location             Delay type                Incr(ns)  Path(ns)    Netlist Resource(s)
  -------------------------------------------------------------------    -------------------
    DSP48E2_X11Y39       DSP_A_B_DATA                 0.000     0.000 r  design_1_i/cnn_accel_top_0/inst/grp_global_avg_pool_fu_384/grp_global_avg_pool_Pipeline_Write_Avg_fu_1533/mul_42s_31ns_73_1_1_U989/tmp_product__1/DSP_A_B_DATA_INST/A2_DATA[26]
                         net (fo=1, routed)           0.000     0.000    design_1_i/cnn_accel_top_0/inst/grp_global_avg_pool_fu_384/grp_global_avg_pool_Pipeline_Write_Avg_fu_1533/mul_42s_31ns_73_1_1_U989/tmp_product__1/DSP_A_B_DATA.A2_DATA<26>
    DSP48E2_X11Y39       DSP_PREADD_DATA (Prop_DSP_PREADD_DATA_DSP48E2_A2_DATA[26]_A2A1[26])
                                                      0.114     0.114 r  design_1_i/cnn_accel_top_0/inst/grp_global_avg_pool_fu_384/grp_global_avg_pool_Pipeline_Write_Avg_fu_1533/mul_42s_31ns_73_1_1_U989/tmp_product__1/DSP_PREADD_DATA_INST/A2A1[26]
                         net (fo=1, routed)           0.000     0.114    design_1_i/cnn_accel_top_0/inst/grp_global_avg_pool_fu_384/grp_global_avg_pool_Pipeline_Write_Avg_fu_1533/mul_42s_31ns_73_1_1_U989/tmp_product__1/DSP_PREADD_DATA.A2A1<26>
    DSP48E2_X11Y39       DSP_MULTIPLIER (Prop_DSP_MULTIPLIER_DSP48E2_A2A1[26]_U[43])
                                                      0.700     0.814 f  design_1_i/cnn_accel_top_0/inst/grp_global_avg_pool_fu_384/grp_global_avg_pool_Pipeline_Write_Avg_fu_1533/mul_42s_31ns_73_1_1_U989/tmp_product__1/DSP_MULTIPLIER_INST/U[43]
                         net (fo=1, routed)           0.000     0.814    design_1_i/cnn_accel_top_0/inst/grp_global_avg_pool_fu_384/grp_global_avg_pool_Pipeline_Write_Avg_fu_1533/mul_42s_31ns_73_1_1_U989/tmp_product__1/DSP_MULTIPLIER.U<43>
    DSP48E2_X11Y39       DSP_M_DATA (Prop_DSP_M_DATA_DSP48E2_U[43]_U_DATA[43])
                                                      0.067     0.881 r  design_1_i/cnn_accel_top_0/inst/grp_global_avg_pool_fu_384/grp_global_avg_pool_Pipeline_Write_Avg_fu_1533/mul_42s_31ns_73_1_1_U989/tmp_product__1/DSP_M_DATA_INST/U_DATA[43]
                         net (fo=1, routed)           0.000     0.881    design_1_i/cnn_accel_top_0/inst/grp_global_avg_pool_fu_384/grp_global_avg_pool_Pipeline_Write_Avg_fu_1533/mul_42s_31ns_73_1_1_U989/tmp_product__1/DSP_M_DATA.U_DATA<43>
    DSP48E2_X11Y39       DSP_ALU (Prop_DSP_ALU_DSP48E2_U_DATA[43]_ALU_OUT[47])
                                                      0.727     1.608 f  design_1_i/cnn_accel_top_0/inst/grp_global_avg_pool_fu_384/grp_global_avg_pool_Pipeline_Write_Avg_fu_1533/mul_42s_31ns_73_1_1_U989/tmp_product__1/DSP_ALU_INST/ALU_OUT[47]
                         net (fo=1, routed)           0.000     1.608    design_1_i/cnn_accel_top_0/inst/grp_global_avg_pool_fu_384/grp_global_avg_pool_Pipeline_Write_Avg_fu_1533/mul_42s_31ns_73_1_1_U989/tmp_product__1/DSP_ALU.ALU_OUT<47>
    DSP48E2_X11Y39       DSP_OUTPUT (Prop_DSP_OUTPUT_DSP48E2_ALU_OUT[47]_PCOUT[47])
                                                      0.167     1.775 r  design_1_i/cnn_accel_top_0/inst/grp_global_avg_pool_fu_384/grp_global_avg_pool_Pipeline_Write_Avg_fu_1533/mul_42s_31ns_73_1_1_U989/tmp_product__1/DSP_OUTPUT_INST/PCOUT[47]
                         net (fo=1, routed)           0.038     1.813    design_1_i/cnn_accel_top_0/inst/grp_global_avg_pool_fu_384/grp_global_avg_pool_Pipeline_Write_Avg_fu_1533/mul_42s_31ns_73_1_1_U989/tmp_product__2/PCIN[47]
    DSP48E2_X11Y40       DSP_ALU (Prop_DSP_ALU_DSP48E2_PCIN[47]_ALU_OUT[3])
                                                      0.739     2.552 f  design_1_i/cnn_accel_top_0/inst/grp_global_avg_pool_fu_384/grp_global_avg_pool_Pipeline_Write_Avg_fu_1533/mul_42s_31ns_73_1_1_U989/tmp_product__2/DSP_ALU_INST/ALU_OUT[3]
                         net (fo=1, routed)           0.000     2.552    design_1_i/cnn_accel_top_0/inst/grp_global_avg_pool_fu_384/grp_global_avg_pool_Pipeline_Write_Avg_fu_1533/mul_42s_31ns_73_1_1_U989/tmp_product__2/DSP_ALU.ALU_OUT<3>
    DSP48E2_X11Y40       DSP_OUTPUT (Prop_DSP_OUTPUT_DSP48E2_ALU_OUT[3]_P[3])
                                                      0.146     2.698 r  design_1_i/cnn_accel_top_0/inst/grp_global_avg_pool_fu_384/grp_global_avg_pool_Pipeline_Write_Avg_fu_1533/mul_42s_31ns_73_1_1_U989/tmp_product__2/DSP_OUTPUT_INST/P[3]
                         net (fo=2, routed)           0.346     3.044    design_1_i/cnn_accel_top_0/inst/grp_global_avg_pool_fu_384/grp_global_avg_pool_Pipeline_Write_Avg_fu_1533/mul_42s_31ns_73_1_1_U989/tmp_product__2_n_104
    SLICE_X40Y99         LUT2 (Prop_E6LUT_SLICEM_I0_O)
                                                      0.083     3.127 r  design_1_i/cnn_accel_top_0/inst/grp_global_avg_pool_fu_384/grp_global_avg_pool_Pipeline_Write_Avg_fu_1533/mul_42s_31ns_73_1_1_U989/trunc_ln772_reg_2265[23]_i_5/O
                         net (fo=1, routed)           0.018     3.145    design_1_i/cnn_accel_top_0/inst/grp_global_avg_pool_fu_384/grp_global_avg_pool_Pipeline_Write_Avg_fu_1533/mul_42s_31ns_73_1_1_U989/trunc_ln772_reg_2265[23]_i_5_n_2
    SLICE_X40Y99         CARRY8 (Prop_CARRY8_SLICEM_S[4]_CO[7])
                                                      0.236     3.381 r  design_1_i/cnn_accel_top_0/inst/grp_global_avg_pool_fu_384/grp_global_avg_pool_Pipeline_Write_Avg_fu_1533/mul_42s_31ns_73_1_1_U989/trunc_ln772_reg_2265_reg[23]_i_1/CO[7]
                         net (fo=1, routed)           0.030     3.411    design_1_i/cnn_accel_top_0/inst/grp_global_avg_pool_fu_384/grp_global_avg_pool_Pipeline_Write_Avg_fu_1533/mul_42s_31ns_73_1_1_U989/trunc_ln772_reg_2265_reg[23]_i_1_n_2
    SLICE_X40Y100        CARRY8 (Prop_CARRY8_SLICEM_CI_CO[7])
                                                      0.065     3.476 r  design_1_i/cnn_accel_top_0/inst/grp_global_avg_pool_fu_384/grp_global_avg_pool_Pipeline_Write_Avg_fu_1533/mul_42s_31ns_73_1_1_U989/trunc_ln772_reg_2265_reg[31]_i_1/CO[7]
                         net (fo=1, routed)           0.030     3.506    design_1_i/cnn_accel_top_0/inst/grp_global_avg_pool_fu_384/grp_global_avg_pool_Pipeline_Write_Avg_fu_1533/mul_42s_31ns_73_1_1_U989/trunc_ln772_reg_2265_reg[31]_i_1_n_2
    SLICE_X40Y101        CARRY8 (Prop_CARRY8_SLICEM_CI_CO[7])
                                                      0.065     3.571 r  design_1_i/cnn_accel_top_0/inst/grp_global_avg_pool_fu_384/grp_global_avg_pool_Pipeline_Write_Avg_fu_1533/mul_42s_31ns_73_1_1_U989/trunc_ln772_reg_2265_reg[38]_i_1/CO[7]
                         net (fo=1, routed)           0.030     3.601    design_1_i/cnn_accel_top_0/inst/grp_global_avg_pool_fu_384/grp_global_avg_pool_Pipeline_Write_Avg_fu_1533/mul_42s_31ns_73_1_1_U989/trunc_ln772_reg_2265_reg[38]_i_1_n_2
    SLICE_X40Y102        CARRY8 (Prop_CARRY8_SLICEM_CI_CO[7])
                                                      0.065     3.666 r  design_1_i/cnn_accel_top_0/inst/grp_global_avg_pool_fu_384/grp_global_avg_pool_Pipeline_Write_Avg_fu_1533/mul_42s_31ns_73_1_1_U989/mul_ln772_reg_2250_reg[47]_i_1/CO[7]
                         net (fo=1, routed)           0.030     3.696    design_1_i/cnn_accel_top_0/inst/grp_global_avg_pool_fu_384/grp_global_avg_pool_Pipeline_Write_Avg_fu_1533/mul_42s_31ns_73_1_1_U989/mul_ln772_reg_2250_reg[47]_i_1_n_2
    SLICE_X40Y103        CARRY8 (Prop_CARRY8_SLICEM_CI_CO[7])
                                                      0.065     3.761 r  design_1_i/cnn_accel_top_0/inst/grp_global_avg_pool_fu_384/grp_global_avg_pool_Pipeline_Write_Avg_fu_1533/mul_42s_31ns_73_1_1_U989/mul_ln772_reg_2250_reg[55]_i_1/CO[7]
                         net (fo=1, routed)           0.030     3.791    design_1_i/cnn_accel_top_0/inst/grp_global_avg_pool_fu_384/grp_global_avg_pool_Pipeline_Write_Avg_fu_1533/mul_42s_31ns_73_1_1_U989/mul_ln772_reg_2250_reg[55]_i_1_n_2
    SLICE_X40Y104        CARRY8 (Prop_CARRY8_SLICEM_CI_CO[7])
                                                      0.065     3.856 r  design_1_i/cnn_accel_top_0/inst/grp_global_avg_pool_fu_384/grp_global_avg_pool_Pipeline_Write_Avg_fu_1533/mul_42s_31ns_73_1_1_U989/mul_ln772_reg_2250_reg[56]_i_2/CO[7]
                         net (fo=1, routed)           0.030     3.886    design_1_i/cnn_accel_top_0/inst/grp_global_avg_pool_fu_384/grp_global_avg_pool_Pipeline_Write_Avg_fu_1533/mul_42s_31ns_73_1_1_U989/mul_ln772_reg_2250_reg[56]_i_2_n_2
    SLICE_X40Y105        CARRY8 (Prop_CARRY8_SLICEM_CI_O[3])
                                                      0.114     4.000 r  design_1_i/cnn_accel_top_0/inst/grp_global_avg_pool_fu_384/grp_global_avg_pool_Pipeline_Write_Avg_fu_1533/mul_42s_31ns_73_1_1_U989/tmp_7_reg_2275_reg[7]_i_1/O[3]
                         net (fo=1, routed)           0.034     4.034    design_1_i/cnn_accel_top_0/inst/grp_global_avg_pool_fu_384/grp_global_avg_pool_Pipeline_Write_Avg_fu_1533/p_0_in[9]
    SLICE_X40Y105        FDRE                                         r  design_1_i/cnn_accel_top_0/inst/grp_global_avg_pool_fu_384/grp_global_avg_pool_Pipeline_Write_Avg_fu_1533/tmp_7_reg_2275_reg[10]/D
  -------------------------------------------------------------------    -------------------

                         (clock clk_pl_0 rise edge)
                                                      0.000     0.000 r  
    PS8_X0Y0             PS8                          0.000     0.000 r  design_1_i/zynq_ps/inst/PS8_i/PLCLK[0]
                         net (fo=1, routed)           0.181     0.181    design_1_i/zynq_ps/inst/pl_clk_unbuffered[0]
    BUFG_PS_X0Y80        BUFG_PS (Prop_BUFG_PS_I_O)
                                                      0.035     0.216 r  design_1_i/zynq_ps/inst/buffer_pl_clk_0.PL_CLK_0_BUFG/O
    X1Y1 (CLOCK_ROOT)    net (fo=31682, routed)       2.822     3.038    design_1_i/cnn_accel_top_0/inst/grp_global_avg_pool_fu_384/grp_global_avg_pool_Pipeline_Write_Avg_fu_1533/ap_clk
    SLICE_X40Y105        FDRE                                         r  design_1_i/cnn_accel_top_0/inst/grp_global_avg_pool_fu_384/grp_global_avg_pool_Pipeline_Write_Avg_fu_1533/tmp_7_reg_2275_reg[10]/C

Slack:                    inf
  Source:                 design_1_i/cnn_accel_top_0/inst/grp_global_avg_pool_fu_384/grp_global_avg_pool_Pipeline_Write_Avg_fu_1533/mul_42s_31ns_73_1_1_U989/tmp_product__1/DSP_A_B_DATA_INST/A2_DATA[26]
                            (internal pin)
  Destination:            design_1_i/cnn_accel_top_0/inst/grp_global_avg_pool_fu_384/grp_global_avg_pool_Pipeline_Write_Avg_fu_1533/tmp_7_reg_2275_reg[8]/D
                            (rising edge-triggered cell FDRE clocked by clk_pl_0  {rise@0.000ns fall@3.500ns period=7.000ns})
  Path Group:             (none)
  Path Type:              Setup (Max at Slow Process Corner)
  Data Path Delay:        4.025ns  (logic 3.410ns (84.716%)  route 0.615ns (15.284%))
  Logic Levels:           15  (CARRY8=7 DSP_ALU=2 DSP_M_DATA=1 DSP_MULTIPLIER=1 DSP_OUTPUT=2 DSP_PREADD_DATA=1 LUT2=1)
  Clock Uncertainty:      0.140ns  ((TSJ^2 + DJ^2)^1/2) / 2 + PE
    Total System Jitter     (TSJ):    0.050ns
    Discrete Jitter          (DJ):    0.276ns
    Phase Error              (PE):    0.000ns
  Clock Net Delay (Destination): 2.822ns (routing 1.450ns, distribution 1.372ns)

    Location             Delay type                Incr(ns)  Path(ns)    Netlist Resource(s)
  -------------------------------------------------------------------    -------------------
    DSP48E2_X11Y39       DSP_A_B_DATA                 0.000     0.000 r  design_1_i/cnn_accel_top_0/inst/grp_global_avg_pool_fu_384/grp_global_avg_pool_Pipeline_Write_Avg_fu_1533/mul_42s_31ns_73_1_1_U989/tmp_product__1/DSP_A_B_DATA_INST/A2_DATA[26]
                         net (fo=1, routed)           0.000     0.000    design_1_i/cnn_accel_top_0/inst/grp_global_avg_pool_fu_384/grp_global_avg_pool_Pipeline_Write_Avg_fu_1533/mul_42s_31ns_73_1_1_U989/tmp_product__1/DSP_A_B_DATA.A2_DATA<26>
    DSP48E2_X11Y39       DSP_PREADD_DATA (Prop_DSP_PREADD_DATA_DSP48E2_A2_DATA[26]_A2A1[26])
                                                      0.114     0.114 r  design_1_i/cnn_accel_top_0/inst/grp_global_avg_pool_fu_384/grp_global_avg_pool_Pipeline_Write_Avg_fu_1533/mul_42s_31ns_73_1_1_U989/tmp_product__1/DSP_PREADD_DATA_INST/A2A1[26]
                         net (fo=1, routed)           0.000     0.114    design_1_i/cnn_accel_top_0/inst/grp_global_avg_pool_fu_384/grp_global_avg_pool_Pipeline_Write_Avg_fu_1533/mul_42s_31ns_73_1_1_U989/tmp_product__1/DSP_PREADD_DATA.A2A1<26>
    DSP48E2_X11Y39       DSP_MULTIPLIER (Prop_DSP_MULTIPLIER_DSP48E2_A2A1[26]_U[43])
                                                      0.700     0.814 f  design_1_i/cnn_accel_top_0/inst/grp_global_avg_pool_fu_384/grp_global_avg_pool_Pipeline_Write_Avg_fu_1533/mul_42s_31ns_73_1_1_U989/tmp_product__1/DSP_MULTIPLIER_INST/U[43]
                         net (fo=1, routed)           0.000     0.814    design_1_i/cnn_accel_top_0/inst/grp_global_avg_pool_fu_384/grp_global_avg_pool_Pipeline_Write_Avg_fu_1533/mul_42s_31ns_73_1_1_U989/tmp_product__1/DSP_MULTIPLIER.U<43>
    DSP48E2_X11Y39       DSP_M_DATA (Prop_DSP_M_DATA_DSP48E2_U[43]_U_DATA[43])
                                                      0.067     0.881 r  design_1_i/cnn_accel_top_0/inst/grp_global_avg_pool_fu_384/grp_global_avg_pool_Pipeline_Write_Avg_fu_1533/mul_42s_31ns_73_1_1_U989/tmp_product__1/DSP_M_DATA_INST/U_DATA[43]
                         net (fo=1, routed)           0.000     0.881    design_1_i/cnn_accel_top_0/inst/grp_global_avg_pool_fu_384/grp_global_avg_pool_Pipeline_Write_Avg_fu_1533/mul_42s_31ns_73_1_1_U989/tmp_product__1/DSP_M_DATA.U_DATA<43>
    DSP48E2_X11Y39       DSP_ALU (Prop_DSP_ALU_DSP48E2_U_DATA[43]_ALU_OUT[47])
                                                      0.727     1.608 f  design_1_i/cnn_accel_top_0/inst/grp_global_avg_pool_fu_384/grp_global_avg_pool_Pipeline_Write_Avg_fu_1533/mul_42s_31ns_73_1_1_U989/tmp_product__1/DSP_ALU_INST/ALU_OUT[47]
                         net (fo=1, routed)           0.000     1.608    design_1_i/cnn_accel_top_0/inst/grp_global_avg_pool_fu_384/grp_global_avg_pool_Pipeline_Write_Avg_fu_1533/mul_42s_31ns_73_1_1_U989/tmp_product__1/DSP_ALU.ALU_OUT<47>
    DSP48E2_X11Y39       DSP_OUTPUT (Prop_DSP_OUTPUT_DSP48E2_ALU_OUT[47]_PCOUT[47])
                                                      0.167     1.775 r  design_1_i/cnn_accel_top_0/inst/grp_global_avg_pool_fu_384/grp_global_avg_pool_Pipeline_Write_Avg_fu_1533/mul_42s_31ns_73_1_1_U989/tmp_product__1/DSP_OUTPUT_INST/PCOUT[47]
                         net (fo=1, routed)           0.038     1.813    design_1_i/cnn_accel_top_0/inst/grp_global_avg_pool_fu_384/grp_global_avg_pool_Pipeline_Write_Avg_fu_1533/mul_42s_31ns_73_1_1_U989/tmp_product__2/PCIN[47]
    DSP48E2_X11Y40       DSP_ALU (Prop_DSP_ALU_DSP48E2_PCIN[47]_ALU_OUT[3])
                                                      0.739     2.552 f  design_1_i/cnn_accel_top_0/inst/grp_global_avg_pool_fu_384/grp_global_avg_pool_Pipeline_Write_Avg_fu_1533/mul_42s_31ns_73_1_1_U989/tmp_product__2/DSP_ALU_INST/ALU_OUT[3]
                         net (fo=1, routed)           0.000     2.552    design_1_i/cnn_accel_top_0/inst/grp_global_avg_pool_fu_384/grp_global_avg_pool_Pipeline_Write_Avg_fu_1533/mul_42s_31ns_73_1_1_U989/tmp_product__2/DSP_ALU.ALU_OUT<3>
    DSP48E2_X11Y40       DSP_OUTPUT (Prop_DSP_OUTPUT_DSP48E2_ALU_OUT[3]_P[3])
                                                      0.146     2.698 r  design_1_i/cnn_accel_top_0/inst/grp_global_avg_pool_fu_384/grp_global_avg_pool_Pipeline_Write_Avg_fu_1533/mul_42s_31ns_73_1_1_U989/tmp_product__2/DSP_OUTPUT_INST/P[3]
                         net (fo=2, routed)           0.346     3.044    design_1_i/cnn_accel_top_0/inst/grp_global_avg_pool_fu_384/grp_global_avg_pool_Pipeline_Write_Avg_fu_1533/mul_42s_31ns_73_1_1_U989/tmp_product__2_n_104
    SLICE_X40Y99         LUT2 (Prop_E6LUT_SLICEM_I0_O)
                                                      0.083     3.127 r  design_1_i/cnn_accel_top_0/inst/grp_global_avg_pool_fu_384/grp_global_avg_pool_Pipeline_Write_Avg_fu_1533/mul_42s_31ns_73_1_1_U989/trunc_ln772_reg_2265[23]_i_5/O
                         net (fo=1, routed)           0.018     3.145    design_1_i/cnn_accel_top_0/inst/grp_global_avg_pool_fu_384/grp_global_avg_pool_Pipeline_Write_Avg_fu_1533/mul_42s_31ns_73_1_1_U989/trunc_ln772_reg_2265[23]_i_5_n_2
    SLICE_X40Y99         CARRY8 (Prop_CARRY8_SLICEM_S[4]_CO[7])
                                                      0.236     3.381 r  design_1_i/cnn_accel_top_0/inst/grp_global_avg_pool_fu_384/grp_global_avg_pool_Pipeline_Write_Avg_fu_1533/mul_42s_31ns_73_1_1_U989/trunc_ln772_reg_2265_reg[23]_i_1/CO[7]
                         net (fo=1, routed)           0.030     3.411    design_1_i/cnn_accel_top_0/inst/grp_global_avg_pool_fu_384/grp_global_avg_pool_Pipeline_Write_Avg_fu_1533/mul_42s_31ns_73_1_1_U989/trunc_ln772_reg_2265_reg[23]_i_1_n_2
    SLICE_X40Y100        CARRY8 (Prop_CARRY8_SLICEM_CI_CO[7])
                                                      0.065     3.476 r  design_1_i/cnn_accel_top_0/inst/grp_global_avg_pool_fu_384/grp_global_avg_pool_Pipeline_Write_Avg_fu_1533/mul_42s_31ns_73_1_1_U989/trunc_ln772_reg_2265_reg[31]_i_1/CO[7]
                         net (fo=1, routed)           0.030     3.506    design_1_i/cnn_accel_top_0/inst/grp_global_avg_pool_fu_384/grp_global_avg_pool_Pipeline_Write_Avg_fu_1533/mul_42s_31ns_73_1_1_U989/trunc_ln772_reg_2265_reg[31]_i_1_n_2
    SLICE_X40Y101        CARRY8 (Prop_CARRY8_SLICEM_CI_CO[7])
                                                      0.065     3.571 r  design_1_i/cnn_accel_top_0/inst/grp_global_avg_pool_fu_384/grp_global_avg_pool_Pipeline_Write_Avg_fu_1533/mul_42s_31ns_73_1_1_U989/trunc_ln772_reg_2265_reg[38]_i_1/CO[7]
                         net (fo=1, routed)           0.030     3.601    design_1_i/cnn_accel_top_0/inst/grp_global_avg_pool_fu_384/grp_global_avg_pool_Pipeline_Write_Avg_fu_1533/mul_42s_31ns_73_1_1_U989/trunc_ln772_reg_2265_reg[38]_i_1_n_2
    SLICE_X40Y102        CARRY8 (Prop_CARRY8_SLICEM_CI_CO[7])
                                                      0.065     3.666 r  design_1_i/cnn_accel_top_0/inst/grp_global_avg_pool_fu_384/grp_global_avg_pool_Pipeline_Write_Avg_fu_1533/mul_42s_31ns_73_1_1_U989/mul_ln772_reg_2250_reg[47]_i_1/CO[7]
                         net (fo=1, routed)           0.030     3.696    design_1_i/cnn_accel_top_0/inst/grp_global_avg_pool_fu_384/grp_global_avg_pool_Pipeline_Write_Avg_fu_1533/mul_42s_31ns_73_1_1_U989/mul_ln772_reg_2250_reg[47]_i_1_n_2
    SLICE_X40Y103        CARRY8 (Prop_CARRY8_SLICEM_CI_CO[7])
                                                      0.065     3.761 r  design_1_i/cnn_accel_top_0/inst/grp_global_avg_pool_fu_384/grp_global_avg_pool_Pipeline_Write_Avg_fu_1533/mul_42s_31ns_73_1_1_U989/mul_ln772_reg_2250_reg[55]_i_1/CO[7]
                         net (fo=1, routed)           0.030     3.791    design_1_i/cnn_accel_top_0/inst/grp_global_avg_pool_fu_384/grp_global_avg_pool_Pipeline_Write_Avg_fu_1533/mul_42s_31ns_73_1_1_U989/mul_ln772_reg_2250_reg[55]_i_1_n_2
    SLICE_X40Y104        CARRY8 (Prop_CARRY8_SLICEM_CI_CO[7])
                                                      0.065     3.856 r  design_1_i/cnn_accel_top_0/inst/grp_global_avg_pool_fu_384/grp_global_avg_pool_Pipeline_Write_Avg_fu_1533/mul_42s_31ns_73_1_1_U989/mul_ln772_reg_2250_reg[56]_i_2/CO[7]
                         net (fo=1, routed)           0.030     3.886    design_1_i/cnn_accel_top_0/inst/grp_global_avg_pool_fu_384/grp_global_avg_pool_Pipeline_Write_Avg_fu_1533/mul_42s_31ns_73_1_1_U989/mul_ln772_reg_2250_reg[56]_i_2_n_2
    SLICE_X40Y105        CARRY8 (Prop_CARRY8_SLICEM_CI_O[1])
                                                      0.106     3.992 r  design_1_i/cnn_accel_top_0/inst/grp_global_avg_pool_fu_384/grp_global_avg_pool_Pipeline_Write_Avg_fu_1533/mul_42s_31ns_73_1_1_U989/tmp_7_reg_2275_reg[7]_i_1/O[1]
                         net (fo=1, routed)           0.033     4.025    design_1_i/cnn_accel_top_0/inst/grp_global_avg_pool_fu_384/grp_global_avg_pool_Pipeline_Write_Avg_fu_1533/p_0_in[7]
    SLICE_X40Y105        FDRE                                         r  design_1_i/cnn_accel_top_0/inst/grp_global_avg_pool_fu_384/grp_global_avg_pool_Pipeline_Write_Avg_fu_1533/tmp_7_reg_2275_reg[8]/D
  -------------------------------------------------------------------    -------------------

                         (clock clk_pl_0 rise edge)
                                                      0.000     0.000 r  
    PS8_X0Y0             PS8                          0.000     0.000 r  design_1_i/zynq_ps/inst/PS8_i/PLCLK[0]
                         net (fo=1, routed)           0.181     0.181    design_1_i/zynq_ps/inst/pl_clk_unbuffered[0]
    BUFG_PS_X0Y80        BUFG_PS (Prop_BUFG_PS_I_O)
                                                      0.035     0.216 r  design_1_i/zynq_ps/inst/buffer_pl_clk_0.PL_CLK_0_BUFG/O
    X1Y1 (CLOCK_ROOT)    net (fo=31682, routed)       2.822     3.038    design_1_i/cnn_accel_top_0/inst/grp_global_avg_pool_fu_384/grp_global_avg_pool_Pipeline_Write_Avg_fu_1533/ap_clk
    SLICE_X40Y105        FDRE                                         r  design_1_i/cnn_accel_top_0/inst/grp_global_avg_pool_fu_384/grp_global_avg_pool_Pipeline_Write_Avg_fu_1533/tmp_7_reg_2275_reg[8]/C

Slack:                    inf
  Source:                 design_1_i/cnn_accel_top_0/inst/grp_global_avg_pool_fu_384/grp_global_avg_pool_Pipeline_Write_Avg_fu_1533/mul_42s_31ns_73_1_1_U989/tmp_product__1/DSP_A_B_DATA_INST/A2_DATA[26]
                            (internal pin)
  Destination:            design_1_i/cnn_accel_top_0/inst/grp_global_avg_pool_fu_384/grp_global_avg_pool_Pipeline_Write_Avg_fu_1533/tmp_7_reg_2275_reg[9]/D
                            (rising edge-triggered cell FDRE clocked by clk_pl_0  {rise@0.000ns fall@3.500ns period=7.000ns})
  Path Group:             (none)
  Path Type:              Setup (Max at Slow Process Corner)
  Data Path Delay:        4.013ns  (logic 3.397ns (84.646%)  route 0.616ns (15.354%))
  Logic Levels:           15  (CARRY8=7 DSP_ALU=2 DSP_M_DATA=1 DSP_MULTIPLIER=1 DSP_OUTPUT=2 DSP_PREADD_DATA=1 LUT2=1)
  Clock Uncertainty:      0.140ns  ((TSJ^2 + DJ^2)^1/2) / 2 + PE
    Total System Jitter     (TSJ):    0.050ns
    Discrete Jitter          (DJ):    0.276ns
    Phase Error              (PE):    0.000ns
  Clock Net Delay (Destination): 2.822ns (routing 1.450ns, distribution 1.372ns)

    Location             Delay type                Incr(ns)  Path(ns)    Netlist Resource(s)
  -------------------------------------------------------------------    -------------------
    DSP48E2_X11Y39       DSP_A_B_DATA                 0.000     0.000 r  design_1_i/cnn_accel_top_0/inst/grp_global_avg_pool_fu_384/grp_global_avg_pool_Pipeline_Write_Avg_fu_1533/mul_42s_31ns_73_1_1_U989/tmp_product__1/DSP_A_B_DATA_INST/A2_DATA[26]
                         net (fo=1, routed)           0.000     0.000    design_1_i/cnn_accel_top_0/inst/grp_global_avg_pool_fu_384/grp_global_avg_pool_Pipeline_Write_Avg_fu_1533/mul_42s_31ns_73_1_1_U989/tmp_product__1/DSP_A_B_DATA.A2_DATA<26>
    DSP48E2_X11Y39       DSP_PREADD_DATA (Prop_DSP_PREADD_DATA_DSP48E2_A2_DATA[26]_A2A1[26])
                                                      0.114     0.114 r  design_1_i/cnn_accel_top_0/inst/grp_global_avg_pool_fu_384/grp_global_avg_pool_Pipeline_Write_Avg_fu_1533/mul_42s_31ns_73_1_1_U989/tmp_product__1/DSP_PREADD_DATA_INST/A2A1[26]
                         net (fo=1, routed)           0.000     0.114    design_1_i/cnn_accel_top_0/inst/grp_global_avg_pool_fu_384/grp_global_avg_pool_Pipeline_Write_Avg_fu_1533/mul_42s_31ns_73_1_1_U989/tmp_product__1/DSP_PREADD_DATA.A2A1<26>
    DSP48E2_X11Y39       DSP_MULTIPLIER (Prop_DSP_MULTIPLIER_DSP48E2_A2A1[26]_U[43])
                                                      0.700     0.814 f  design_1_i/cnn_accel_top_0/inst/grp_global_avg_pool_fu_384/grp_global_avg_pool_Pipeline_Write_Avg_fu_1533/mul_42s_31ns_73_1_1_U989/tmp_product__1/DSP_MULTIPLIER_INST/U[43]
                         net (fo=1, routed)           0.000     0.814    design_1_i/cnn_accel_top_0/inst/grp_global_avg_pool_fu_384/grp_global_avg_pool_Pipeline_Write_Avg_fu_1533/mul_42s_31ns_73_1_1_U989/tmp_product__1/DSP_MULTIPLIER.U<43>
    DSP48E2_X11Y39       DSP_M_DATA (Prop_DSP_M_DATA_DSP48E2_U[43]_U_DATA[43])
                                                      0.067     0.881 r  design_1_i/cnn_accel_top_0/inst/grp_global_avg_pool_fu_384/grp_global_avg_pool_Pipeline_Write_Avg_fu_1533/mul_42s_31ns_73_1_1_U989/tmp_product__1/DSP_M_DATA_INST/U_DATA[43]
                         net (fo=1, routed)           0.000     0.881    design_1_i/cnn_accel_top_0/inst/grp_global_avg_pool_fu_384/grp_global_avg_pool_Pipeline_Write_Avg_fu_1533/mul_42s_31ns_73_1_1_U989/tmp_product__1/DSP_M_DATA.U_DATA<43>
    DSP48E2_X11Y39       DSP_ALU (Prop_DSP_ALU_DSP48E2_U_DATA[43]_ALU_OUT[47])
                                                      0.727     1.608 f  design_1_i/cnn_accel_top_0/inst/grp_global_avg_pool_fu_384/grp_global_avg_pool_Pipeline_Write_Avg_fu_1533/mul_42s_31ns_73_1_1_U989/tmp_product__1/DSP_ALU_INST/ALU_OUT[47]
                         net (fo=1, routed)           0.000     1.608    design_1_i/cnn_accel_top_0/inst/grp_global_avg_pool_fu_384/grp_global_avg_pool_Pipeline_Write_Avg_fu_1533/mul_42s_31ns_73_1_1_U989/tmp_product__1/DSP_ALU.ALU_OUT<47>
    DSP48E2_X11Y39       DSP_OUTPUT (Prop_DSP_OUTPUT_DSP48E2_ALU_OUT[47]_PCOUT[47])
                                                      0.167     1.775 r  design_1_i/cnn_accel_top_0/inst/grp_global_avg_pool_fu_384/grp_global_avg_pool_Pipeline_Write_Avg_fu_1533/mul_42s_31ns_73_1_1_U989/tmp_product__1/DSP_OUTPUT_INST/PCOUT[47]
                         net (fo=1, routed)           0.038     1.813    design_1_i/cnn_accel_top_0/inst/grp_global_avg_pool_fu_384/grp_global_avg_pool_Pipeline_Write_Avg_fu_1533/mul_42s_31ns_73_1_1_U989/tmp_product__2/PCIN[47]
    DSP48E2_X11Y40       DSP_ALU (Prop_DSP_ALU_DSP48E2_PCIN[47]_ALU_OUT[3])
                                                      0.739     2.552 f  design_1_i/cnn_accel_top_0/inst/grp_global_avg_pool_fu_384/grp_global_avg_pool_Pipeline_Write_Avg_fu_1533/mul_42s_31ns_73_1_1_U989/tmp_product__2/DSP_ALU_INST/ALU_OUT[3]
                         net (fo=1, routed)           0.000     2.552    design_1_i/cnn_accel_top_0/inst/grp_global_avg_pool_fu_384/grp_global_avg_pool_Pipeline_Write_Avg_fu_1533/mul_42s_31ns_73_1_1_U989/tmp_product__2/DSP_ALU.ALU_OUT<3>
    DSP48E2_X11Y40       DSP_OUTPUT (Prop_DSP_OUTPUT_DSP48E2_ALU_OUT[3]_P[3])
                                                      0.146     2.698 r  design_1_i/cnn_accel_top_0/inst/grp_global_avg_pool_fu_384/grp_global_avg_pool_Pipeline_Write_Avg_fu_1533/mul_42s_31ns_73_1_1_U989/tmp_product__2/DSP_OUTPUT_INST/P[3]
                         net (fo=2, routed)           0.346     3.044    design_1_i/cnn_accel_top_0/inst/grp_global_avg_pool_fu_384/grp_global_avg_pool_Pipeline_Write_Avg_fu_1533/mul_42s_31ns_73_1_1_U989/tmp_product__2_n_104
    SLICE_X40Y99         LUT2 (Prop_E6LUT_SLICEM_I0_O)
                                                      0.083     3.127 r  design_1_i/cnn_accel_top_0/inst/grp_global_avg_pool_fu_384/grp_global_avg_pool_Pipeline_Write_Avg_fu_1533/mul_42s_31ns_73_1_1_U989/trunc_ln772_reg_2265[23]_i_5/O
                         net (fo=1, routed)           0.018     3.145    design_1_i/cnn_accel_top_0/inst/grp_global_avg_pool_fu_384/grp_global_avg_pool_Pipeline_Write_Avg_fu_1533/mul_42s_31ns_73_1_1_U989/trunc_ln772_reg_2265[23]_i_5_n_2
    SLICE_X40Y99         CARRY8 (Prop_CARRY8_SLICEM_S[4]_CO[7])
                                                      0.236     3.381 r  design_1_i/cnn_accel_top_0/inst/grp_global_avg_pool_fu_384/grp_global_avg_pool_Pipeline_Write_Avg_fu_1533/mul_42s_31ns_73_1_1_U989/trunc_ln772_reg_2265_reg[23]_i_1/CO[7]
                         net (fo=1, routed)           0.030     3.411    design_1_i/cnn_accel_top_0/inst/grp_global_avg_pool_fu_384/grp_global_avg_pool_Pipeline_Write_Avg_fu_1533/mul_42s_31ns_73_1_1_U989/trunc_ln772_reg_2265_reg[23]_i_1_n_2
    SLICE_X40Y100        CARRY8 (Prop_CARRY8_SLICEM_CI_CO[7])
                                                      0.065     3.476 r  design_1_i/cnn_accel_top_0/inst/grp_global_avg_pool_fu_384/grp_global_avg_pool_Pipeline_Write_Avg_fu_1533/mul_42s_31ns_73_1_1_U989/trunc_ln772_reg_2265_reg[31]_i_1/CO[7]
                         net (fo=1, routed)           0.030     3.506    design_1_i/cnn_accel_top_0/inst/grp_global_avg_pool_fu_384/grp_global_avg_pool_Pipeline_Write_Avg_fu_1533/mul_42s_31ns_73_1_1_U989/trunc_ln772_reg_2265_reg[31]_i_1_n_2
    SLICE_X40Y101        CARRY8 (Prop_CARRY8_SLICEM_CI_CO[7])
                                                      0.065     3.571 r  design_1_i/cnn_accel_top_0/inst/grp_global_avg_pool_fu_384/grp_global_avg_pool_Pipeline_Write_Avg_fu_1533/mul_42s_31ns_73_1_1_U989/trunc_ln772_reg_2265_reg[38]_i_1/CO[7]
                         net (fo=1, routed)           0.030     3.601    design_1_i/cnn_accel_top_0/inst/grp_global_avg_pool_fu_384/grp_global_avg_pool_Pipeline_Write_Avg_fu_1533/mul_42s_31ns_73_1_1_U989/trunc_ln772_reg_2265_reg[38]_i_1_n_2
    SLICE_X40Y102        CARRY8 (Prop_CARRY8_SLICEM_CI_CO[7])
                                                      0.065     3.666 r  design_1_i/cnn_accel_top_0/inst/grp_global_avg_pool_fu_384/grp_global_avg_pool_Pipeline_Write_Avg_fu_1533/mul_42s_31ns_73_1_1_U989/mul_ln772_reg_2250_reg[47]_i_1/CO[7]
                         net (fo=1, routed)           0.030     3.696    design_1_i/cnn_accel_top_0/inst/grp_global_avg_pool_fu_384/grp_global_avg_pool_Pipeline_Write_Avg_fu_1533/mul_42s_31ns_73_1_1_U989/mul_ln772_reg_2250_reg[47]_i_1_n_2
    SLICE_X40Y103        CARRY8 (Prop_CARRY8_SLICEM_CI_CO[7])
                                                      0.065     3.761 r  design_1_i/cnn_accel_top_0/inst/grp_global_avg_pool_fu_384/grp_global_avg_pool_Pipeline_Write_Avg_fu_1533/mul_42s_31ns_73_1_1_U989/mul_ln772_reg_2250_reg[55]_i_1/CO[7]
                         net (fo=1, routed)           0.030     3.791    design_1_i/cnn_accel_top_0/inst/grp_global_avg_pool_fu_384/grp_global_avg_pool_Pipeline_Write_Avg_fu_1533/mul_42s_31ns_73_1_1_U989/mul_ln772_reg_2250_reg[55]_i_1_n_2
    SLICE_X40Y104        CARRY8 (Prop_CARRY8_SLICEM_CI_CO[7])
                                                      0.065     3.856 r  design_1_i/cnn_accel_top_0/inst/grp_global_avg_pool_fu_384/grp_global_avg_pool_Pipeline_Write_Avg_fu_1533/mul_42s_31ns_73_1_1_U989/mul_ln772_reg_2250_reg[56]_i_2/CO[7]
                         net (fo=1, routed)           0.030     3.886    design_1_i/cnn_accel_top_0/inst/grp_global_avg_pool_fu_384/grp_global_avg_pool_Pipeline_Write_Avg_fu_1533/mul_42s_31ns_73_1_1_U989/mul_ln772_reg_2250_reg[56]_i_2_n_2
    SLICE_X40Y105        CARRY8 (Prop_CARRY8_SLICEM_CI_O[2])
                                                      0.093     3.979 r  design_1_i/cnn_accel_top_0/inst/grp_global_avg_pool_fu_384/grp_global_avg_pool_Pipeline_Write_Avg_fu_1533/mul_42s_31ns_73_1_1_U989/tmp_7_reg_2275_reg[7]_i_1/O[2]
                         net (fo=1, routed)           0.034     4.013    design_1_i/cnn_accel_top_0/inst/grp_global_avg_pool_fu_384/grp_global_avg_pool_Pipeline_Write_Avg_fu_1533/p_0_in[8]
    SLICE_X40Y105        FDRE                                         r  design_1_i/cnn_accel_top_0/inst/grp_global_avg_pool_fu_384/grp_global_avg_pool_Pipeline_Write_Avg_fu_1533/tmp_7_reg_2275_reg[9]/D
  -------------------------------------------------------------------    -------------------

                         (clock clk_pl_0 rise edge)
                                                      0.000     0.000 r  
    PS8_X0Y0             PS8                          0.000     0.000 r  design_1_i/zynq_ps/inst/PS8_i/PLCLK[0]
                         net (fo=1, routed)           0.181     0.181    design_1_i/zynq_ps/inst/pl_clk_unbuffered[0]
    BUFG_PS_X0Y80        BUFG_PS (Prop_BUFG_PS_I_O)
                                                      0.035     0.216 r  design_1_i/zynq_ps/inst/buffer_pl_clk_0.PL_CLK_0_BUFG/O
    X1Y1 (CLOCK_ROOT)    net (fo=31682, routed)       2.822     3.038    design_1_i/cnn_accel_top_0/inst/grp_global_avg_pool_fu_384/grp_global_avg_pool_Pipeline_Write_Avg_fu_1533/ap_clk
    SLICE_X40Y105        FDRE                                         r  design_1_i/cnn_accel_top_0/inst/grp_global_avg_pool_fu_384/grp_global_avg_pool_Pipeline_Write_Avg_fu_1533/tmp_7_reg_2275_reg[9]/C

Slack:                    inf
  Source:                 design_1_i/cnn_accel_top_0/inst/grp_global_avg_pool_fu_384/grp_global_avg_pool_Pipeline_Write_Avg_fu_1533/mul_42s_31ns_73_1_1_U989/tmp_product__1/DSP_A_B_DATA_INST/A2_DATA[26]
                            (internal pin)
  Destination:            design_1_i/cnn_accel_top_0/inst/grp_global_avg_pool_fu_384/grp_global_avg_pool_Pipeline_Write_Avg_fu_1533/tmp_7_reg_2275_reg[6]/D
                            (rising edge-triggered cell FDRE clocked by clk_pl_0  {rise@0.000ns fall@3.500ns period=7.000ns})
  Path Group:             (none)
  Path Type:              Setup (Max at Slow Process Corner)
  Data Path Delay:        3.996ns  (logic 3.410ns (85.331%)  route 0.586ns (14.669%))
  Logic Levels:           14  (CARRY8=6 DSP_ALU=2 DSP_M_DATA=1 DSP_MULTIPLIER=1 DSP_OUTPUT=2 DSP_PREADD_DATA=1 LUT2=1)
  Clock Uncertainty:      0.140ns  ((TSJ^2 + DJ^2)^1/2) / 2 + PE
    Total System Jitter     (TSJ):    0.050ns
    Discrete Jitter          (DJ):    0.276ns
    Phase Error              (PE):    0.000ns
  Clock Net Delay (Destination): 2.708ns (routing 1.450ns, distribution 1.258ns)

    Location             Delay type                Incr(ns)  Path(ns)    Netlist Resource(s)
  -------------------------------------------------------------------    -------------------
    DSP48E2_X11Y39       DSP_A_B_DATA                 0.000     0.000 r  design_1_i/cnn_accel_top_0/inst/grp_global_avg_pool_fu_384/grp_global_avg_pool_Pipeline_Write_Avg_fu_1533/mul_42s_31ns_73_1_1_U989/tmp_product__1/DSP_A_B_DATA_INST/A2_DATA[26]
                         net (fo=1, routed)           0.000     0.000    design_1_i/cnn_accel_top_0/inst/grp_global_avg_pool_fu_384/grp_global_avg_pool_Pipeline_Write_Avg_fu_1533/mul_42s_31ns_73_1_1_U989/tmp_product__1/DSP_A_B_DATA.A2_DATA<26>
    DSP48E2_X11Y39       DSP_PREADD_DATA (Prop_DSP_PREADD_DATA_DSP48E2_A2_DATA[26]_A2A1[26])
                                                      0.114     0.114 r  design_1_i/cnn_accel_top_0/inst/grp_global_avg_pool_fu_384/grp_global_avg_pool_Pipeline_Write_Avg_fu_1533/mul_42s_31ns_73_1_1_U989/tmp_product__1/DSP_PREADD_DATA_INST/A2A1[26]
                         net (fo=1, routed)           0.000     0.114    design_1_i/cnn_accel_top_0/inst/grp_global_avg_pool_fu_384/grp_global_avg_pool_Pipeline_Write_Avg_fu_1533/mul_42s_31ns_73_1_1_U989/tmp_product__1/DSP_PREADD_DATA.A2A1<26>
    DSP48E2_X11Y39       DSP_MULTIPLIER (Prop_DSP_MULTIPLIER_DSP48E2_A2A1[26]_U[43])
                                                      0.700     0.814 f  design_1_i/cnn_accel_top_0/inst/grp_global_avg_pool_fu_384/grp_global_avg_pool_Pipeline_Write_Avg_fu_1533/mul_42s_31ns_73_1_1_U989/tmp_product__1/DSP_MULTIPLIER_INST/U[43]
                         net (fo=1, routed)           0.000     0.814    design_1_i/cnn_accel_top_0/inst/grp_global_avg_pool_fu_384/grp_global_avg_pool_Pipeline_Write_Avg_fu_1533/mul_42s_31ns_73_1_1_U989/tmp_product__1/DSP_MULTIPLIER.U<43>
    DSP48E2_X11Y39       DSP_M_DATA (Prop_DSP_M_DATA_DSP48E2_U[43]_U_DATA[43])
                                                      0.067     0.881 r  design_1_i/cnn_accel_top_0/inst/grp_global_avg_pool_fu_384/grp_global_avg_pool_Pipeline_Write_Avg_fu_1533/mul_42s_31ns_73_1_1_U989/tmp_product__1/DSP_M_DATA_INST/U_DATA[43]
                         net (fo=1, routed)           0.000     0.881    design_1_i/cnn_accel_top_0/inst/grp_global_avg_pool_fu_384/grp_global_avg_pool_Pipeline_Write_Avg_fu_1533/mul_42s_31ns_73_1_1_U989/tmp_product__1/DSP_M_DATA.U_DATA<43>
    DSP48E2_X11Y39       DSP_ALU (Prop_DSP_ALU_DSP48E2_U_DATA[43]_ALU_OUT[47])
                                                      0.727     1.608 f  design_1_i/cnn_accel_top_0/inst/grp_global_avg_pool_fu_384/grp_global_avg_pool_Pipeline_Write_Avg_fu_1533/mul_42s_31ns_73_1_1_U989/tmp_product__1/DSP_ALU_INST/ALU_OUT[47]
                         net (fo=1, routed)           0.000     1.608    design_1_i/cnn_accel_top_0/inst/grp_global_avg_pool_fu_384/grp_global_avg_pool_Pipeline_Write_Avg_fu_1533/mul_42s_31ns_73_1_1_U989/tmp_product__1/DSP_ALU.ALU_OUT<47>
    DSP48E2_X11Y39       DSP_OUTPUT (Prop_DSP_OUTPUT_DSP48E2_ALU_OUT[47]_PCOUT[47])
                                                      0.167     1.775 r  design_1_i/cnn_accel_top_0/inst/grp_global_avg_pool_fu_384/grp_global_avg_pool_Pipeline_Write_Avg_fu_1533/mul_42s_31ns_73_1_1_U989/tmp_product__1/DSP_OUTPUT_INST/PCOUT[47]
                         net (fo=1, routed)           0.038     1.813    design_1_i/cnn_accel_top_0/inst/grp_global_avg_pool_fu_384/grp_global_avg_pool_Pipeline_Write_Avg_fu_1533/mul_42s_31ns_73_1_1_U989/tmp_product__2/PCIN[47]
    DSP48E2_X11Y40       DSP_ALU (Prop_DSP_ALU_DSP48E2_PCIN[47]_ALU_OUT[3])
                                                      0.739     2.552 f  design_1_i/cnn_accel_top_0/inst/grp_global_avg_pool_fu_384/grp_global_avg_pool_Pipeline_Write_Avg_fu_1533/mul_42s_31ns_73_1_1_U989/tmp_product__2/DSP_ALU_INST/ALU_OUT[3]
                         net (fo=1, routed)           0.000     2.552    design_1_i/cnn_accel_top_0/inst/grp_global_avg_pool_fu_384/grp_global_avg_pool_Pipeline_Write_Avg_fu_1533/mul_42s_31ns_73_1_1_U989/tmp_product__2/DSP_ALU.ALU_OUT<3>
    DSP48E2_X11Y40       DSP_OUTPUT (Prop_DSP_OUTPUT_DSP48E2_ALU_OUT[3]_P[3])
                                                      0.146     2.698 r  design_1_i/cnn_accel_top_0/inst/grp_global_avg_pool_fu_384/grp_global_avg_pool_Pipeline_Write_Avg_fu_1533/mul_42s_31ns_73_1_1_U989/tmp_product__2/DSP_OUTPUT_INST/P[3]
                         net (fo=2, routed)           0.346     3.044    design_1_i/cnn_accel_top_0/inst/grp_global_avg_pool_fu_384/grp_global_avg_pool_Pipeline_Write_Avg_fu_1533/mul_42s_31ns_73_1_1_U989/tmp_product__2_n_104
    SLICE_X40Y99         LUT2 (Prop_E6LUT_SLICEM_I0_O)
                                                      0.083     3.127 r  design_1_i/cnn_accel_top_0/inst/grp_global_avg_pool_fu_384/grp_global_avg_pool_Pipeline_Write_Avg_fu_1533/mul_42s_31ns_73_1_1_U989/trunc_ln772_reg_2265[23]_i_5/O
                         net (fo=1, routed)           0.018     3.145    design_1_i/cnn_accel_top_0/inst/grp_global_avg_pool_fu_384/grp_global_avg_pool_Pipeline_Write_Avg_fu_1533/mul_42s_31ns_73_1_1_U989/trunc_ln772_reg_2265[23]_i_5_n_2
    SLICE_X40Y99         CARRY8 (Prop_CARRY8_SLICEM_S[4]_CO[7])
                                                      0.236     3.381 r  design_1_i/cnn_accel_top_0/inst/grp_global_avg_pool_fu_384/grp_global_avg_pool_Pipeline_Write_Avg_fu_1533/mul_42s_31ns_73_1_1_U989/trunc_ln772_reg_2265_reg[23]_i_1/CO[7]
                         net (fo=1, routed)           0.030     3.411    design_1_i/cnn_accel_top_0/inst/grp_global_avg_pool_fu_384/grp_global_avg_pool_Pipeline_Write_Avg_fu_1533/mul_42s_31ns_73_1_1_U989/trunc_ln772_reg_2265_reg[23]_i_1_n_2
    SLICE_X40Y100        CARRY8 (Prop_CARRY8_SLICEM_CI_CO[7])
                                                      0.065     3.476 r  design_1_i/cnn_accel_top_0/inst/grp_global_avg_pool_fu_384/grp_global_avg_pool_Pipeline_Write_Avg_fu_1533/mul_42s_31ns_73_1_1_U989/trunc_ln772_reg_2265_reg[31]_i_1/CO[7]
                         net (fo=1, routed)           0.030     3.506    design_1_i/cnn_accel_top_0/inst/grp_global_avg_pool_fu_384/grp_global_avg_pool_Pipeline_Write_Avg_fu_1533/mul_42s_31ns_73_1_1_U989/trunc_ln772_reg_2265_reg[31]_i_1_n_2
    SLICE_X40Y101        CARRY8 (Prop_CARRY8_SLICEM_CI_CO[7])
                                                      0.065     3.571 r  design_1_i/cnn_accel_top_0/inst/grp_global_avg_pool_fu_384/grp_global_avg_pool_Pipeline_Write_Avg_fu_1533/mul_42s_31ns_73_1_1_U989/trunc_ln772_reg_2265_reg[38]_i_1/CO[7]
                         net (fo=1, routed)           0.030     3.601    design_1_i/cnn_accel_top_0/inst/grp_global_avg_pool_fu_384/grp_global_avg_pool_Pipeline_Write_Avg_fu_1533/mul_42s_31ns_73_1_1_U989/trunc_ln772_reg_2265_reg[38]_i_1_n_2
    SLICE_X40Y102        CARRY8 (Prop_CARRY8_SLICEM_CI_CO[7])
                                                      0.065     3.666 r  design_1_i/cnn_accel_top_0/inst/grp_global_avg_pool_fu_384/grp_global_avg_pool_Pipeline_Write_Avg_fu_1533/mul_42s_31ns_73_1_1_U989/mul_ln772_reg_2250_reg[47]_i_1/CO[7]
                         net (fo=1, routed)           0.030     3.696    design_1_i/cnn_accel_top_0/inst/grp_global_avg_pool_fu_384/grp_global_avg_pool_Pipeline_Write_Avg_fu_1533/mul_42s_31ns_73_1_1_U989/mul_ln772_reg_2250_reg[47]_i_1_n_2
    SLICE_X40Y103        CARRY8 (Prop_CARRY8_SLICEM_CI_CO[7])
                                                      0.065     3.761 r  design_1_i/cnn_accel_top_0/inst/grp_global_avg_pool_fu_384/grp_global_avg_pool_Pipeline_Write_Avg_fu_1533/mul_42s_31ns_73_1_1_U989/mul_ln772_reg_2250_reg[55]_i_1/CO[7]
                         net (fo=1, routed)           0.030     3.791    design_1_i/cnn_accel_top_0/inst/grp_global_avg_pool_fu_384/grp_global_avg_pool_Pipeline_Write_Avg_fu_1533/mul_42s_31ns_73_1_1_U989/mul_ln772_reg_2250_reg[55]_i_1_n_2
    SLICE_X40Y104        CARRY8 (Prop_CARRY8_SLICEM_CI_O[7])
                                                      0.171     3.962 r  design_1_i/cnn_accel_top_0/inst/grp_global_avg_pool_fu_384/grp_global_avg_pool_Pipeline_Write_Avg_fu_1533/mul_42s_31ns_73_1_1_U989/mul_ln772_reg_2250_reg[56]_i_2/O[7]
                         net (fo=1, routed)           0.034     3.996    design_1_i/cnn_accel_top_0/inst/grp_global_avg_pool_fu_384/grp_global_avg_pool_Pipeline_Write_Avg_fu_1533/p_0_in[5]
    SLICE_X40Y104        FDRE                                         r  design_1_i/cnn_accel_top_0/inst/grp_global_avg_pool_fu_384/grp_global_avg_pool_Pipeline_Write_Avg_fu_1533/tmp_7_reg_2275_reg[6]/D
  -------------------------------------------------------------------    -------------------

                         (clock clk_pl_0 rise edge)
                                                      0.000     0.000 r  
    PS8_X0Y0             PS8                          0.000     0.000 r  design_1_i/zynq_ps/inst/PS8_i/PLCLK[0]
                         net (fo=1, routed)           0.181     0.181    design_1_i/zynq_ps/inst/pl_clk_unbuffered[0]
    BUFG_PS_X0Y80        BUFG_PS (Prop_BUFG_PS_I_O)
                                                      0.035     0.216 r  design_1_i/zynq_ps/inst/buffer_pl_clk_0.PL_CLK_0_BUFG/O
    X1Y1 (CLOCK_ROOT)    net (fo=31682, routed)       2.708     2.924    design_1_i/cnn_accel_top_0/inst/grp_global_avg_pool_fu_384/grp_global_avg_pool_Pipeline_Write_Avg_fu_1533/ap_clk
    SLICE_X40Y104        FDRE                                         r  design_1_i/cnn_accel_top_0/inst/grp_global_avg_pool_fu_384/grp_global_avg_pool_Pipeline_Write_Avg_fu_1533/tmp_7_reg_2275_reg[6]/C

Slack:                    inf
  Source:                 design_1_i/cnn_accel_top_0/inst/grp_global_avg_pool_fu_384/grp_global_avg_pool_Pipeline_Write_Avg_fu_1533/mul_42s_31ns_73_1_1_U989/tmp_product__1/DSP_A_B_DATA_INST/A2_DATA[26]
                            (internal pin)
  Destination:            design_1_i/cnn_accel_top_0/inst/grp_global_avg_pool_fu_384/grp_global_avg_pool_Pipeline_Write_Avg_fu_1533/tmp_7_reg_2275_reg[7]/D
                            (rising edge-triggered cell FDRE clocked by clk_pl_0  {rise@0.000ns fall@3.500ns period=7.000ns})
  Path Group:             (none)
  Path Type:              Setup (Max at Slow Process Corner)
  Data Path Delay:        3.996ns  (logic 3.382ns (84.631%)  route 0.614ns (15.369%))
  Logic Levels:           15  (CARRY8=7 DSP_ALU=2 DSP_M_DATA=1 DSP_MULTIPLIER=1 DSP_OUTPUT=2 DSP_PREADD_DATA=1 LUT2=1)
  Clock Uncertainty:      0.140ns  ((TSJ^2 + DJ^2)^1/2) / 2 + PE
    Total System Jitter     (TSJ):    0.050ns
    Discrete Jitter          (DJ):    0.276ns
    Phase Error              (PE):    0.000ns
  Clock Net Delay (Destination): 2.822ns (routing 1.450ns, distribution 1.372ns)

    Location             Delay type                Incr(ns)  Path(ns)    Netlist Resource(s)
  -------------------------------------------------------------------    -------------------
    DSP48E2_X11Y39       DSP_A_B_DATA                 0.000     0.000 r  design_1_i/cnn_accel_top_0/inst/grp_global_avg_pool_fu_384/grp_global_avg_pool_Pipeline_Write_Avg_fu_1533/mul_42s_31ns_73_1_1_U989/tmp_product__1/DSP_A_B_DATA_INST/A2_DATA[26]
                         net (fo=1, routed)           0.000     0.000    design_1_i/cnn_accel_top_0/inst/grp_global_avg_pool_fu_384/grp_global_avg_pool_Pipeline_Write_Avg_fu_1533/mul_42s_31ns_73_1_1_U989/tmp_product__1/DSP_A_B_DATA.A2_DATA<26>
    DSP48E2_X11Y39       DSP_PREADD_DATA (Prop_DSP_PREADD_DATA_DSP48E2_A2_DATA[26]_A2A1[26])
                                                      0.114     0.114 r  design_1_i/cnn_accel_top_0/inst/grp_global_avg_pool_fu_384/grp_global_avg_pool_Pipeline_Write_Avg_fu_1533/mul_42s_31ns_73_1_1_U989/tmp_product__1/DSP_PREADD_DATA_INST/A2A1[26]
                         net (fo=1, routed)           0.000     0.114    design_1_i/cnn_accel_top_0/inst/grp_global_avg_pool_fu_384/grp_global_avg_pool_Pipeline_Write_Avg_fu_1533/mul_42s_31ns_73_1_1_U989/tmp_product__1/DSP_PREADD_DATA.A2A1<26>
    DSP48E2_X11Y39       DSP_MULTIPLIER (Prop_DSP_MULTIPLIER_DSP48E2_A2A1[26]_U[43])
                                                      0.700     0.814 f  design_1_i/cnn_accel_top_0/inst/grp_global_avg_pool_fu_384/grp_global_avg_pool_Pipeline_Write_Avg_fu_1533/mul_42s_31ns_73_1_1_U989/tmp_product__1/DSP_MULTIPLIER_INST/U[43]
                         net (fo=1, routed)           0.000     0.814    design_1_i/cnn_accel_top_0/inst/grp_global_avg_pool_fu_384/grp_global_avg_pool_Pipeline_Write_Avg_fu_1533/mul_42s_31ns_73_1_1_U989/tmp_product__1/DSP_MULTIPLIER.U<43>
    DSP48E2_X11Y39       DSP_M_DATA (Prop_DSP_M_DATA_DSP48E2_U[43]_U_DATA[43])
                                                      0.067     0.881 r  design_1_i/cnn_accel_top_0/inst/grp_global_avg_pool_fu_384/grp_global_avg_pool_Pipeline_Write_Avg_fu_1533/mul_42s_31ns_73_1_1_U989/tmp_product__1/DSP_M_DATA_INST/U_DATA[43]
                         net (fo=1, routed)           0.000     0.881    design_1_i/cnn_accel_top_0/inst/grp_global_avg_pool_fu_384/grp_global_avg_pool_Pipeline_Write_Avg_fu_1533/mul_42s_31ns_73_1_1_U989/tmp_product__1/DSP_M_DATA.U_DATA<43>
    DSP48E2_X11Y39       DSP_ALU (Prop_DSP_ALU_DSP48E2_U_DATA[43]_ALU_OUT[47])
                                                      0.727     1.608 f  design_1_i/cnn_accel_top_0/inst/grp_global_avg_pool_fu_384/grp_global_avg_pool_Pipeline_Write_Avg_fu_1533/mul_42s_31ns_73_1_1_U989/tmp_product__1/DSP_ALU_INST/ALU_OUT[47]
                         net (fo=1, routed)           0.000     1.608    design_1_i/cnn_accel_top_0/inst/grp_global_avg_pool_fu_384/grp_global_avg_pool_Pipeline_Write_Avg_fu_1533/mul_42s_31ns_73_1_1_U989/tmp_product__1/DSP_ALU.ALU_OUT<47>
    DSP48E2_X11Y39       DSP_OUTPUT (Prop_DSP_OUTPUT_DSP48E2_ALU_OUT[47]_PCOUT[47])
                                                      0.167     1.775 r  design_1_i/cnn_accel_top_0/inst/grp_global_avg_pool_fu_384/grp_global_avg_pool_Pipeline_Write_Avg_fu_1533/mul_42s_31ns_73_1_1_U989/tmp_product__1/DSP_OUTPUT_INST/PCOUT[47]
                         net (fo=1, routed)           0.038     1.813    design_1_i/cnn_accel_top_0/inst/grp_global_avg_pool_fu_384/grp_global_avg_pool_Pipeline_Write_Avg_fu_1533/mul_42s_31ns_73_1_1_U989/tmp_product__2/PCIN[47]
    DSP48E2_X11Y40       DSP_ALU (Prop_DSP_ALU_DSP48E2_PCIN[47]_ALU_OUT[3])
                                                      0.739     2.552 f  design_1_i/cnn_accel_top_0/inst/grp_global_avg_pool_fu_384/grp_global_avg_pool_Pipeline_Write_Avg_fu_1533/mul_42s_31ns_73_1_1_U989/tmp_product__2/DSP_ALU_INST/ALU_OUT[3]
                         net (fo=1, routed)           0.000     2.552    design_1_i/cnn_accel_top_0/inst/grp_global_avg_pool_fu_384/grp_global_avg_pool_Pipeline_Write_Avg_fu_1533/mul_42s_31ns_73_1_1_U989/tmp_product__2/DSP_ALU.ALU_OUT<3>
    DSP48E2_X11Y40       DSP_OUTPUT (Prop_DSP_OUTPUT_DSP48E2_ALU_OUT[3]_P[3])
                                                      0.146     2.698 r  design_1_i/cnn_accel_top_0/inst/grp_global_avg_pool_fu_384/grp_global_avg_pool_Pipeline_Write_Avg_fu_1533/mul_42s_31ns_73_1_1_U989/tmp_product__2/DSP_OUTPUT_INST/P[3]
                         net (fo=2, routed)           0.346     3.044    design_1_i/cnn_accel_top_0/inst/grp_global_avg_pool_fu_384/grp_global_avg_pool_Pipeline_Write_Avg_fu_1533/mul_42s_31ns_73_1_1_U989/tmp_product__2_n_104
    SLICE_X40Y99         LUT2 (Prop_E6LUT_SLICEM_I0_O)
                                                      0.083     3.127 r  design_1_i/cnn_accel_top_0/inst/grp_global_avg_pool_fu_384/grp_global_avg_pool_Pipeline_Write_Avg_fu_1533/mul_42s_31ns_73_1_1_U989/trunc_ln772_reg_2265[23]_i_5/O
                         net (fo=1, routed)           0.018     3.145    design_1_i/cnn_accel_top_0/inst/grp_global_avg_pool_fu_384/grp_global_avg_pool_Pipeline_Write_Avg_fu_1533/mul_42s_31ns_73_1_1_U989/trunc_ln772_reg_2265[23]_i_5_n_2
    SLICE_X40Y99         CARRY8 (Prop_CARRY8_SLICEM_S[4]_CO[7])
                                                      0.236     3.381 r  design_1_i/cnn_accel_top_0/inst/grp_global_avg_pool_fu_384/grp_global_avg_pool_Pipeline_Write_Avg_fu_1533/mul_42s_31ns_73_1_1_U989/trunc_ln772_reg_2265_reg[23]_i_1/CO[7]
                         net (fo=1, routed)           0.030     3.411    design_1_i/cnn_accel_top_0/inst/grp_global_avg_pool_fu_384/grp_global_avg_pool_Pipeline_Write_Avg_fu_1533/mul_42s_31ns_73_1_1_U989/trunc_ln772_reg_2265_reg[23]_i_1_n_2
    SLICE_X40Y100        CARRY8 (Prop_CARRY8_SLICEM_CI_CO[7])
                                                      0.065     3.476 r  design_1_i/cnn_accel_top_0/inst/grp_global_avg_pool_fu_384/grp_global_avg_pool_Pipeline_Write_Avg_fu_1533/mul_42s_31ns_73_1_1_U989/trunc_ln772_reg_2265_reg[31]_i_1/CO[7]
                         net (fo=1, routed)           0.030     3.506    design_1_i/cnn_accel_top_0/inst/grp_global_avg_pool_fu_384/grp_global_avg_pool_Pipeline_Write_Avg_fu_1533/mul_42s_31ns_73_1_1_U989/trunc_ln772_reg_2265_reg[31]_i_1_n_2
    SLICE_X40Y101        CARRY8 (Prop_CARRY8_SLICEM_CI_CO[7])
                                                      0.065     3.571 r  design_1_i/cnn_accel_top_0/inst/grp_global_avg_pool_fu_384/grp_global_avg_pool_Pipeline_Write_Avg_fu_1533/mul_42s_31ns_73_1_1_U989/trunc_ln772_reg_2265_reg[38]_i_1/CO[7]
                         net (fo=1, routed)           0.030     3.601    design_1_i/cnn_accel_top_0/inst/grp_global_avg_pool_fu_384/grp_global_avg_pool_Pipeline_Write_Avg_fu_1533/mul_42s_31ns_73_1_1_U989/trunc_ln772_reg_2265_reg[38]_i_1_n_2
    SLICE_X40Y102        CARRY8 (Prop_CARRY8_SLICEM_CI_CO[7])
                                                      0.065     3.666 r  design_1_i/cnn_accel_top_0/inst/grp_global_avg_pool_fu_384/grp_global_avg_pool_Pipeline_Write_Avg_fu_1533/mul_42s_31ns_73_1_1_U989/mul_ln772_reg_2250_reg[47]_i_1/CO[7]
                         net (fo=1, routed)           0.030     3.696    design_1_i/cnn_accel_top_0/inst/grp_global_avg_pool_fu_384/grp_global_avg_pool_Pipeline_Write_Avg_fu_1533/mul_42s_31ns_73_1_1_U989/mul_ln772_reg_2250_reg[47]_i_1_n_2
    SLICE_X40Y103        CARRY8 (Prop_CARRY8_SLICEM_CI_CO[7])
                                                      0.065     3.761 r  design_1_i/cnn_accel_top_0/inst/grp_global_avg_pool_fu_384/grp_global_avg_pool_Pipeline_Write_Avg_fu_1533/mul_42s_31ns_73_1_1_U989/mul_ln772_reg_2250_reg[55]_i_1/CO[7]
                         net (fo=1, routed)           0.030     3.791    design_1_i/cnn_accel_top_0/inst/grp_global_avg_pool_fu_384/grp_global_avg_pool_Pipeline_Write_Avg_fu_1533/mul_42s_31ns_73_1_1_U989/mul_ln772_reg_2250_reg[55]_i_1_n_2
    SLICE_X40Y104        CARRY8 (Prop_CARRY8_SLICEM_CI_CO[7])
                                                      0.065     3.856 r  design_1_i/cnn_accel_top_0/inst/grp_global_avg_pool_fu_384/grp_global_avg_pool_Pipeline_Write_Avg_fu_1533/mul_42s_31ns_73_1_1_U989/mul_ln772_reg_2250_reg[56]_i_2/CO[7]
                         net (fo=1, routed)           0.030     3.886    design_1_i/cnn_accel_top_0/inst/grp_global_avg_pool_fu_384/grp_global_avg_pool_Pipeline_Write_Avg_fu_1533/mul_42s_31ns_73_1_1_U989/mul_ln772_reg_2250_reg[56]_i_2_n_2
    SLICE_X40Y105        CARRY8 (Prop_CARRY8_SLICEM_CI_O[0])
                                                      0.078     3.964 r  design_1_i/cnn_accel_top_0/inst/grp_global_avg_pool_fu_384/grp_global_avg_pool_Pipeline_Write_Avg_fu_1533/mul_42s_31ns_73_1_1_U989/tmp_7_reg_2275_reg[7]_i_1/O[0]
                         net (fo=1, routed)           0.032     3.996    design_1_i/cnn_accel_top_0/inst/grp_global_avg_pool_fu_384/grp_global_avg_pool_Pipeline_Write_Avg_fu_1533/p_0_in[6]
    SLICE_X40Y105        FDRE                                         r  design_1_i/cnn_accel_top_0/inst/grp_global_avg_pool_fu_384/grp_global_avg_pool_Pipeline_Write_Avg_fu_1533/tmp_7_reg_2275_reg[7]/D
  -------------------------------------------------------------------    -------------------

                         (clock clk_pl_0 rise edge)
                                                      0.000     0.000 r  
    PS8_X0Y0             PS8                          0.000     0.000 r  design_1_i/zynq_ps/inst/PS8_i/PLCLK[0]
                         net (fo=1, routed)           0.181     0.181    design_1_i/zynq_ps/inst/pl_clk_unbuffered[0]
    BUFG_PS_X0Y80        BUFG_PS (Prop_BUFG_PS_I_O)
                                                      0.035     0.216 r  design_1_i/zynq_ps/inst/buffer_pl_clk_0.PL_CLK_0_BUFG/O
    X1Y1 (CLOCK_ROOT)    net (fo=31682, routed)       2.822     3.038    design_1_i/cnn_accel_top_0/inst/grp_global_avg_pool_fu_384/grp_global_avg_pool_Pipeline_Write_Avg_fu_1533/ap_clk
    SLICE_X40Y105        FDRE                                         r  design_1_i/cnn_accel_top_0/inst/grp_global_avg_pool_fu_384/grp_global_avg_pool_Pipeline_Write_Avg_fu_1533/tmp_7_reg_2275_reg[7]/C





Min Delay Paths
--------------------------------------------------------------------------------------
Slack:                    inf
  Source:                 design_1_i/cnn_accel_top_0/inst/grp_dataflow_parent_loop_proc2_fu_316/dataflow_parent_loop_proc_U0/dataflow_in_loop_Row_Loop_1_U0/load_line_buffer3_U0/mul_64ns_8ns_71_1_1_U114/tmp_product/DSP_A_B_DATA_INST/A2_DATA[15]
                            (internal pin)
  Destination:            design_1_i/cnn_accel_top_0/inst/grp_dataflow_parent_loop_proc2_fu_316/dataflow_parent_loop_proc_U0/dataflow_in_loop_Row_Loop_1_U0/load_line_buffer3_U0/bound5_reg_1138_reg[16]/D
                            (rising edge-triggered cell FDRE clocked by clk_pl_0  {rise@0.000ns fall@3.500ns period=7.000ns})
  Path Group:             (none)
  Path Type:              Hold (Min at Fast Process Corner)
  Data Path Delay:        0.357ns  (logic 0.269ns (75.350%)  route 0.088ns (24.650%))
  Logic Levels:           5  (DSP_ALU=1 DSP_M_DATA=1 DSP_MULTIPLIER=1 DSP_OUTPUT=1 DSP_PREADD_DATA=1)
  Clock Uncertainty:      0.140ns  ((TSJ^2 + DJ^2)^1/2) / 2 + PE
    Total System Jitter     (TSJ):    0.050ns
    Discrete Jitter          (DJ):    0.276ns
    Phase Error              (PE):    0.000ns
  Clock Net Delay (Destination): 1.760ns (routing 0.971ns, distribution 0.789ns)

    Location             Delay type                Incr(ns)  Path(ns)    Netlist Resource(s)
  -------------------------------------------------------------------    -------------------
    DSP48E2_X8Y3         DSP_A_B_DATA                 0.000     0.000 r  design_1_i/cnn_accel_top_0/inst/grp_dataflow_parent_loop_proc2_fu_316/dataflow_parent_loop_proc_U0/dataflow_in_loop_Row_Loop_1_U0/load_line_buffer3_U0/mul_64ns_8ns_71_1_1_U114/tmp_product/DSP_A_B_DATA_INST/A2_DATA[15]
                         net (fo=1, routed)           0.000     0.000    design_1_i/cnn_accel_top_0/inst/grp_dataflow_parent_loop_proc2_fu_316/dataflow_parent_loop_proc_U0/dataflow_in_loop_Row_Loop_1_U0/load_line_buffer3_U0/mul_64ns_8ns_71_1_1_U114/tmp_product/DSP_A_B_DATA.A2_DATA<15>
    DSP48E2_X8Y3         DSP_PREADD_DATA (Prop_DSP_PREADD_DATA_DSP48E2_A2_DATA[15]_A2A1[15])
                                                      0.021     0.021 r  design_1_i/cnn_accel_top_0/inst/grp_dataflow_parent_loop_proc2_fu_316/dataflow_parent_loop_proc_U0/dataflow_in_loop_Row_Loop_1_U0/load_line_buffer3_U0/mul_64ns_8ns_71_1_1_U114/tmp_product/DSP_PREADD_DATA_INST/A2A1[15]
                         net (fo=1, routed)           0.000     0.021    design_1_i/cnn_accel_top_0/inst/grp_dataflow_parent_loop_proc2_fu_316/dataflow_parent_loop_proc_U0/dataflow_in_loop_Row_Loop_1_U0/load_line_buffer3_U0/mul_64ns_8ns_71_1_1_U114/tmp_product/DSP_PREADD_DATA.A2A1<15>
    DSP48E2_X8Y3         DSP_MULTIPLIER (Prop_DSP_MULTIPLIER_DSP48E2_A2A1[15]_U[16])
                                                      0.074     0.095 f  design_1_i/cnn_accel_top_0/inst/grp_dataflow_parent_loop_proc2_fu_316/dataflow_parent_loop_proc_U0/dataflow_in_loop_Row_Loop_1_U0/load_line_buffer3_U0/mul_64ns_8ns_71_1_1_U114/tmp_product/DSP_MULTIPLIER_INST/U[16]
                         net (fo=1, routed)           0.000     0.095    design_1_i/cnn_accel_top_0/inst/grp_dataflow_parent_loop_proc2_fu_316/dataflow_parent_loop_proc_U0/dataflow_in_loop_Row_Loop_1_U0/load_line_buffer3_U0/mul_64ns_8ns_71_1_1_U114/tmp_product/DSP_MULTIPLIER.U<16>
    DSP48E2_X8Y3         DSP_M_DATA (Prop_DSP_M_DATA_DSP48E2_U[16]_U_DATA[16])
                                                      0.014     0.109 r  design_1_i/cnn_accel_top_0/inst/grp_dataflow_parent_loop_proc2_fu_316/dataflow_parent_loop_proc_U0/dataflow_in_loop_Row_Loop_1_U0/load_line_buffer3_U0/mul_64ns_8ns_71_1_1_U114/tmp_product/DSP_M_DATA_INST/U_DATA[16]
                         net (fo=1, routed)           0.000     0.109    design_1_i/cnn_accel_top_0/inst/grp_dataflow_parent_loop_proc2_fu_316/dataflow_parent_loop_proc_U0/dataflow_in_loop_Row_Loop_1_U0/load_line_buffer3_U0/mul_64ns_8ns_71_1_1_U114/tmp_product/DSP_M_DATA.U_DATA<16>
    DSP48E2_X8Y3         DSP_ALU (Prop_DSP_ALU_DSP48E2_U_DATA[16]_ALU_OUT[16])
                                                      0.127     0.236 f  design_1_i/cnn_accel_top_0/inst/grp_dataflow_parent_loop_proc2_fu_316/dataflow_parent_loop_proc_U0/dataflow_in_loop_Row_Loop_1_U0/load_line_buffer3_U0/mul_64ns_8ns_71_1_1_U114/tmp_product/DSP_ALU_INST/ALU_OUT[16]
                         net (fo=1, routed)           0.000     0.236    design_1_i/cnn_accel_top_0/inst/grp_dataflow_parent_loop_proc2_fu_316/dataflow_parent_loop_proc_U0/dataflow_in_loop_Row_Loop_1_U0/load_line_buffer3_U0/mul_64ns_8ns_71_1_1_U114/tmp_product/DSP_ALU.ALU_OUT<16>
    DSP48E2_X8Y3         DSP_OUTPUT (Prop_DSP_OUTPUT_DSP48E2_ALU_OUT[16]_P[16])
                                                      0.033     0.269 r  design_1_i/cnn_accel_top_0/inst/grp_dataflow_parent_loop_proc2_fu_316/dataflow_parent_loop_proc_U0/dataflow_in_loop_Row_Loop_1_U0/load_line_buffer3_U0/mul_64ns_8ns_71_1_1_U114/tmp_product/DSP_OUTPUT_INST/P[16]
                         net (fo=1, routed)           0.088     0.357    design_1_i/cnn_accel_top_0/inst/grp_dataflow_parent_loop_proc2_fu_316/dataflow_parent_loop_proc_U0/dataflow_in_loop_Row_Loop_1_U0/load_line_buffer3_U0/mul_64ns_8ns_71_1_1_U114_n_32
    SLICE_X33Y7          FDRE                                         r  design_1_i/cnn_accel_top_0/inst/grp_dataflow_parent_loop_proc2_fu_316/dataflow_parent_loop_proc_U0/dataflow_in_loop_Row_Loop_1_U0/load_line_buffer3_U0/bound5_reg_1138_reg[16]/D
  -------------------------------------------------------------------    -------------------

                         (clock clk_pl_0 rise edge)
                                                      0.000     0.000 r  
    PS8_X0Y0             PS8                          0.000     0.000 r  design_1_i/zynq_ps/inst/PS8_i/PLCLK[0]
                         net (fo=1, routed)           0.164     0.164    design_1_i/zynq_ps/inst/pl_clk_unbuffered[0]
    BUFG_PS_X0Y80        BUFG_PS (Prop_BUFG_PS_I_O)
                                                      0.023     0.187 r  design_1_i/zynq_ps/inst/buffer_pl_clk_0.PL_CLK_0_BUFG/O
    X1Y1 (CLOCK_ROOT)    net (fo=31682, routed)       1.760     1.947    design_1_i/cnn_accel_top_0/inst/grp_dataflow_parent_loop_proc2_fu_316/dataflow_parent_loop_proc_U0/dataflow_in_loop_Row_Loop_1_U0/load_line_buffer3_U0/ap_clk
    SLICE_X33Y7          FDRE                                         r  design_1_i/cnn_accel_top_0/inst/grp_dataflow_parent_loop_proc2_fu_316/dataflow_parent_loop_proc_U0/dataflow_in_loop_Row_Loop_1_U0/load_line_buffer3_U0/bound5_reg_1138_reg[16]/C

Slack:                    inf
  Source:                 design_1_i/cnn_accel_top_0/inst/grp_dataflow_parent_loop_proc2_fu_316/dataflow_parent_loop_proc_U0/dataflow_in_loop_Row_Loop_1_U0/load_line_buffer3_U0/mul_64ns_8ns_71_1_1_U114/tmp_product/DSP_A_B_DATA_INST/A2_DATA[14]
                            (internal pin)
  Destination:            design_1_i/cnn_accel_top_0/inst/grp_dataflow_parent_loop_proc2_fu_316/dataflow_parent_loop_proc_U0/dataflow_in_loop_Row_Loop_1_U0/load_line_buffer3_U0/bound5_reg_1138_reg[15]/D
                            (rising edge-triggered cell FDRE clocked by clk_pl_0  {rise@0.000ns fall@3.500ns period=7.000ns})
  Path Group:             (none)
  Path Type:              Hold (Min at Fast Process Corner)
  Data Path Delay:        0.366ns  (logic 0.269ns (73.497%)  route 0.097ns (26.503%))
  Logic Levels:           5  (DSP_ALU=1 DSP_M_DATA=1 DSP_MULTIPLIER=1 DSP_OUTPUT=1 DSP_PREADD_DATA=1)
  Clock Uncertainty:      0.140ns  ((TSJ^2 + DJ^2)^1/2) / 2 + PE
    Total System Jitter     (TSJ):    0.050ns
    Discrete Jitter          (DJ):    0.276ns
    Phase Error              (PE):    0.000ns
  Clock Net Delay (Destination): 1.764ns (routing 0.971ns, distribution 0.793ns)

    Location             Delay type                Incr(ns)  Path(ns)    Netlist Resource(s)
  -------------------------------------------------------------------    -------------------
    DSP48E2_X8Y3         DSP_A_B_DATA                 0.000     0.000 r  design_1_i/cnn_accel_top_0/inst/grp_dataflow_parent_loop_proc2_fu_316/dataflow_parent_loop_proc_U0/dataflow_in_loop_Row_Loop_1_U0/load_line_buffer3_U0/mul_64ns_8ns_71_1_1_U114/tmp_product/DSP_A_B_DATA_INST/A2_DATA[14]
                         net (fo=1, routed)           0.000     0.000    design_1_i/cnn_accel_top_0/inst/grp_dataflow_parent_loop_proc2_fu_316/dataflow_parent_loop_proc_U0/dataflow_in_loop_Row_Loop_1_U0/load_line_buffer3_U0/mul_64ns_8ns_71_1_1_U114/tmp_product/DSP_A_B_DATA.A2_DATA<14>
    DSP48E2_X8Y3         DSP_PREADD_DATA (Prop_DSP_PREADD_DATA_DSP48E2_A2_DATA[14]_A2A1[14])
                                                      0.021     0.021 r  design_1_i/cnn_accel_top_0/inst/grp_dataflow_parent_loop_proc2_fu_316/dataflow_parent_loop_proc_U0/dataflow_in_loop_Row_Loop_1_U0/load_line_buffer3_U0/mul_64ns_8ns_71_1_1_U114/tmp_product/DSP_PREADD_DATA_INST/A2A1[14]
                         net (fo=1, routed)           0.000     0.021    design_1_i/cnn_accel_top_0/inst/grp_dataflow_parent_loop_proc2_fu_316/dataflow_parent_loop_proc_U0/dataflow_in_loop_Row_Loop_1_U0/load_line_buffer3_U0/mul_64ns_8ns_71_1_1_U114/tmp_product/DSP_PREADD_DATA.A2A1<14>
    DSP48E2_X8Y3         DSP_MULTIPLIER (Prop_DSP_MULTIPLIER_DSP48E2_A2A1[14]_U[15])
                                                      0.074     0.095 f  design_1_i/cnn_accel_top_0/inst/grp_dataflow_parent_loop_proc2_fu_316/dataflow_parent_loop_proc_U0/dataflow_in_loop_Row_Loop_1_U0/load_line_buffer3_U0/mul_64ns_8ns_71_1_1_U114/tmp_product/DSP_MULTIPLIER_INST/U[15]
                         net (fo=1, routed)           0.000     0.095    design_1_i/cnn_accel_top_0/inst/grp_dataflow_parent_loop_proc2_fu_316/dataflow_parent_loop_proc_U0/dataflow_in_loop_Row_Loop_1_U0/load_line_buffer3_U0/mul_64ns_8ns_71_1_1_U114/tmp_product/DSP_MULTIPLIER.U<15>
    DSP48E2_X8Y3         DSP_M_DATA (Prop_DSP_M_DATA_DSP48E2_U[15]_U_DATA[15])
                                                      0.014     0.109 r  design_1_i/cnn_accel_top_0/inst/grp_dataflow_parent_loop_proc2_fu_316/dataflow_parent_loop_proc_U0/dataflow_in_loop_Row_Loop_1_U0/load_line_buffer3_U0/mul_64ns_8ns_71_1_1_U114/tmp_product/DSP_M_DATA_INST/U_DATA[15]
                         net (fo=1, routed)           0.000     0.109    design_1_i/cnn_accel_top_0/inst/grp_dataflow_parent_loop_proc2_fu_316/dataflow_parent_loop_proc_U0/dataflow_in_loop_Row_Loop_1_U0/load_line_buffer3_U0/mul_64ns_8ns_71_1_1_U114/tmp_product/DSP_M_DATA.U_DATA<15>
    DSP48E2_X8Y3         DSP_ALU (Prop_DSP_ALU_DSP48E2_U_DATA[15]_ALU_OUT[15])
                                                      0.127     0.236 f  design_1_i/cnn_accel_top_0/inst/grp_dataflow_parent_loop_proc2_fu_316/dataflow_parent_loop_proc_U0/dataflow_in_loop_Row_Loop_1_U0/load_line_buffer3_U0/mul_64ns_8ns_71_1_1_U114/tmp_product/DSP_ALU_INST/ALU_OUT[15]
                         net (fo=1, routed)           0.000     0.236    design_1_i/cnn_accel_top_0/inst/grp_dataflow_parent_loop_proc2_fu_316/dataflow_parent_loop_proc_U0/dataflow_in_loop_Row_Loop_1_U0/load_line_buffer3_U0/mul_64ns_8ns_71_1_1_U114/tmp_product/DSP_ALU.ALU_OUT<15>
    DSP48E2_X8Y3         DSP_OUTPUT (Prop_DSP_OUTPUT_DSP48E2_ALU_OUT[15]_P[15])
                                                      0.033     0.269 r  design_1_i/cnn_accel_top_0/inst/grp_dataflow_parent_loop_proc2_fu_316/dataflow_parent_loop_proc_U0/dataflow_in_loop_Row_Loop_1_U0/load_line_buffer3_U0/mul_64ns_8ns_71_1_1_U114/tmp_product/DSP_OUTPUT_INST/P[15]
                         net (fo=1, routed)           0.097     0.366    design_1_i/cnn_accel_top_0/inst/grp_dataflow_parent_loop_proc2_fu_316/dataflow_parent_loop_proc_U0/dataflow_in_loop_Row_Loop_1_U0/load_line_buffer3_U0/mul_64ns_8ns_71_1_1_U114_n_33
    SLICE_X33Y7          FDRE                                         r  design_1_i/cnn_accel_top_0/inst/grp_dataflow_parent_loop_proc2_fu_316/dataflow_parent_loop_proc_U0/dataflow_in_loop_Row_Loop_1_U0/load_line_buffer3_U0/bound5_reg_1138_reg[15]/D
  -------------------------------------------------------------------    -------------------

                         (clock clk_pl_0 rise edge)
                                                      0.000     0.000 r  
    PS8_X0Y0             PS8                          0.000     0.000 r  design_1_i/zynq_ps/inst/PS8_i/PLCLK[0]
                         net (fo=1, routed)           0.164     0.164    design_1_i/zynq_ps/inst/pl_clk_unbuffered[0]
    BUFG_PS_X0Y80        BUFG_PS (Prop_BUFG_PS_I_O)
                                                      0.023     0.187 r  design_1_i/zynq_ps/inst/buffer_pl_clk_0.PL_CLK_0_BUFG/O
    X1Y1 (CLOCK_ROOT)    net (fo=31682, routed)       1.764     1.951    design_1_i/cnn_accel_top_0/inst/grp_dataflow_parent_loop_proc2_fu_316/dataflow_parent_loop_proc_U0/dataflow_in_loop_Row_Loop_1_U0/load_line_buffer3_U0/ap_clk
    SLICE_X33Y7          FDRE                                         r  design_1_i/cnn_accel_top_0/inst/grp_dataflow_parent_loop_proc2_fu_316/dataflow_parent_loop_proc_U0/dataflow_in_loop_Row_Loop_1_U0/load_line_buffer3_U0/bound5_reg_1138_reg[15]/C

Slack:                    inf
  Source:                 design_1_i/cnn_accel_top_0/inst/grp_dataflow_parent_loop_proc2_fu_316/dataflow_parent_loop_proc_U0/dataflow_in_loop_Row_Loop_1_U0/load_line_buffer3_U0/mul_64ns_8ns_71_1_1_U114/tmp_product/DSP_A_B_DATA_INST/A2_DATA[3]
                            (internal pin)
  Destination:            design_1_i/cnn_accel_top_0/inst/grp_dataflow_parent_loop_proc2_fu_316/dataflow_parent_loop_proc_U0/dataflow_in_loop_Row_Loop_1_U0/load_line_buffer3_U0/bound5_reg_1138_reg[4]/D
                            (rising edge-triggered cell FDRE clocked by clk_pl_0  {rise@0.000ns fall@3.500ns period=7.000ns})
  Path Group:             (none)
  Path Type:              Hold (Min at Fast Process Corner)
  Data Path Delay:        0.373ns  (logic 0.269ns (72.118%)  route 0.104ns (27.882%))
  Logic Levels:           5  (DSP_ALU=1 DSP_M_DATA=1 DSP_MULTIPLIER=1 DSP_OUTPUT=1 DSP_PREADD_DATA=1)
  Clock Uncertainty:      0.140ns  ((TSJ^2 + DJ^2)^1/2) / 2 + PE
    Total System Jitter     (TSJ):    0.050ns
    Discrete Jitter          (DJ):    0.276ns
    Phase Error              (PE):    0.000ns
  Clock Net Delay (Destination): 1.764ns (routing 0.971ns, distribution 0.793ns)

    Location             Delay type                Incr(ns)  Path(ns)    Netlist Resource(s)
  -------------------------------------------------------------------    -------------------
    DSP48E2_X8Y3         DSP_A_B_DATA                 0.000     0.000 r  design_1_i/cnn_accel_top_0/inst/grp_dataflow_parent_loop_proc2_fu_316/dataflow_parent_loop_proc_U0/dataflow_in_loop_Row_Loop_1_U0/load_line_buffer3_U0/mul_64ns_8ns_71_1_1_U114/tmp_product/DSP_A_B_DATA_INST/A2_DATA[3]
                         net (fo=1, routed)           0.000     0.000    design_1_i/cnn_accel_top_0/inst/grp_dataflow_parent_loop_proc2_fu_316/dataflow_parent_loop_proc_U0/dataflow_in_loop_Row_Loop_1_U0/load_line_buffer3_U0/mul_64ns_8ns_71_1_1_U114/tmp_product/DSP_A_B_DATA.A2_DATA<3>
    DSP48E2_X8Y3         DSP_PREADD_DATA (Prop_DSP_PREADD_DATA_DSP48E2_A2_DATA[3]_A2A1[3])
                                                      0.021     0.021 r  design_1_i/cnn_accel_top_0/inst/grp_dataflow_parent_loop_proc2_fu_316/dataflow_parent_loop_proc_U0/dataflow_in_loop_Row_Loop_1_U0/load_line_buffer3_U0/mul_64ns_8ns_71_1_1_U114/tmp_product/DSP_PREADD_DATA_INST/A2A1[3]
                         net (fo=1, routed)           0.000     0.021    design_1_i/cnn_accel_top_0/inst/grp_dataflow_parent_loop_proc2_fu_316/dataflow_parent_loop_proc_U0/dataflow_in_loop_Row_Loop_1_U0/load_line_buffer3_U0/mul_64ns_8ns_71_1_1_U114/tmp_product/DSP_PREADD_DATA.A2A1<3>
    DSP48E2_X8Y3         DSP_MULTIPLIER (Prop_DSP_MULTIPLIER_DSP48E2_A2A1[3]_U[4])
                                                      0.074     0.095 f  design_1_i/cnn_accel_top_0/inst/grp_dataflow_parent_loop_proc2_fu_316/dataflow_parent_loop_proc_U0/dataflow_in_loop_Row_Loop_1_U0/load_line_buffer3_U0/mul_64ns_8ns_71_1_1_U114/tmp_product/DSP_MULTIPLIER_INST/U[4]
                         net (fo=1, routed)           0.000     0.095    design_1_i/cnn_accel_top_0/inst/grp_dataflow_parent_loop_proc2_fu_316/dataflow_parent_loop_proc_U0/dataflow_in_loop_Row_Loop_1_U0/load_line_buffer3_U0/mul_64ns_8ns_71_1_1_U114/tmp_product/DSP_MULTIPLIER.U<4>
    DSP48E2_X8Y3         DSP_M_DATA (Prop_DSP_M_DATA_DSP48E2_U[4]_U_DATA[4])
                                                      0.014     0.109 r  design_1_i/cnn_accel_top_0/inst/grp_dataflow_parent_loop_proc2_fu_316/dataflow_parent_loop_proc_U0/dataflow_in_loop_Row_Loop_1_U0/load_line_buffer3_U0/mul_64ns_8ns_71_1_1_U114/tmp_product/DSP_M_DATA_INST/U_DATA[4]
                         net (fo=1, routed)           0.000     0.109    design_1_i/cnn_accel_top_0/inst/grp_dataflow_parent_loop_proc2_fu_316/dataflow_parent_loop_proc_U0/dataflow_in_loop_Row_Loop_1_U0/load_line_buffer3_U0/mul_64ns_8ns_71_1_1_U114/tmp_product/DSP_M_DATA.U_DATA<4>
    DSP48E2_X8Y3         DSP_ALU (Prop_DSP_ALU_DSP48E2_U_DATA[4]_ALU_OUT[4])
                                                      0.127     0.236 f  design_1_i/cnn_accel_top_0/inst/grp_dataflow_parent_loop_proc2_fu_316/dataflow_parent_loop_proc_U0/dataflow_in_loop_Row_Loop_1_U0/load_line_buffer3_U0/mul_64ns_8ns_71_1_1_U114/tmp_product/DSP_ALU_INST/ALU_OUT[4]
                         net (fo=1, routed)           0.000     0.236    design_1_i/cnn_accel_top_0/inst/grp_dataflow_parent_loop_proc2_fu_316/dataflow_parent_loop_proc_U0/dataflow_in_loop_Row_Loop_1_U0/load_line_buffer3_U0/mul_64ns_8ns_71_1_1_U114/tmp_product/DSP_ALU.ALU_OUT<4>
    DSP48E2_X8Y3         DSP_OUTPUT (Prop_DSP_OUTPUT_DSP48E2_ALU_OUT[4]_P[4])
                                                      0.033     0.269 r  design_1_i/cnn_accel_top_0/inst/grp_dataflow_parent_loop_proc2_fu_316/dataflow_parent_loop_proc_U0/dataflow_in_loop_Row_Loop_1_U0/load_line_buffer3_U0/mul_64ns_8ns_71_1_1_U114/tmp_product/DSP_OUTPUT_INST/P[4]
                         net (fo=1, routed)           0.104     0.373    design_1_i/cnn_accel_top_0/inst/grp_dataflow_parent_loop_proc2_fu_316/dataflow_parent_loop_proc_U0/dataflow_in_loop_Row_Loop_1_U0/load_line_buffer3_U0/mul_64ns_8ns_71_1_1_U114_n_44
    SLICE_X33Y7          FDRE                                         r  design_1_i/cnn_accel_top_0/inst/grp_dataflow_parent_loop_proc2_fu_316/dataflow_parent_loop_proc_U0/dataflow_in_loop_Row_Loop_1_U0/load_line_buffer3_U0/bound5_reg_1138_reg[4]/D
  -------------------------------------------------------------------    -------------------

                         (clock clk_pl_0 rise edge)
                                                      0.000     0.000 r  
    PS8_X0Y0             PS8                          0.000     0.000 r  design_1_i/zynq_ps/inst/PS8_i/PLCLK[0]
                         net (fo=1, routed)           0.164     0.164    design_1_i/zynq_ps/inst/pl_clk_unbuffered[0]
    BUFG_PS_X0Y80        BUFG_PS (Prop_BUFG_PS_I_O)
                                                      0.023     0.187 r  design_1_i/zynq_ps/inst/buffer_pl_clk_0.PL_CLK_0_BUFG/O
    X1Y1 (CLOCK_ROOT)    net (fo=31682, routed)       1.764     1.951    design_1_i/cnn_accel_top_0/inst/grp_dataflow_parent_loop_proc2_fu_316/dataflow_parent_loop_proc_U0/dataflow_in_loop_Row_Loop_1_U0/load_line_buffer3_U0/ap_clk
    SLICE_X33Y7          FDRE                                         r  design_1_i/cnn_accel_top_0/inst/grp_dataflow_parent_loop_proc2_fu_316/dataflow_parent_loop_proc_U0/dataflow_in_loop_Row_Loop_1_U0/load_line_buffer3_U0/bound5_reg_1138_reg[4]/C

Slack:                    inf
  Source:                 design_1_i/cnn_accel_top_0/inst/grp_dataflow_parent_loop_proc2_fu_316/dataflow_parent_loop_proc_U0/dataflow_in_loop_Row_Loop_1_U0/load_line_buffer3_U0/mul_64ns_8ns_71_1_1_U114/tmp_product/DSP_A_B_DATA_INST/A2_DATA[2]
                            (internal pin)
  Destination:            design_1_i/cnn_accel_top_0/inst/grp_dataflow_parent_loop_proc2_fu_316/dataflow_parent_loop_proc_U0/dataflow_in_loop_Row_Loop_1_U0/load_line_buffer3_U0/bound5_reg_1138_reg[2]/D
                            (rising edge-triggered cell FDRE clocked by clk_pl_0  {rise@0.000ns fall@3.500ns period=7.000ns})
  Path Group:             (none)
  Path Type:              Hold (Min at Fast Process Corner)
  Data Path Delay:        0.377ns  (logic 0.269ns (71.353%)  route 0.108ns (28.647%))
  Logic Levels:           5  (DSP_ALU=1 DSP_M_DATA=1 DSP_MULTIPLIER=1 DSP_OUTPUT=1 DSP_PREADD_DATA=1)
  Clock Uncertainty:      0.140ns  ((TSJ^2 + DJ^2)^1/2) / 2 + PE
    Total System Jitter     (TSJ):    0.050ns
    Discrete Jitter          (DJ):    0.276ns
    Phase Error              (PE):    0.000ns
  Clock Net Delay (Destination): 1.764ns (routing 0.971ns, distribution 0.793ns)

    Location             Delay type                Incr(ns)  Path(ns)    Netlist Resource(s)
  -------------------------------------------------------------------    -------------------
    DSP48E2_X8Y3         DSP_A_B_DATA                 0.000     0.000 r  design_1_i/cnn_accel_top_0/inst/grp_dataflow_parent_loop_proc2_fu_316/dataflow_parent_loop_proc_U0/dataflow_in_loop_Row_Loop_1_U0/load_line_buffer3_U0/mul_64ns_8ns_71_1_1_U114/tmp_product/DSP_A_B_DATA_INST/A2_DATA[2]
                         net (fo=1, routed)           0.000     0.000    design_1_i/cnn_accel_top_0/inst/grp_dataflow_parent_loop_proc2_fu_316/dataflow_parent_loop_proc_U0/dataflow_in_loop_Row_Loop_1_U0/load_line_buffer3_U0/mul_64ns_8ns_71_1_1_U114/tmp_product/DSP_A_B_DATA.A2_DATA<2>
    DSP48E2_X8Y3         DSP_PREADD_DATA (Prop_DSP_PREADD_DATA_DSP48E2_A2_DATA[2]_A2A1[2])
                                                      0.021     0.021 r  design_1_i/cnn_accel_top_0/inst/grp_dataflow_parent_loop_proc2_fu_316/dataflow_parent_loop_proc_U0/dataflow_in_loop_Row_Loop_1_U0/load_line_buffer3_U0/mul_64ns_8ns_71_1_1_U114/tmp_product/DSP_PREADD_DATA_INST/A2A1[2]
                         net (fo=1, routed)           0.000     0.021    design_1_i/cnn_accel_top_0/inst/grp_dataflow_parent_loop_proc2_fu_316/dataflow_parent_loop_proc_U0/dataflow_in_loop_Row_Loop_1_U0/load_line_buffer3_U0/mul_64ns_8ns_71_1_1_U114/tmp_product/DSP_PREADD_DATA.A2A1<2>
    DSP48E2_X8Y3         DSP_MULTIPLIER (Prop_DSP_MULTIPLIER_DSP48E2_A2A1[2]_U[2])
                                                      0.074     0.095 f  design_1_i/cnn_accel_top_0/inst/grp_dataflow_parent_loop_proc2_fu_316/dataflow_parent_loop_proc_U0/dataflow_in_loop_Row_Loop_1_U0/load_line_buffer3_U0/mul_64ns_8ns_71_1_1_U114/tmp_product/DSP_MULTIPLIER_INST/U[2]
                         net (fo=1, routed)           0.000     0.095    design_1_i/cnn_accel_top_0/inst/grp_dataflow_parent_loop_proc2_fu_316/dataflow_parent_loop_proc_U0/dataflow_in_loop_Row_Loop_1_U0/load_line_buffer3_U0/mul_64ns_8ns_71_1_1_U114/tmp_product/DSP_MULTIPLIER.U<2>
    DSP48E2_X8Y3         DSP_M_DATA (Prop_DSP_M_DATA_DSP48E2_U[2]_U_DATA[2])
                                                      0.014     0.109 r  design_1_i/cnn_accel_top_0/inst/grp_dataflow_parent_loop_proc2_fu_316/dataflow_parent_loop_proc_U0/dataflow_in_loop_Row_Loop_1_U0/load_line_buffer3_U0/mul_64ns_8ns_71_1_1_U114/tmp_product/DSP_M_DATA_INST/U_DATA[2]
                         net (fo=1, routed)           0.000     0.109    design_1_i/cnn_accel_top_0/inst/grp_dataflow_parent_loop_proc2_fu_316/dataflow_parent_loop_proc_U0/dataflow_in_loop_Row_Loop_1_U0/load_line_buffer3_U0/mul_64ns_8ns_71_1_1_U114/tmp_product/DSP_M_DATA.U_DATA<2>
    DSP48E2_X8Y3         DSP_ALU (Prop_DSP_ALU_DSP48E2_U_DATA[2]_ALU_OUT[2])
                                                      0.127     0.236 f  design_1_i/cnn_accel_top_0/inst/grp_dataflow_parent_loop_proc2_fu_316/dataflow_parent_loop_proc_U0/dataflow_in_loop_Row_Loop_1_U0/load_line_buffer3_U0/mul_64ns_8ns_71_1_1_U114/tmp_product/DSP_ALU_INST/ALU_OUT[2]
                         net (fo=1, routed)           0.000     0.236    design_1_i/cnn_accel_top_0/inst/grp_dataflow_parent_loop_proc2_fu_316/dataflow_parent_loop_proc_U0/dataflow_in_loop_Row_Loop_1_U0/load_line_buffer3_U0/mul_64ns_8ns_71_1_1_U114/tmp_product/DSP_ALU.ALU_OUT<2>
    DSP48E2_X8Y3         DSP_OUTPUT (Prop_DSP_OUTPUT_DSP48E2_ALU_OUT[2]_P[2])
                                                      0.033     0.269 r  design_1_i/cnn_accel_top_0/inst/grp_dataflow_parent_loop_proc2_fu_316/dataflow_parent_loop_proc_U0/dataflow_in_loop_Row_Loop_1_U0/load_line_buffer3_U0/mul_64ns_8ns_71_1_1_U114/tmp_product/DSP_OUTPUT_INST/P[2]
                         net (fo=1, routed)           0.108     0.377    design_1_i/cnn_accel_top_0/inst/grp_dataflow_parent_loop_proc2_fu_316/dataflow_parent_loop_proc_U0/dataflow_in_loop_Row_Loop_1_U0/load_line_buffer3_U0/mul_64ns_8ns_71_1_1_U114_n_46
    SLICE_X33Y7          FDRE                                         r  design_1_i/cnn_accel_top_0/inst/grp_dataflow_parent_loop_proc2_fu_316/dataflow_parent_loop_proc_U0/dataflow_in_loop_Row_Loop_1_U0/load_line_buffer3_U0/bound5_reg_1138_reg[2]/D
  -------------------------------------------------------------------    -------------------

                         (clock clk_pl_0 rise edge)
                                                      0.000     0.000 r  
    PS8_X0Y0             PS8                          0.000     0.000 r  design_1_i/zynq_ps/inst/PS8_i/PLCLK[0]
                         net (fo=1, routed)           0.164     0.164    design_1_i/zynq_ps/inst/pl_clk_unbuffered[0]
    BUFG_PS_X0Y80        BUFG_PS (Prop_BUFG_PS_I_O)
                                                      0.023     0.187 r  design_1_i/zynq_ps/inst/buffer_pl_clk_0.PL_CLK_0_BUFG/O
    X1Y1 (CLOCK_ROOT)    net (fo=31682, routed)       1.764     1.951    design_1_i/cnn_accel_top_0/inst/grp_dataflow_parent_loop_proc2_fu_316/dataflow_parent_loop_proc_U0/dataflow_in_loop_Row_Loop_1_U0/load_line_buffer3_U0/ap_clk
    SLICE_X33Y7          FDRE                                         r  design_1_i/cnn_accel_top_0/inst/grp_dataflow_parent_loop_proc2_fu_316/dataflow_parent_loop_proc_U0/dataflow_in_loop_Row_Loop_1_U0/load_line_buffer3_U0/bound5_reg_1138_reg[2]/C

Slack:                    inf
  Source:                 design_1_i/cnn_accel_top_0/inst/grp_dataflow_parent_loop_proc2_fu_316/dataflow_parent_loop_proc_U0/dataflow_in_loop_Row_Loop_1_U0/load_line_buffer3_U0/mul_64ns_8ns_71_1_1_U114/tmp_product/DSP_A_B_DATA_INST/A2_DATA[13]
                            (internal pin)
  Destination:            design_1_i/cnn_accel_top_0/inst/grp_dataflow_parent_loop_proc2_fu_316/dataflow_parent_loop_proc_U0/dataflow_in_loop_Row_Loop_1_U0/load_line_buffer3_U0/bound5_reg_1138_reg[14]/D
                            (rising edge-triggered cell FDRE clocked by clk_pl_0  {rise@0.000ns fall@3.500ns period=7.000ns})
  Path Group:             (none)
  Path Type:              Hold (Min at Fast Process Corner)
  Data Path Delay:        0.378ns  (logic 0.269ns (71.164%)  route 0.109ns (28.836%))
  Logic Levels:           5  (DSP_ALU=1 DSP_M_DATA=1 DSP_MULTIPLIER=1 DSP_OUTPUT=1 DSP_PREADD_DATA=1)
  Clock Uncertainty:      0.140ns  ((TSJ^2 + DJ^2)^1/2) / 2 + PE
    Total System Jitter     (TSJ):    0.050ns
    Discrete Jitter          (DJ):    0.276ns
    Phase Error              (PE):    0.000ns
  Clock Net Delay (Destination): 1.759ns (routing 0.971ns, distribution 0.788ns)

    Location             Delay type                Incr(ns)  Path(ns)    Netlist Resource(s)
  -------------------------------------------------------------------    -------------------
    DSP48E2_X8Y3         DSP_A_B_DATA                 0.000     0.000 r  design_1_i/cnn_accel_top_0/inst/grp_dataflow_parent_loop_proc2_fu_316/dataflow_parent_loop_proc_U0/dataflow_in_loop_Row_Loop_1_U0/load_line_buffer3_U0/mul_64ns_8ns_71_1_1_U114/tmp_product/DSP_A_B_DATA_INST/A2_DATA[13]
                         net (fo=1, routed)           0.000     0.000    design_1_i/cnn_accel_top_0/inst/grp_dataflow_parent_loop_proc2_fu_316/dataflow_parent_loop_proc_U0/dataflow_in_loop_Row_Loop_1_U0/load_line_buffer3_U0/mul_64ns_8ns_71_1_1_U114/tmp_product/DSP_A_B_DATA.A2_DATA<13>
    DSP48E2_X8Y3         DSP_PREADD_DATA (Prop_DSP_PREADD_DATA_DSP48E2_A2_DATA[13]_A2A1[13])
                                                      0.021     0.021 r  design_1_i/cnn_accel_top_0/inst/grp_dataflow_parent_loop_proc2_fu_316/dataflow_parent_loop_proc_U0/dataflow_in_loop_Row_Loop_1_U0/load_line_buffer3_U0/mul_64ns_8ns_71_1_1_U114/tmp_product/DSP_PREADD_DATA_INST/A2A1[13]
                         net (fo=1, routed)           0.000     0.021    design_1_i/cnn_accel_top_0/inst/grp_dataflow_parent_loop_proc2_fu_316/dataflow_parent_loop_proc_U0/dataflow_in_loop_Row_Loop_1_U0/load_line_buffer3_U0/mul_64ns_8ns_71_1_1_U114/tmp_product/DSP_PREADD_DATA.A2A1<13>
    DSP48E2_X8Y3         DSP_MULTIPLIER (Prop_DSP_MULTIPLIER_DSP48E2_A2A1[13]_U[14])
                                                      0.074     0.095 f  design_1_i/cnn_accel_top_0/inst/grp_dataflow_parent_loop_proc2_fu_316/dataflow_parent_loop_proc_U0/dataflow_in_loop_Row_Loop_1_U0/load_line_buffer3_U0/mul_64ns_8ns_71_1_1_U114/tmp_product/DSP_MULTIPLIER_INST/U[14]
                         net (fo=1, routed)           0.000     0.095    design_1_i/cnn_accel_top_0/inst/grp_dataflow_parent_loop_proc2_fu_316/dataflow_parent_loop_proc_U0/dataflow_in_loop_Row_Loop_1_U0/load_line_buffer3_U0/mul_64ns_8ns_71_1_1_U114/tmp_product/DSP_MULTIPLIER.U<14>
    DSP48E2_X8Y3         DSP_M_DATA (Prop_DSP_M_DATA_DSP48E2_U[14]_U_DATA[14])
                                                      0.014     0.109 r  design_1_i/cnn_accel_top_0/inst/grp_dataflow_parent_loop_proc2_fu_316/dataflow_parent_loop_proc_U0/dataflow_in_loop_Row_Loop_1_U0/load_line_buffer3_U0/mul_64ns_8ns_71_1_1_U114/tmp_product/DSP_M_DATA_INST/U_DATA[14]
                         net (fo=1, routed)           0.000     0.109    design_1_i/cnn_accel_top_0/inst/grp_dataflow_parent_loop_proc2_fu_316/dataflow_parent_loop_proc_U0/dataflow_in_loop_Row_Loop_1_U0/load_line_buffer3_U0/mul_64ns_8ns_71_1_1_U114/tmp_product/DSP_M_DATA.U_DATA<14>
    DSP48E2_X8Y3         DSP_ALU (Prop_DSP_ALU_DSP48E2_U_DATA[14]_ALU_OUT[14])
                                                      0.127     0.236 f  design_1_i/cnn_accel_top_0/inst/grp_dataflow_parent_loop_proc2_fu_316/dataflow_parent_loop_proc_U0/dataflow_in_loop_Row_Loop_1_U0/load_line_buffer3_U0/mul_64ns_8ns_71_1_1_U114/tmp_product/DSP_ALU_INST/ALU_OUT[14]
                         net (fo=1, routed)           0.000     0.236    design_1_i/cnn_accel_top_0/inst/grp_dataflow_parent_loop_proc2_fu_316/dataflow_parent_loop_proc_U0/dataflow_in_loop_Row_Loop_1_U0/load_line_buffer3_U0/mul_64ns_8ns_71_1_1_U114/tmp_product/DSP_ALU.ALU_OUT<14>
    DSP48E2_X8Y3         DSP_OUTPUT (Prop_DSP_OUTPUT_DSP48E2_ALU_OUT[14]_P[14])
                                                      0.033     0.269 r  design_1_i/cnn_accel_top_0/inst/grp_dataflow_parent_loop_proc2_fu_316/dataflow_parent_loop_proc_U0/dataflow_in_loop_Row_Loop_1_U0/load_line_buffer3_U0/mul_64ns_8ns_71_1_1_U114/tmp_product/DSP_OUTPUT_INST/P[14]
                         net (fo=1, routed)           0.109     0.378    design_1_i/cnn_accel_top_0/inst/grp_dataflow_parent_loop_proc2_fu_316/dataflow_parent_loop_proc_U0/dataflow_in_loop_Row_Loop_1_U0/load_line_buffer3_U0/mul_64ns_8ns_71_1_1_U114_n_34
    SLICE_X33Y8          FDRE                                         r  design_1_i/cnn_accel_top_0/inst/grp_dataflow_parent_loop_proc2_fu_316/dataflow_parent_loop_proc_U0/dataflow_in_loop_Row_Loop_1_U0/load_line_buffer3_U0/bound5_reg_1138_reg[14]/D
  -------------------------------------------------------------------    -------------------

                         (clock clk_pl_0 rise edge)
                                                      0.000     0.000 r  
    PS8_X0Y0             PS8                          0.000     0.000 r  design_1_i/zynq_ps/inst/PS8_i/PLCLK[0]
                         net (fo=1, routed)           0.164     0.164    design_1_i/zynq_ps/inst/pl_clk_unbuffered[0]
    BUFG_PS_X0Y80        BUFG_PS (Prop_BUFG_PS_I_O)
                                                      0.023     0.187 r  design_1_i/zynq_ps/inst/buffer_pl_clk_0.PL_CLK_0_BUFG/O
    X1Y1 (CLOCK_ROOT)    net (fo=31682, routed)       1.759     1.946    design_1_i/cnn_accel_top_0/inst/grp_dataflow_parent_loop_proc2_fu_316/dataflow_parent_loop_proc_U0/dataflow_in_loop_Row_Loop_1_U0/load_line_buffer3_U0/ap_clk
    SLICE_X33Y8          FDRE                                         r  design_1_i/cnn_accel_top_0/inst/grp_dataflow_parent_loop_proc2_fu_316/dataflow_parent_loop_proc_U0/dataflow_in_loop_Row_Loop_1_U0/load_line_buffer3_U0/bound5_reg_1138_reg[14]/C

Slack:                    inf
  Source:                 design_1_i/cnn_accel_top_0/inst/grp_dataflow_parent_loop_proc2_fu_316/dataflow_parent_loop_proc_U0/dataflow_in_loop_Row_Loop_1_U0/load_line_buffer3_U0/mul_64ns_8ns_71_1_1_U114/tmp_product/DSP_A_B_DATA_INST/A2_DATA[7]
                            (internal pin)
  Destination:            design_1_i/cnn_accel_top_0/inst/grp_dataflow_parent_loop_proc2_fu_316/dataflow_parent_loop_proc_U0/dataflow_in_loop_Row_Loop_1_U0/load_line_buffer3_U0/bound5_reg_1138_reg[8]/D
                            (rising edge-triggered cell FDRE clocked by clk_pl_0  {rise@0.000ns fall@3.500ns period=7.000ns})
  Path Group:             (none)
  Path Type:              Hold (Min at Fast Process Corner)
  Data Path Delay:        0.378ns  (logic 0.269ns (71.164%)  route 0.109ns (28.836%))
  Logic Levels:           5  (DSP_ALU=1 DSP_M_DATA=1 DSP_MULTIPLIER=1 DSP_OUTPUT=1 DSP_PREADD_DATA=1)
  Clock Uncertainty:      0.140ns  ((TSJ^2 + DJ^2)^1/2) / 2 + PE
    Total System Jitter     (TSJ):    0.050ns
    Discrete Jitter          (DJ):    0.276ns
    Phase Error              (PE):    0.000ns
  Clock Net Delay (Destination): 1.760ns (routing 0.971ns, distribution 0.789ns)

    Location             Delay type                Incr(ns)  Path(ns)    Netlist Resource(s)
  -------------------------------------------------------------------    -------------------
    DSP48E2_X8Y3         DSP_A_B_DATA                 0.000     0.000 r  design_1_i/cnn_accel_top_0/inst/grp_dataflow_parent_loop_proc2_fu_316/dataflow_parent_loop_proc_U0/dataflow_in_loop_Row_Loop_1_U0/load_line_buffer3_U0/mul_64ns_8ns_71_1_1_U114/tmp_product/DSP_A_B_DATA_INST/A2_DATA[7]
                         net (fo=1, routed)           0.000     0.000    design_1_i/cnn_accel_top_0/inst/grp_dataflow_parent_loop_proc2_fu_316/dataflow_parent_loop_proc_U0/dataflow_in_loop_Row_Loop_1_U0/load_line_buffer3_U0/mul_64ns_8ns_71_1_1_U114/tmp_product/DSP_A_B_DATA.A2_DATA<7>
    DSP48E2_X8Y3         DSP_PREADD_DATA (Prop_DSP_PREADD_DATA_DSP48E2_A2_DATA[7]_A2A1[7])
                                                      0.021     0.021 r  design_1_i/cnn_accel_top_0/inst/grp_dataflow_parent_loop_proc2_fu_316/dataflow_parent_loop_proc_U0/dataflow_in_loop_Row_Loop_1_U0/load_line_buffer3_U0/mul_64ns_8ns_71_1_1_U114/tmp_product/DSP_PREADD_DATA_INST/A2A1[7]
                         net (fo=1, routed)           0.000     0.021    design_1_i/cnn_accel_top_0/inst/grp_dataflow_parent_loop_proc2_fu_316/dataflow_parent_loop_proc_U0/dataflow_in_loop_Row_Loop_1_U0/load_line_buffer3_U0/mul_64ns_8ns_71_1_1_U114/tmp_product/DSP_PREADD_DATA.A2A1<7>
    DSP48E2_X8Y3         DSP_MULTIPLIER (Prop_DSP_MULTIPLIER_DSP48E2_A2A1[7]_U[8])
                                                      0.074     0.095 f  design_1_i/cnn_accel_top_0/inst/grp_dataflow_parent_loop_proc2_fu_316/dataflow_parent_loop_proc_U0/dataflow_in_loop_Row_Loop_1_U0/load_line_buffer3_U0/mul_64ns_8ns_71_1_1_U114/tmp_product/DSP_MULTIPLIER_INST/U[8]
                         net (fo=1, routed)           0.000     0.095    design_1_i/cnn_accel_top_0/inst/grp_dataflow_parent_loop_proc2_fu_316/dataflow_parent_loop_proc_U0/dataflow_in_loop_Row_Loop_1_U0/load_line_buffer3_U0/mul_64ns_8ns_71_1_1_U114/tmp_product/DSP_MULTIPLIER.U<8>
    DSP48E2_X8Y3         DSP_M_DATA (Prop_DSP_M_DATA_DSP48E2_U[8]_U_DATA[8])
                                                      0.014     0.109 r  design_1_i/cnn_accel_top_0/inst/grp_dataflow_parent_loop_proc2_fu_316/dataflow_parent_loop_proc_U0/dataflow_in_loop_Row_Loop_1_U0/load_line_buffer3_U0/mul_64ns_8ns_71_1_1_U114/tmp_product/DSP_M_DATA_INST/U_DATA[8]
                         net (fo=1, routed)           0.000     0.109    design_1_i/cnn_accel_top_0/inst/grp_dataflow_parent_loop_proc2_fu_316/dataflow_parent_loop_proc_U0/dataflow_in_loop_Row_Loop_1_U0/load_line_buffer3_U0/mul_64ns_8ns_71_1_1_U114/tmp_product/DSP_M_DATA.U_DATA<8>
    DSP48E2_X8Y3         DSP_ALU (Prop_DSP_ALU_DSP48E2_U_DATA[8]_ALU_OUT[8])
                                                      0.127     0.236 f  design_1_i/cnn_accel_top_0/inst/grp_dataflow_parent_loop_proc2_fu_316/dataflow_parent_loop_proc_U0/dataflow_in_loop_Row_Loop_1_U0/load_line_buffer3_U0/mul_64ns_8ns_71_1_1_U114/tmp_product/DSP_ALU_INST/ALU_OUT[8]
                         net (fo=1, routed)           0.000     0.236    design_1_i/cnn_accel_top_0/inst/grp_dataflow_parent_loop_proc2_fu_316/dataflow_parent_loop_proc_U0/dataflow_in_loop_Row_Loop_1_U0/load_line_buffer3_U0/mul_64ns_8ns_71_1_1_U114/tmp_product/DSP_ALU.ALU_OUT<8>
    DSP48E2_X8Y3         DSP_OUTPUT (Prop_DSP_OUTPUT_DSP48E2_ALU_OUT[8]_P[8])
                                                      0.033     0.269 r  design_1_i/cnn_accel_top_0/inst/grp_dataflow_parent_loop_proc2_fu_316/dataflow_parent_loop_proc_U0/dataflow_in_loop_Row_Loop_1_U0/load_line_buffer3_U0/mul_64ns_8ns_71_1_1_U114/tmp_product/DSP_OUTPUT_INST/P[8]
                         net (fo=1, routed)           0.109     0.378    design_1_i/cnn_accel_top_0/inst/grp_dataflow_parent_loop_proc2_fu_316/dataflow_parent_loop_proc_U0/dataflow_in_loop_Row_Loop_1_U0/load_line_buffer3_U0/mul_64ns_8ns_71_1_1_U114_n_40
    SLICE_X33Y7          FDRE                                         r  design_1_i/cnn_accel_top_0/inst/grp_dataflow_parent_loop_proc2_fu_316/dataflow_parent_loop_proc_U0/dataflow_in_loop_Row_Loop_1_U0/load_line_buffer3_U0/bound5_reg_1138_reg[8]/D
  -------------------------------------------------------------------    -------------------

                         (clock clk_pl_0 rise edge)
                                                      0.000     0.000 r  
    PS8_X0Y0             PS8                          0.000     0.000 r  design_1_i/zynq_ps/inst/PS8_i/PLCLK[0]
                         net (fo=1, routed)           0.164     0.164    design_1_i/zynq_ps/inst/pl_clk_unbuffered[0]
    BUFG_PS_X0Y80        BUFG_PS (Prop_BUFG_PS_I_O)
                                                      0.023     0.187 r  design_1_i/zynq_ps/inst/buffer_pl_clk_0.PL_CLK_0_BUFG/O
    X1Y1 (CLOCK_ROOT)    net (fo=31682, routed)       1.760     1.947    design_1_i/cnn_accel_top_0/inst/grp_dataflow_parent_loop_proc2_fu_316/dataflow_parent_loop_proc_U0/dataflow_in_loop_Row_Loop_1_U0/load_line_buffer3_U0/ap_clk
    SLICE_X33Y7          FDRE                                         r  design_1_i/cnn_accel_top_0/inst/grp_dataflow_parent_loop_proc2_fu_316/dataflow_parent_loop_proc_U0/dataflow_in_loop_Row_Loop_1_U0/load_line_buffer3_U0/bound5_reg_1138_reg[8]/C

Slack:                    inf
  Source:                 design_1_i/cnn_accel_top_0/inst/grp_dataflow_parent_loop_proc2_fu_316/dataflow_parent_loop_proc_U0/dataflow_in_loop_Row_Loop_1_U0/load_line_buffer3_U0/mul_64ns_8ns_71_1_1_U114/tmp_product/DSP_A_B_DATA_INST/A2_DATA[5]
                            (internal pin)
  Destination:            design_1_i/cnn_accel_top_0/inst/grp_dataflow_parent_loop_proc2_fu_316/dataflow_parent_loop_proc_U0/dataflow_in_loop_Row_Loop_1_U0/load_line_buffer3_U0/bound5_reg_1138_reg[6]/D
                            (rising edge-triggered cell FDRE clocked by clk_pl_0  {rise@0.000ns fall@3.500ns period=7.000ns})
  Path Group:             (none)
  Path Type:              Hold (Min at Fast Process Corner)
  Data Path Delay:        0.383ns  (logic 0.269ns (70.235%)  route 0.114ns (29.765%))
  Logic Levels:           5  (DSP_ALU=1 DSP_M_DATA=1 DSP_MULTIPLIER=1 DSP_OUTPUT=1 DSP_PREADD_DATA=1)
  Clock Uncertainty:      0.140ns  ((TSJ^2 + DJ^2)^1/2) / 2 + PE
    Total System Jitter     (TSJ):    0.050ns
    Discrete Jitter          (DJ):    0.276ns
    Phase Error              (PE):    0.000ns
  Clock Net Delay (Destination): 1.764ns (routing 0.971ns, distribution 0.793ns)

    Location             Delay type                Incr(ns)  Path(ns)    Netlist Resource(s)
  -------------------------------------------------------------------    -------------------
    DSP48E2_X8Y3         DSP_A_B_DATA                 0.000     0.000 r  design_1_i/cnn_accel_top_0/inst/grp_dataflow_parent_loop_proc2_fu_316/dataflow_parent_loop_proc_U0/dataflow_in_loop_Row_Loop_1_U0/load_line_buffer3_U0/mul_64ns_8ns_71_1_1_U114/tmp_product/DSP_A_B_DATA_INST/A2_DATA[5]
                         net (fo=1, routed)           0.000     0.000    design_1_i/cnn_accel_top_0/inst/grp_dataflow_parent_loop_proc2_fu_316/dataflow_parent_loop_proc_U0/dataflow_in_loop_Row_Loop_1_U0/load_line_buffer3_U0/mul_64ns_8ns_71_1_1_U114/tmp_product/DSP_A_B_DATA.A2_DATA<5>
    DSP48E2_X8Y3         DSP_PREADD_DATA (Prop_DSP_PREADD_DATA_DSP48E2_A2_DATA[5]_A2A1[5])
                                                      0.021     0.021 r  design_1_i/cnn_accel_top_0/inst/grp_dataflow_parent_loop_proc2_fu_316/dataflow_parent_loop_proc_U0/dataflow_in_loop_Row_Loop_1_U0/load_line_buffer3_U0/mul_64ns_8ns_71_1_1_U114/tmp_product/DSP_PREADD_DATA_INST/A2A1[5]
                         net (fo=1, routed)           0.000     0.021    design_1_i/cnn_accel_top_0/inst/grp_dataflow_parent_loop_proc2_fu_316/dataflow_parent_loop_proc_U0/dataflow_in_loop_Row_Loop_1_U0/load_line_buffer3_U0/mul_64ns_8ns_71_1_1_U114/tmp_product/DSP_PREADD_DATA.A2A1<5>
    DSP48E2_X8Y3         DSP_MULTIPLIER (Prop_DSP_MULTIPLIER_DSP48E2_A2A1[5]_U[6])
                                                      0.074     0.095 f  design_1_i/cnn_accel_top_0/inst/grp_dataflow_parent_loop_proc2_fu_316/dataflow_parent_loop_proc_U0/dataflow_in_loop_Row_Loop_1_U0/load_line_buffer3_U0/mul_64ns_8ns_71_1_1_U114/tmp_product/DSP_MULTIPLIER_INST/U[6]
                         net (fo=1, routed)           0.000     0.095    design_1_i/cnn_accel_top_0/inst/grp_dataflow_parent_loop_proc2_fu_316/dataflow_parent_loop_proc_U0/dataflow_in_loop_Row_Loop_1_U0/load_line_buffer3_U0/mul_64ns_8ns_71_1_1_U114/tmp_product/DSP_MULTIPLIER.U<6>
    DSP48E2_X8Y3         DSP_M_DATA (Prop_DSP_M_DATA_DSP48E2_U[6]_U_DATA[6])
                                                      0.014     0.109 r  design_1_i/cnn_accel_top_0/inst/grp_dataflow_parent_loop_proc2_fu_316/dataflow_parent_loop_proc_U0/dataflow_in_loop_Row_Loop_1_U0/load_line_buffer3_U0/mul_64ns_8ns_71_1_1_U114/tmp_product/DSP_M_DATA_INST/U_DATA[6]
                         net (fo=1, routed)           0.000     0.109    design_1_i/cnn_accel_top_0/inst/grp_dataflow_parent_loop_proc2_fu_316/dataflow_parent_loop_proc_U0/dataflow_in_loop_Row_Loop_1_U0/load_line_buffer3_U0/mul_64ns_8ns_71_1_1_U114/tmp_product/DSP_M_DATA.U_DATA<6>
    DSP48E2_X8Y3         DSP_ALU (Prop_DSP_ALU_DSP48E2_U_DATA[6]_ALU_OUT[6])
                                                      0.127     0.236 f  design_1_i/cnn_accel_top_0/inst/grp_dataflow_parent_loop_proc2_fu_316/dataflow_parent_loop_proc_U0/dataflow_in_loop_Row_Loop_1_U0/load_line_buffer3_U0/mul_64ns_8ns_71_1_1_U114/tmp_product/DSP_ALU_INST/ALU_OUT[6]
                         net (fo=1, routed)           0.000     0.236    design_1_i/cnn_accel_top_0/inst/grp_dataflow_parent_loop_proc2_fu_316/dataflow_parent_loop_proc_U0/dataflow_in_loop_Row_Loop_1_U0/load_line_buffer3_U0/mul_64ns_8ns_71_1_1_U114/tmp_product/DSP_ALU.ALU_OUT<6>
    DSP48E2_X8Y3         DSP_OUTPUT (Prop_DSP_OUTPUT_DSP48E2_ALU_OUT[6]_P[6])
                                                      0.033     0.269 r  design_1_i/cnn_accel_top_0/inst/grp_dataflow_parent_loop_proc2_fu_316/dataflow_parent_loop_proc_U0/dataflow_in_loop_Row_Loop_1_U0/load_line_buffer3_U0/mul_64ns_8ns_71_1_1_U114/tmp_product/DSP_OUTPUT_INST/P[6]
                         net (fo=1, routed)           0.114     0.383    design_1_i/cnn_accel_top_0/inst/grp_dataflow_parent_loop_proc2_fu_316/dataflow_parent_loop_proc_U0/dataflow_in_loop_Row_Loop_1_U0/load_line_buffer3_U0/mul_64ns_8ns_71_1_1_U114_n_42
    SLICE_X33Y7          FDRE                                         r  design_1_i/cnn_accel_top_0/inst/grp_dataflow_parent_loop_proc2_fu_316/dataflow_parent_loop_proc_U0/dataflow_in_loop_Row_Loop_1_U0/load_line_buffer3_U0/bound5_reg_1138_reg[6]/D
  -------------------------------------------------------------------    -------------------

                         (clock clk_pl_0 rise edge)
                                                      0.000     0.000 r  
    PS8_X0Y0             PS8                          0.000     0.000 r  design_1_i/zynq_ps/inst/PS8_i/PLCLK[0]
                         net (fo=1, routed)           0.164     0.164    design_1_i/zynq_ps/inst/pl_clk_unbuffered[0]
    BUFG_PS_X0Y80        BUFG_PS (Prop_BUFG_PS_I_O)
                                                      0.023     0.187 r  design_1_i/zynq_ps/inst/buffer_pl_clk_0.PL_CLK_0_BUFG/O
    X1Y1 (CLOCK_ROOT)    net (fo=31682, routed)       1.764     1.951    design_1_i/cnn_accel_top_0/inst/grp_dataflow_parent_loop_proc2_fu_316/dataflow_parent_loop_proc_U0/dataflow_in_loop_Row_Loop_1_U0/load_line_buffer3_U0/ap_clk
    SLICE_X33Y7          FDRE                                         r  design_1_i/cnn_accel_top_0/inst/grp_dataflow_parent_loop_proc2_fu_316/dataflow_parent_loop_proc_U0/dataflow_in_loop_Row_Loop_1_U0/load_line_buffer3_U0/bound5_reg_1138_reg[6]/C

Slack:                    inf
  Source:                 design_1_i/cnn_accel_top_0/inst/grp_dataflow_parent_loop_proc2_fu_316/dataflow_parent_loop_proc_U0/dataflow_in_loop_Row_Loop_1_U0/load_line_buffer3_U0/mul_64ns_8ns_71_1_1_U114/tmp_product/DSP_A_B_DATA_INST/A2_DATA[9]
                            (internal pin)
  Destination:            design_1_i/cnn_accel_top_0/inst/grp_dataflow_parent_loop_proc2_fu_316/dataflow_parent_loop_proc_U0/dataflow_in_loop_Row_Loop_1_U0/load_line_buffer3_U0/bound5_reg_1138_reg[10]/D
                            (rising edge-triggered cell FDRE clocked by clk_pl_0  {rise@0.000ns fall@3.500ns period=7.000ns})
  Path Group:             (none)
  Path Type:              Hold (Min at Fast Process Corner)
  Data Path Delay:        0.386ns  (logic 0.269ns (69.689%)  route 0.117ns (30.311%))
  Logic Levels:           5  (DSP_ALU=1 DSP_M_DATA=1 DSP_MULTIPLIER=1 DSP_OUTPUT=1 DSP_PREADD_DATA=1)
  Clock Uncertainty:      0.140ns  ((TSJ^2 + DJ^2)^1/2) / 2 + PE
    Total System Jitter     (TSJ):    0.050ns
    Discrete Jitter          (DJ):    0.276ns
    Phase Error              (PE):    0.000ns
  Clock Net Delay (Destination): 1.764ns (routing 0.971ns, distribution 0.793ns)

    Location             Delay type                Incr(ns)  Path(ns)    Netlist Resource(s)
  -------------------------------------------------------------------    -------------------
    DSP48E2_X8Y3         DSP_A_B_DATA                 0.000     0.000 r  design_1_i/cnn_accel_top_0/inst/grp_dataflow_parent_loop_proc2_fu_316/dataflow_parent_loop_proc_U0/dataflow_in_loop_Row_Loop_1_U0/load_line_buffer3_U0/mul_64ns_8ns_71_1_1_U114/tmp_product/DSP_A_B_DATA_INST/A2_DATA[9]
                         net (fo=1, routed)           0.000     0.000    design_1_i/cnn_accel_top_0/inst/grp_dataflow_parent_loop_proc2_fu_316/dataflow_parent_loop_proc_U0/dataflow_in_loop_Row_Loop_1_U0/load_line_buffer3_U0/mul_64ns_8ns_71_1_1_U114/tmp_product/DSP_A_B_DATA.A2_DATA<9>
    DSP48E2_X8Y3         DSP_PREADD_DATA (Prop_DSP_PREADD_DATA_DSP48E2_A2_DATA[9]_A2A1[9])
                                                      0.021     0.021 r  design_1_i/cnn_accel_top_0/inst/grp_dataflow_parent_loop_proc2_fu_316/dataflow_parent_loop_proc_U0/dataflow_in_loop_Row_Loop_1_U0/load_line_buffer3_U0/mul_64ns_8ns_71_1_1_U114/tmp_product/DSP_PREADD_DATA_INST/A2A1[9]
                         net (fo=1, routed)           0.000     0.021    design_1_i/cnn_accel_top_0/inst/grp_dataflow_parent_loop_proc2_fu_316/dataflow_parent_loop_proc_U0/dataflow_in_loop_Row_Loop_1_U0/load_line_buffer3_U0/mul_64ns_8ns_71_1_1_U114/tmp_product/DSP_PREADD_DATA.A2A1<9>
    DSP48E2_X8Y3         DSP_MULTIPLIER (Prop_DSP_MULTIPLIER_DSP48E2_A2A1[9]_U[10])
                                                      0.074     0.095 f  design_1_i/cnn_accel_top_0/inst/grp_dataflow_parent_loop_proc2_fu_316/dataflow_parent_loop_proc_U0/dataflow_in_loop_Row_Loop_1_U0/load_line_buffer3_U0/mul_64ns_8ns_71_1_1_U114/tmp_product/DSP_MULTIPLIER_INST/U[10]
                         net (fo=1, routed)           0.000     0.095    design_1_i/cnn_accel_top_0/inst/grp_dataflow_parent_loop_proc2_fu_316/dataflow_parent_loop_proc_U0/dataflow_in_loop_Row_Loop_1_U0/load_line_buffer3_U0/mul_64ns_8ns_71_1_1_U114/tmp_product/DSP_MULTIPLIER.U<10>
    DSP48E2_X8Y3         DSP_M_DATA (Prop_DSP_M_DATA_DSP48E2_U[10]_U_DATA[10])
                                                      0.014     0.109 r  design_1_i/cnn_accel_top_0/inst/grp_dataflow_parent_loop_proc2_fu_316/dataflow_parent_loop_proc_U0/dataflow_in_loop_Row_Loop_1_U0/load_line_buffer3_U0/mul_64ns_8ns_71_1_1_U114/tmp_product/DSP_M_DATA_INST/U_DATA[10]
                         net (fo=1, routed)           0.000     0.109    design_1_i/cnn_accel_top_0/inst/grp_dataflow_parent_loop_proc2_fu_316/dataflow_parent_loop_proc_U0/dataflow_in_loop_Row_Loop_1_U0/load_line_buffer3_U0/mul_64ns_8ns_71_1_1_U114/tmp_product/DSP_M_DATA.U_DATA<10>
    DSP48E2_X8Y3         DSP_ALU (Prop_DSP_ALU_DSP48E2_U_DATA[10]_ALU_OUT[10])
                                                      0.127     0.236 f  design_1_i/cnn_accel_top_0/inst/grp_dataflow_parent_loop_proc2_fu_316/dataflow_parent_loop_proc_U0/dataflow_in_loop_Row_Loop_1_U0/load_line_buffer3_U0/mul_64ns_8ns_71_1_1_U114/tmp_product/DSP_ALU_INST/ALU_OUT[10]
                         net (fo=1, routed)           0.000     0.236    design_1_i/cnn_accel_top_0/inst/grp_dataflow_parent_loop_proc2_fu_316/dataflow_parent_loop_proc_U0/dataflow_in_loop_Row_Loop_1_U0/load_line_buffer3_U0/mul_64ns_8ns_71_1_1_U114/tmp_product/DSP_ALU.ALU_OUT<10>
    DSP48E2_X8Y3         DSP_OUTPUT (Prop_DSP_OUTPUT_DSP48E2_ALU_OUT[10]_P[10])
                                                      0.033     0.269 r  design_1_i/cnn_accel_top_0/inst/grp_dataflow_parent_loop_proc2_fu_316/dataflow_parent_loop_proc_U0/dataflow_in_loop_Row_Loop_1_U0/load_line_buffer3_U0/mul_64ns_8ns_71_1_1_U114/tmp_product/DSP_OUTPUT_INST/P[10]
                         net (fo=1, routed)           0.117     0.386    design_1_i/cnn_accel_top_0/inst/grp_dataflow_parent_loop_proc2_fu_316/dataflow_parent_loop_proc_U0/dataflow_in_loop_Row_Loop_1_U0/load_line_buffer3_U0/mul_64ns_8ns_71_1_1_U114_n_38
    SLICE_X33Y7          FDRE                                         r  design_1_i/cnn_accel_top_0/inst/grp_dataflow_parent_loop_proc2_fu_316/dataflow_parent_loop_proc_U0/dataflow_in_loop_Row_Loop_1_U0/load_line_buffer3_U0/bound5_reg_1138_reg[10]/D
  -------------------------------------------------------------------    -------------------

                         (clock clk_pl_0 rise edge)
                                                      0.000     0.000 r  
    PS8_X0Y0             PS8                          0.000     0.000 r  design_1_i/zynq_ps/inst/PS8_i/PLCLK[0]
                         net (fo=1, routed)           0.164     0.164    design_1_i/zynq_ps/inst/pl_clk_unbuffered[0]
    BUFG_PS_X0Y80        BUFG_PS (Prop_BUFG_PS_I_O)
                                                      0.023     0.187 r  design_1_i/zynq_ps/inst/buffer_pl_clk_0.PL_CLK_0_BUFG/O
    X1Y1 (CLOCK_ROOT)    net (fo=31682, routed)       1.764     1.951    design_1_i/cnn_accel_top_0/inst/grp_dataflow_parent_loop_proc2_fu_316/dataflow_parent_loop_proc_U0/dataflow_in_loop_Row_Loop_1_U0/load_line_buffer3_U0/ap_clk
    SLICE_X33Y7          FDRE                                         r  design_1_i/cnn_accel_top_0/inst/grp_dataflow_parent_loop_proc2_fu_316/dataflow_parent_loop_proc_U0/dataflow_in_loop_Row_Loop_1_U0/load_line_buffer3_U0/bound5_reg_1138_reg[10]/C

Slack:                    inf
  Source:                 design_1_i/cnn_accel_top_0/inst/grp_dataflow_parent_loop_proc2_fu_316/dataflow_parent_loop_proc_U0/dataflow_in_loop_Row_Loop_1_U0/load_line_buffer3_U0/mul_64ns_8ns_71_1_1_U114/tmp_product/DSP_A_B_DATA_INST/A2_DATA[8]
                            (internal pin)
  Destination:            design_1_i/cnn_accel_top_0/inst/grp_dataflow_parent_loop_proc2_fu_316/dataflow_parent_loop_proc_U0/dataflow_in_loop_Row_Loop_1_U0/load_line_buffer3_U0/bound5_reg_1138_reg[9]/D
                            (rising edge-triggered cell FDRE clocked by clk_pl_0  {rise@0.000ns fall@3.500ns period=7.000ns})
  Path Group:             (none)
  Path Type:              Hold (Min at Fast Process Corner)
  Data Path Delay:        0.390ns  (logic 0.269ns (68.974%)  route 0.121ns (31.026%))
  Logic Levels:           5  (DSP_ALU=1 DSP_M_DATA=1 DSP_MULTIPLIER=1 DSP_OUTPUT=1 DSP_PREADD_DATA=1)
  Clock Uncertainty:      0.140ns  ((TSJ^2 + DJ^2)^1/2) / 2 + PE
    Total System Jitter     (TSJ):    0.050ns
    Discrete Jitter          (DJ):    0.276ns
    Phase Error              (PE):    0.000ns
  Clock Net Delay (Destination): 1.764ns (routing 0.971ns, distribution 0.793ns)

    Location             Delay type                Incr(ns)  Path(ns)    Netlist Resource(s)
  -------------------------------------------------------------------    -------------------
    DSP48E2_X8Y3         DSP_A_B_DATA                 0.000     0.000 r  design_1_i/cnn_accel_top_0/inst/grp_dataflow_parent_loop_proc2_fu_316/dataflow_parent_loop_proc_U0/dataflow_in_loop_Row_Loop_1_U0/load_line_buffer3_U0/mul_64ns_8ns_71_1_1_U114/tmp_product/DSP_A_B_DATA_INST/A2_DATA[8]
                         net (fo=1, routed)           0.000     0.000    design_1_i/cnn_accel_top_0/inst/grp_dataflow_parent_loop_proc2_fu_316/dataflow_parent_loop_proc_U0/dataflow_in_loop_Row_Loop_1_U0/load_line_buffer3_U0/mul_64ns_8ns_71_1_1_U114/tmp_product/DSP_A_B_DATA.A2_DATA<8>
    DSP48E2_X8Y3         DSP_PREADD_DATA (Prop_DSP_PREADD_DATA_DSP48E2_A2_DATA[8]_A2A1[8])
                                                      0.021     0.021 r  design_1_i/cnn_accel_top_0/inst/grp_dataflow_parent_loop_proc2_fu_316/dataflow_parent_loop_proc_U0/dataflow_in_loop_Row_Loop_1_U0/load_line_buffer3_U0/mul_64ns_8ns_71_1_1_U114/tmp_product/DSP_PREADD_DATA_INST/A2A1[8]
                         net (fo=1, routed)           0.000     0.021    design_1_i/cnn_accel_top_0/inst/grp_dataflow_parent_loop_proc2_fu_316/dataflow_parent_loop_proc_U0/dataflow_in_loop_Row_Loop_1_U0/load_line_buffer3_U0/mul_64ns_8ns_71_1_1_U114/tmp_product/DSP_PREADD_DATA.A2A1<8>
    DSP48E2_X8Y3         DSP_MULTIPLIER (Prop_DSP_MULTIPLIER_DSP48E2_A2A1[8]_U[9])
                                                      0.074     0.095 f  design_1_i/cnn_accel_top_0/inst/grp_dataflow_parent_loop_proc2_fu_316/dataflow_parent_loop_proc_U0/dataflow_in_loop_Row_Loop_1_U0/load_line_buffer3_U0/mul_64ns_8ns_71_1_1_U114/tmp_product/DSP_MULTIPLIER_INST/U[9]
                         net (fo=1, routed)           0.000     0.095    design_1_i/cnn_accel_top_0/inst/grp_dataflow_parent_loop_proc2_fu_316/dataflow_parent_loop_proc_U0/dataflow_in_loop_Row_Loop_1_U0/load_line_buffer3_U0/mul_64ns_8ns_71_1_1_U114/tmp_product/DSP_MULTIPLIER.U<9>
    DSP48E2_X8Y3         DSP_M_DATA (Prop_DSP_M_DATA_DSP48E2_U[9]_U_DATA[9])
                                                      0.014     0.109 r  design_1_i/cnn_accel_top_0/inst/grp_dataflow_parent_loop_proc2_fu_316/dataflow_parent_loop_proc_U0/dataflow_in_loop_Row_Loop_1_U0/load_line_buffer3_U0/mul_64ns_8ns_71_1_1_U114/tmp_product/DSP_M_DATA_INST/U_DATA[9]
                         net (fo=1, routed)           0.000     0.109    design_1_i/cnn_accel_top_0/inst/grp_dataflow_parent_loop_proc2_fu_316/dataflow_parent_loop_proc_U0/dataflow_in_loop_Row_Loop_1_U0/load_line_buffer3_U0/mul_64ns_8ns_71_1_1_U114/tmp_product/DSP_M_DATA.U_DATA<9>
    DSP48E2_X8Y3         DSP_ALU (Prop_DSP_ALU_DSP48E2_U_DATA[9]_ALU_OUT[9])
                                                      0.127     0.236 f  design_1_i/cnn_accel_top_0/inst/grp_dataflow_parent_loop_proc2_fu_316/dataflow_parent_loop_proc_U0/dataflow_in_loop_Row_Loop_1_U0/load_line_buffer3_U0/mul_64ns_8ns_71_1_1_U114/tmp_product/DSP_ALU_INST/ALU_OUT[9]
                         net (fo=1, routed)           0.000     0.236    design_1_i/cnn_accel_top_0/inst/grp_dataflow_parent_loop_proc2_fu_316/dataflow_parent_loop_proc_U0/dataflow_in_loop_Row_Loop_1_U0/load_line_buffer3_U0/mul_64ns_8ns_71_1_1_U114/tmp_product/DSP_ALU.ALU_OUT<9>
    DSP48E2_X8Y3         DSP_OUTPUT (Prop_DSP_OUTPUT_DSP48E2_ALU_OUT[9]_P[9])
                                                      0.033     0.269 r  design_1_i/cnn_accel_top_0/inst/grp_dataflow_parent_loop_proc2_fu_316/dataflow_parent_loop_proc_U0/dataflow_in_loop_Row_Loop_1_U0/load_line_buffer3_U0/mul_64ns_8ns_71_1_1_U114/tmp_product/DSP_OUTPUT_INST/P[9]
                         net (fo=1, routed)           0.121     0.390    design_1_i/cnn_accel_top_0/inst/grp_dataflow_parent_loop_proc2_fu_316/dataflow_parent_loop_proc_U0/dataflow_in_loop_Row_Loop_1_U0/load_line_buffer3_U0/mul_64ns_8ns_71_1_1_U114_n_39
    SLICE_X33Y7          FDRE                                         r  design_1_i/cnn_accel_top_0/inst/grp_dataflow_parent_loop_proc2_fu_316/dataflow_parent_loop_proc_U0/dataflow_in_loop_Row_Loop_1_U0/load_line_buffer3_U0/bound5_reg_1138_reg[9]/D
  -------------------------------------------------------------------    -------------------

                         (clock clk_pl_0 rise edge)
                                                      0.000     0.000 r  
    PS8_X0Y0             PS8                          0.000     0.000 r  design_1_i/zynq_ps/inst/PS8_i/PLCLK[0]
                         net (fo=1, routed)           0.164     0.164    design_1_i/zynq_ps/inst/pl_clk_unbuffered[0]
    BUFG_PS_X0Y80        BUFG_PS (Prop_BUFG_PS_I_O)
                                                      0.023     0.187 r  design_1_i/zynq_ps/inst/buffer_pl_clk_0.PL_CLK_0_BUFG/O
    X1Y1 (CLOCK_ROOT)    net (fo=31682, routed)       1.764     1.951    design_1_i/cnn_accel_top_0/inst/grp_dataflow_parent_loop_proc2_fu_316/dataflow_parent_loop_proc_U0/dataflow_in_loop_Row_Loop_1_U0/load_line_buffer3_U0/ap_clk
    SLICE_X33Y7          FDRE                                         r  design_1_i/cnn_accel_top_0/inst/grp_dataflow_parent_loop_proc2_fu_316/dataflow_parent_loop_proc_U0/dataflow_in_loop_Row_Loop_1_U0/load_line_buffer3_U0/bound5_reg_1138_reg[9]/C

Slack:                    inf
  Source:                 design_1_i/cnn_accel_top_0/inst/grp_global_avg_pool_fu_384/mul_8ns_8ns_16_1_1_U1128/tmp_product/DSP_A_B_DATA_INST/B2_DATA[13]
                            (internal pin)
  Destination:            design_1_i/cnn_accel_top_0/inst/grp_global_avg_pool_fu_384/trunc_ln724_reg_4791_reg[14]/D
                            (rising edge-triggered cell FDRE clocked by clk_pl_0  {rise@0.000ns fall@3.500ns period=7.000ns})
  Path Group:             (none)
  Path Type:              Hold (Min at Fast Process Corner)
  Data Path Delay:        0.396ns  (logic 0.280ns (70.620%)  route 0.116ns (29.380%))
  Logic Levels:           5  (DSP_ALU=1 DSP_M_DATA=1 DSP_MULTIPLIER=1 DSP_OUTPUT=1 DSP_PREADD_DATA=1)
  Clock Uncertainty:      0.140ns  ((TSJ^2 + DJ^2)^1/2) / 2 + PE
    Total System Jitter     (TSJ):    0.050ns
    Discrete Jitter          (DJ):    0.276ns
    Phase Error              (PE):    0.000ns
  Clock Net Delay (Destination): 1.763ns (routing 0.971ns, distribution 0.792ns)

    Location             Delay type                Incr(ns)  Path(ns)    Netlist Resource(s)
  -------------------------------------------------------------------    -------------------
    DSP48E2_X7Y3         DSP_A_B_DATA                 0.000     0.000 r  design_1_i/cnn_accel_top_0/inst/grp_global_avg_pool_fu_384/mul_8ns_8ns_16_1_1_U1128/tmp_product/DSP_A_B_DATA_INST/B2_DATA[13]
                         net (fo=1, routed)           0.000     0.000    design_1_i/cnn_accel_top_0/inst/grp_global_avg_pool_fu_384/mul_8ns_8ns_16_1_1_U1128/tmp_product/DSP_A_B_DATA.B2_DATA<13>
    DSP48E2_X7Y3         DSP_PREADD_DATA (Prop_DSP_PREADD_DATA_DSP48E2_B2_DATA[13]_B2B1[13])
                                                      0.022     0.022 r  design_1_i/cnn_accel_top_0/inst/grp_global_avg_pool_fu_384/mul_8ns_8ns_16_1_1_U1128/tmp_product/DSP_PREADD_DATA_INST/B2B1[13]
                         net (fo=1, routed)           0.000     0.022    design_1_i/cnn_accel_top_0/inst/grp_global_avg_pool_fu_384/mul_8ns_8ns_16_1_1_U1128/tmp_product/DSP_PREADD_DATA.B2B1<13>
    DSP48E2_X7Y3         DSP_MULTIPLIER (Prop_DSP_MULTIPLIER_DSP48E2_B2B1[13]_U[14])
                                                      0.084     0.106 f  design_1_i/cnn_accel_top_0/inst/grp_global_avg_pool_fu_384/mul_8ns_8ns_16_1_1_U1128/tmp_product/DSP_MULTIPLIER_INST/U[14]
                         net (fo=1, routed)           0.000     0.106    design_1_i/cnn_accel_top_0/inst/grp_global_avg_pool_fu_384/mul_8ns_8ns_16_1_1_U1128/tmp_product/DSP_MULTIPLIER.U<14>
    DSP48E2_X7Y3         DSP_M_DATA (Prop_DSP_M_DATA_DSP48E2_U[14]_U_DATA[14])
                                                      0.014     0.120 r  design_1_i/cnn_accel_top_0/inst/grp_global_avg_pool_fu_384/mul_8ns_8ns_16_1_1_U1128/tmp_product/DSP_M_DATA_INST/U_DATA[14]
                         net (fo=1, routed)           0.000     0.120    design_1_i/cnn_accel_top_0/inst/grp_global_avg_pool_fu_384/mul_8ns_8ns_16_1_1_U1128/tmp_product/DSP_M_DATA.U_DATA<14>
    DSP48E2_X7Y3         DSP_ALU (Prop_DSP_ALU_DSP48E2_U_DATA[14]_ALU_OUT[14])
                                                      0.127     0.247 f  design_1_i/cnn_accel_top_0/inst/grp_global_avg_pool_fu_384/mul_8ns_8ns_16_1_1_U1128/tmp_product/DSP_ALU_INST/ALU_OUT[14]
                         net (fo=1, routed)           0.000     0.247    design_1_i/cnn_accel_top_0/inst/grp_global_avg_pool_fu_384/mul_8ns_8ns_16_1_1_U1128/tmp_product/DSP_ALU.ALU_OUT<14>
    DSP48E2_X7Y3         DSP_OUTPUT (Prop_DSP_OUTPUT_DSP48E2_ALU_OUT[14]_P[14])
                                                      0.033     0.280 r  design_1_i/cnn_accel_top_0/inst/grp_global_avg_pool_fu_384/mul_8ns_8ns_16_1_1_U1128/tmp_product/DSP_OUTPUT_INST/P[14]
                         net (fo=2, routed)           0.116     0.396    design_1_i/cnn_accel_top_0/inst/grp_global_avg_pool_fu_384/mul_8ns_8ns_16_1_1_U1128_n_3
    SLICE_X31Y7          FDRE                                         r  design_1_i/cnn_accel_top_0/inst/grp_global_avg_pool_fu_384/trunc_ln724_reg_4791_reg[14]/D
  -------------------------------------------------------------------    -------------------

                         (clock clk_pl_0 rise edge)
                                                      0.000     0.000 r  
    PS8_X0Y0             PS8                          0.000     0.000 r  design_1_i/zynq_ps/inst/PS8_i/PLCLK[0]
                         net (fo=1, routed)           0.164     0.164    design_1_i/zynq_ps/inst/pl_clk_unbuffered[0]
    BUFG_PS_X0Y80        BUFG_PS (Prop_BUFG_PS_I_O)
                                                      0.023     0.187 r  design_1_i/zynq_ps/inst/buffer_pl_clk_0.PL_CLK_0_BUFG/O
    X1Y1 (CLOCK_ROOT)    net (fo=31682, routed)       1.763     1.950    design_1_i/cnn_accel_top_0/inst/grp_global_avg_pool_fu_384/ap_clk
    SLICE_X31Y7          FDRE                                         r  design_1_i/cnn_accel_top_0/inst/grp_global_avg_pool_fu_384/trunc_ln724_reg_4791_reg[14]/C





